time,phase,speed,turn,gait,FL_phase,FL_state,FL_dx,FL_dy,FL_dz,FL_foot_x,FL_foot_y,FL_foot_z,FL_shldr_deg,FL_shldr_raw,FL_shldr_actual,FL_femur_deg,FL_femur_raw,FL_femur_actual,FL_tibia_deg,FL_tibia_raw,FL_tibia_actual,FR_phase,FR_state,FR_dx,FR_dy,FR_dz,FR_foot_x,FR_foot_y,FR_foot_z,FR_shldr_deg,FR_shldr_raw,FR_shldr_actual,FR_femur_deg,FR_femur_raw,FR_femur_actual,FR_tibia_deg,FR_tibia_raw,FR_tibia_actual,RL_phase,RL_state,RL_dx,RL_dy,RL_dz,RL_foot_x,RL_foot_y,RL_foot_z,RL_shldr_deg,RL_shldr_raw,RL_shldr_actual,RL_femur_deg,RL_femur_raw,RL_femur_actual,RL_tibia_deg,RL_tibia_raw,RL_tibia_actual,RR_phase,RR_state,RR_dx,RR_dy,RR_dz,RR_foot_x,RR_foot_y,RR_foot_z,RR_shldr_deg,RR_shldr_raw,RR_shldr_actual,RR_femur_deg,RR_femur_raw,RR_femur_actual,RR_tibia_deg,RR_tibia_raw,RR_tibia_actual
3.523,0.0,0.08,0.0,walk,0.25,stance,1.6,0.0,0.0,26.6,5.0,-130.0,85.05,221,219,82.17,792,785,-115.1,119,115,0.75,swing,-3.2,0.0,0.0,21.8,-5.0,-130.0,85.05,802,801,79.6,240,239,-116.55,909,906,0.0,stance,3.2,0.0,-0.0,-4.8,5.0,-130.0,85.05,802,803,60.7,305,305,-119.42,762,756,0.5,stance,-1.6,0.0,0.0,-9.6,-5.0,-130.0,85.05,527,524,56.67,688,689,-118.98,273,275
3.732,0.008,0.15,0.0,walk,0.258,stance,2.89,0.0,0.0,27.89,5.0,-130.0,85.05,221,-1,82.81,794,-1,-114.66,121,-1,0.758,swing,-6.11,0.0,1.51,18.89,-5.0,-128.49,85.05,802,-1,79.0,242,-1,-118.66,916,-1,0.008,stance,6.14,0.0,-0.33,-1.86,5.0,-130.33,85.05,802,-1,62.92,297,-1,-119.24,761,-1,0.508,stance,-3.25,0.0,0.0,-11.25,-5.0,-130.0,85.05,527,-1,55.25,683,-1,-118.76,274,-1
3.752,0.016,0.22,0.0,walk,0.266,stance,3.9,0.0,0.0,28.9,5.0,-130.0,85.05,221,-1,83.3,796,-1,-114.31,122,-1,0.766,swing,-8.67,0.0,3.0,16.33,-5.0,-127.0,85.05,802,-1,78.47,244,-1,-120.59,923,-1,0.016,stance,8.83,0.0,-0.66,0.83,5.0,-130.66,85.05,802,-1,64.88,290,-1,-118.95,760,-1,0.516,stance,-4.93,0.0,0.0,-12.93,-5.0,-130.0,85.05,527,-1,53.8,678,-1,-118.5,275,-1
3.772,0.024,0.28,0.0,walk,0.274,stance,4.66,0.0,0.0,29.66,5.0,-130.0,85.05,221,-1,83.66,797,-1,-114.03,123,-1,0.774,swing,-10.83,0.0,4.46,14.17,-5.0,-125.54,85.05,802,-1,78.06,245,-1,-122.34,929,-1,0.024,stance,11.29,0.0,-0.96,3.29,5.0,-130.96,85.05,802,-1,66.59,284,-1,-118.6,759,-1,0.524,stance,-6.63,0.0,0.0,-14.63,-5.0,-130.0,85.05,527,-1,52.32,673,-1,-118.2,276,-1
3.792,0.032,0.34,0.0,walk,0.282,stance,5.18,0.0,0.0,30.18,5.0,-130.0,85.05,221,-1,83.9,798,-1,-113.84,123,-1,0.782,swing,-12.55,0.0,5.87,12.45,-5.0,-124.13,85.05,802,-1,77.84,246,-1,-123.92,934,-1,0.032,stance,13.51,0.0,-1.24,5.51,5.0,-131.24,85.05,802,-1,68.08,279,-1,-118.22,758,-1,0.532,stance,-8.34,0.0,0.0,-16.34,-5.0,-130.0,85.05,527,-1,50.83,668,-1,-117.86,277,-1
3.812,0.04,0.39,0.0,walk,0.29,stance,5.49,0.0,0.0,30.49,5.0,-130.0,85.05,221,220,84.04,798,793,-113.73,124,123,0.79,swing,-13.8,0.0,7.23,11.2,-5.0,-122.77,85.05,802,801,77.86,246,246,-125.34,939,924,0.04,stance,15.53,0.0,-1.49,7.53,5.0,-131.49,85.05,802,801,69.38,275,273,-117.82,756,756,0.54,stance,-10.04,0.0,0.0,-18.04,-5.0,-130.0,85.05,527,524,49.33,663,658,-117.49,278,276
4.032,0.048,0.44,0.0,walk,0.298,stance,5.61,0.0,0.0,30.61,5.0,-130.0,85.05,221,-1,84.09,798,-1,-113.68,124,-1,0.798,swing,-14.57,0.0,8.51,10.43,-5.0,-121.49,85.05,802,-1,78.16,245,-1,-126.6,943,-1,0.048,stance,17.33,0.0,-1.69,9.33,5.0,-131.69,85.05,802,-1,70.52,271,-1,-117.44,755,-1,0.548,stance,-11.72,0.0,0.0,-19.72,-5.0,-130.0,85.05,527,-1,47.84,658,-1,-117.09,279,-1
4.052,0.056,0.49,0.0,walk,0.306,stance,5.55,0.0,0.0,30.55,5.0,-130.0,85.05,221,-1,84.07,798,-1,-113.7,124,-1,0.806,swing,-14.85,0.0,9.71,10.15,-5.0,-120.29,85.05,802,-1,78.77,243,-1,-127.71,947,-1,0.056,stance,18.94,0.0,-1.84,10.94,5.0,-131.84,85.05,802,-1,71.52,268,-1,-117.09,754,-1,0.556,stance,-13.39,0.0,0.0,-21.39,-5.0,-130.0,85.05,527,-1,46.37,653,-1,-116.66,281,-1
4.072,0.064,0.53,0.0,walk,0.314,stance,5.34,0.0,0.0,30.34,5.0,-130.0,85.05,221,-1,83.97,798,-1,-113.78,123,-1,0.814,swing,-14.65,0.0,10.8,10.35,-5.0,-119.2,85.05,802,-1,79.71,240,-1,-128.65,950,-1,0.064,stance,20.36,0.0,-1.95,12.36,5.0,-131.95,85.05,802,-1,72.4,265,-1,-116.78,753,-1,0.564,stance,-15.02,0.0,0.0,-23.02,-5.0,-130.0,85.05,527,-1,44.92,648,-1,-116.2,282,-1
4.092,0.072,0.57,0.0,walk,0.322,stance,4.98,0.0,0.0,29.98,5.0,-130.0,85.05,221,-1,83.81,797,-1,-113.92,123,-1,0.822,swing,-13.98,0.0,11.79,11.02,-5.0,-118.21,85.05,802,-1,80.96,235,-1,-129.42,953,-1,0.072,stance,21.6,0.0,-2.0,13.6,5.0,-132.0,85.05,802,-1,73.18,262,-1,-116.53,752,-1,0.572,stance,-16.62,0.0,0.0,-24.62,-5.0,-130.0,85.05,527,-1,43.49,643,-1,-115.73,284,-1
4.122,0.08,0.6,0.0,walk,0.33,stance,4.5,0.0,0.0,29.5,5.0,-130.0,85.05,221,219,83.58,797,795,-114.09,122,122,0.83,swing,-12.87,0.0,12.66,12.13,-5.0,-117.34,85.05,802,801,82.5,230,230,-129.99,955,928,0.08,stance,22.68,0.0,-1.99,14.68,5.0,-131.99,85.05,802,802,73.87,260,261,-116.35,751,751,0.58,stance,-18.18,0.0,0.0,-26.18,-5.0,-130.0,85.05,527,524,42.11,638,636,-115.23,286,285
4.342,0.088,0.63,0.0,walk,0.338,stance,3.9,0.0,0.0,28.9,5.0,-130.0,85.05,221,-1,83.3,796,-1,-114.31,122,-1,0.838,swing,-11.34,0.0,13.41,13.66,-5.0,-116.59,85.05,802,-1,84.29,224,-1,-130.35,956,-1,0.088,stance,23.59,0.0,-1.93,15.59,5.0,-131.93,85.05,802,-1,74.49,257,-1,-116.23,751,-1,0.588,stance,-19.69,0.0,0.0,-27.69,-5.0,-130.0,85.05,527,-1,40.76,633,-1,-114.73,287,-1
4.362,0.096,0.66,0.0,walk,0.346,stance,3.21,0.0,0.0,28.21,5.0,-130.0,85.05,221,-1,82.97,794,-1,-114.55,121,-1,0.846,swing,-9.43,0.0,14.01,15.57,-5.0,-115.99,85.05,802,-1,86.26,217,-1,-130.46,956,-1,0.096,stance,24.36,0.0,-1.81,16.36,5.0,-131.81,85.05,802,-1,75.05,256,-1,-116.19,751,-1,0.596,stance,-21.15,0.0,0.0,-29.15,-5.0,-130.0,85.05,527,-1,39.46,629,-1,-114.22,289,-1
4.382,0.104,0.69,0.0,walk,0.354,stance,2.42,0.0,0.0,27.42,5.0,-130.0,85.05,221,-1,82.58,793,-1,-114.82,120,-1,0.854,swing,-7.19,0.0,14.48,17.81,-5.0,-115.52,85.05,802,-1,88.34,210,-1,-130.31,956,-1,0.104,stance,24.98,0.0,-1.64,16.98,5.0,-131.64,85.05,802,-1,75.55,254,-1,-116.21,751,-1,0.604,stance,-22.56,0.0,0.0,-30.56,-5.0,-130.0,85.05,527,-1,38.2,625,-1,-113.7,291,-1
4.402,0.112,0.71,0.0,walk,0.362,stance,1.55,0.0,0.0,26.55,5.0,-130.0,85.05,221,-1,82.15,792,-1,-115.11,119,-1,0.862,swing,-4.64,0.0,14.8,20.36,-5.0,-115.2,85.05,802,-1,90.43,203,-1,-129.87,954,-1,0.112,stance,25.46,0.0,-1.43,17.46,5.0,-131.43,85.05,802,-1,76.0,252,-1,-116.31,751,-1,0.612,stance,-23.91,0.0,0.0,-31.91,-5.0,-130.0,85.05,527,-1,37.0,621,-1,-113.18,293,-1
4.422,0.12,0.74,0.0,walk,0.37,stance,0.62,0.0,0.0,25.62,5.0,-130.0,85.05,221,219,81.67,790,792,-115.42,118,120,0.87,swing,-1.85,0.0,14.97,23.15,-5.0,-115.03,85.05,802,800,92.46,196,196,-129.12,952,928,0.12,stance,25.82,0.0,-1.18,17.82,5.0,-131.18,85.05,802,801,76.4,251,252,-116.46,752,751,0.62,stance,-25.2,0.0,0.0,-33.2,-5.0,-130.0,85.05,527,524,35.85,617,614,-112.67,294,292
4.632,0.128,0.76,0.0,walk,0.378,stance,-0.38,0.0,0.0,24.62,5.0,-130.0,85.05,221,-1,81.14,788,-1,-115.73,117,-1,0.878,swing,1.14,0.0,15.0,26.14,-5.0,-115.0,85.05,802,-1,94.34,190,-1,-128.09,948,-1,0.128,stance,26.05,0.0,-0.89,18.05,5.0,-130.89,85.05,802,-1,76.75,250,-1,-116.67,752,-1,0.628,stance,-26.44,0.0,0.0,-34.44,-5.0,-130.0,85.05,527,-1,34.75,613,-1,-112.16,296,-1
4.652,0.136,0.78,0.0,walk,0.386,stance,-1.43,0.0,0.0,23.57,5.0,-130.0,85.05,221,-1,80.58,786,-1,-116.04,116,-1,0.886,swing,4.28,0.0,15.0,29.28,-5.0,-115.0,85.05,802,-1,96.12,184,-1,-126.85,944,-1,0.136,stance,26.17,0.0,-0.58,18.17,5.0,-130.58,85.05,802,-1,77.04,249,-1,-116.93,753,-1,0.636,stance,-27.61,0.0,0.0,-35.61,-5.0,-130.0,85.05,527,-1,33.71,609,-1,-111.67,298,-1
4.672,0.144,0.79,0.0,walk,0.394,stance,-2.53,0.0,0.0,22.47,5.0,-130.0,85.05,221,-1,79.98,784,-1,-116.36,115,-1,0.894,swing,7.52,0.0,15.0,32.52,-5.0,-115.0,85.05,802,-1,97.77,178,-1,-125.46,939,-1,0.144,stance,26.18,0.0,-0.25,18.18,5.0,-130.25,85.05,802,-1,77.29,248,-1,-117.23,754,-1,0.644,stance,-28.71,0.0,0.0,-36.71,-5.0,-130.0,85.05,527,-1,32.73,606,-1,-111.18,299,-1
4.692,0.152,0.81,0.0,walk,0.402,stance,-3.66,0.0,0.0,21.34,5.0,-130.0,85.05,221,-1,79.33,782,-1,-116.67,114,-1,0.902,swing,10.8,0.0,15.0,35.8,-5.0,-115.0,85.05,802,-1,99.25,173,-1,-123.93,934,-1,0.152,stance,26.09,0.0,0.0,18.09,5.0,-130.0,85.05,802,-1,77.42,248,-1,-117.48,755,-1,0.652,stance,-29.76,0.0,0.0,-37.76,-5.0,-130.0,85.05,527,-1,31.81,603,-1,-110.72,301,-1
4.712,0.16,0.83,0.0,walk,0.41,stance,-4.83,0.0,0.0,20.17,5.0,-130.0,85.05,221,218,78.66,780,780,-116.98,113,112,0.91,swing,14.07,0.0,15.0,39.07,-5.0,-115.0,85.05,802,-1,100.55,169,166,-122.29,929,923,0.16,stance,25.91,0.0,0.0,17.91,5.0,-130.0,85.05,802,801,77.3,248,-1,-117.52,755,752,0.66,stance,-30.73,0.0,0.0,-38.73,-5.0,-130.0,85.05,527,524,30.95,600,597,-110.27,303,301
4.922,0.168,0.84,0.0,walk,0.418,stance,-6.02,0.0,0.0,18.98,5.0,-130.0,85.05,221,-1,77.95,777,-1,-117.27,112,-1,0.918,swing,17.29,0.0,15.0,42.29,-5.0,-115.0,85.05,802,-1,101.65,165,-1,-120.56,923,-1,0.168,stance,25.63,0.0,0.0,17.63,5.0,-130.0,85.05,802,-1,77.13,248,-1,-117.58,756,-1,0.668,stance,-31.65,0.0,0.0,-39.65,-5.0,-130.0,85.05,527,-1,30.14,597,-1,-109.84,304,-1
4.942,0.176,0.85,0.0,walk,0.426,stance,-7.23,0.0,0.0,17.77,5.0,-130.0,85.05,221,-1,77.21,775,-1,-117.55,111,-1,0.926,swing,20.4,0.0,15.0,45.4,-5.0,-115.0,85.05,802,-1,102.56,162,-1,-118.8,917,-1,0.176,stance,25.26,0.0,0.0,17.26,5.0,-130.0,85.05,802,-1,76.9,249,-1,-117.67,756,-1,0.676,stance,-32.5,0.0,0.0,-40.5,-5.0,-130.0,85.05,527,-1,29.39,595,-1,-109.43,305,-1
4.962,0.184,0.86,0.0,walk,0.434,stance,-8.46,0.0,0.0,16.54,5.0,-130.0,85.05,221,-1,76.45,772,-1,-117.82,110,-1,0.934,swing,23.36,0.0,15.0,48.36,-5.0,-115.0,85.05,802,-1,103.29,159,-1,-117.04,911,-1,0.184,stance,24.82,0.0,0.0,16.82,5.0,-130.0,85.05,802,-1,76.63,250,-1,-117.76,756,-1,0.684,stance,-33.28,0.0,0.0,-41.28,-5.0,-130.0,85.05,527,-1,28.7,592,-1,-109.05,307,-1
4.982,0.192,0.88,0.0,walk,0.442,stance,-9.7,0.0,0.0,15.3,5.0,-130.0,85.05,221,-1,75.66,770,-1,-118.07,109,-1,0.942,swing,26.13,0.0,15.0,51.13,-5.0,-115.0,85.05,802,-1,103.86,157,-1,-115.31,905,-1,0.192,stance,24.3,0.0,0.0,16.3,5.0,-130.0,85.05,802,-1,76.3,251,-1,-117.87,757,-1,0.692,stance,-34.0,0.0,0.0,-42.0,-5.0,-130.0,85.05,527,-1,28.07,590,-1,-108.7,308,-1
5.012,0.2,0.89,0.0,walk,0.45,stance,-10.95,0.0,0.0,14.05,5.0,-130.0,85.05,221,219,74.85,767,768,-118.3,108,107,0.95,swing,28.66,0.0,15.0,53.66,-5.0,-115.0,85.05,802,802,104.28,156,156,-113.68,899,895,0.2,stance,23.7,0.0,0.0,15.7,5.0,-130.0,85.05,802,801,75.92,253,251,-117.99,757,754,0.7,stance,-34.65,0.0,0.0,-42.65,-5.0,-130.0,85.05,527,524,27.5,588,586,-108.37,309,306
5.233,0.208,0.89,0.0,walk,0.458,stance,-12.19,0.0,0.0,12.81,5.0,-130.0,85.05,221,-1,74.02,764,-1,-118.52,107,-1,0.958,swing,30.92,0.0,15.0,55.92,-5.0,-115.0,85.05,802,-1,104.59,155,-1,-112.17,894,-1,0.208,stance,23.04,0.0,0.0,15.04,5.0,-130.0,85.05,802,-1,75.5,254,-1,-118.12,757,-1,0.708,stance,-35.24,0.0,0.0,-43.24,-5.0,-130.0,85.05,527,-1,26.99,586,-1,-108.07,310,-1
5.252,0.216,0.9,0.0,walk,0.466,stance,-13.44,0.0,0.0,11.56,5.0,-130.0,85.05,221,-1,73.17,761,-1,-118.71,107,-1,0.966,swing,32.88,0.0,14.68,57.88,-5.0,-115.32,85.05,802,-1,104.51,155,-1,-110.6,889,-1,0.216,stance,22.32,0.0,0.0,14.32,5.0,-130.0,85.05,802,-1,75.03,256,-1,-118.26,758,-1,0.716,stance,-35.76,0.0,0.0,-43.76,-5.0,-130.0,85.05,527,-1,26.53,585,-1,-107.8,311,-1
5.272,0.224,0.91,0.0,walk,0.474,stance,-14.68,0.0,0.0,10.32,5.0,-130.0,85.05,221,-1,72.32,758,-1,-118.89,106,-1,0.974,swing,34.51,0.0,11.78,59.51,-5.0,-118.22,85.05,802,-1,102.09,163,-1,-107.43,878,-1,0.224,stance,21.54,0.0,0.0,13.54,5.0,-130.0,85.05,802,-1,74.51,257,-1,-118.39,758,-1,0.724,stance,-36.22,0.0,0.0,-44.22,-5.0,-130.0,85.05,527,-1,26.13,584,-1,-107.57,312,-1
5.292,0.232,0.92,0.0,walk,0.482,stance,-15.91,0.0,0.0,9.09,5.0,-130.0,85.05,221,-1,71.45,755,-1,-119.04,106,-1,0.982,swing,35.79,0.0,7.03,60.79,-5.0,-122.97,85.05,802,-1,98.05,177,-1,-103.06,863,-1,0.232,stance,20.7,0.0,0.0,12.7,5.0,-130.0,85.05,802,-1,73.95,259,-1,-118.53,759,-1,0.732,stance,-36.62,0.0,0.0,-44.62,-5.0,-130.0,85.05,527,-1,25.78,582,-1,-107.36,312,-1
5.312,0.24,0.92,0.0,walk,0.49,stance,-17.13,0.0,0.0,7.87,5.0,-130.0,85.05,221,219,70.57,752,753,-119.17,105,107,0.99,swing,36.69,0.0,2.48,61.69,-5.0,-127.52,85.05,802,801,94.23,190,194,-98.91,849,840,0.24,stance,19.82,0.0,0.0,11.82,5.0,-130.0,85.05,802,801,73.35,261,261,-118.67,759,754,0.74,stance,-36.95,0.0,0.0,-44.95,-5.0,-130.0,85.05,527,524,25.49,581,579,-107.18,313,312
5.522,0.248,0.93,0.0,walk,0.498,stance,-18.34,0.0,0.0,6.66,5.0,-130.0,85.05,221,-1,69.69,749,-1,-119.29,105,-1,0.998,swing,37.21,0.0,0.11,62.21,-5.0,-129.89,85.05,802,-1,92.25,197,-1,-96.63,841,-1,0.248,stance,18.88,0.0,0.0,10.88,5.0,-130.0,85.05,802,-1,72.71,264,-1,-118.81,760,-1,0.748,stance,-37.22,0.0,0.0,-45.22,-5.0,-130.0,85.05,527,-1,25.25,581,-1,-107.04,314,-1
5.543,0.256,0.94,0.0,walk,0.506,stance,-19.53,0.0,0.0,5.47,5.0,-130.0,85.05,221,-1,68.81,746,-1,-119.38,104,-1,0.006,stance,37.44,0.0,-0.25,62.44,-5.0,-130.25,85.05,802,-1,91.96,198,-1,-96.19,840,-1,0.256,stance,17.9,0.0,0.0,9.9,5.0,-130.0,85.05,802,-1,72.02,266,-1,-118.94,760,-1,0.756,swing,-37.34,0.0,1.13,-45.34,-5.0,-128.87,85.05,527,-1,25.28,581,-1,-107.93,311,-1
5.562,0.264,0.94,0.0,walk,0.514,stance,-20.7,0.0,0.0,4.3,5.0,-130.0,85.05,221,-1,67.92,743,-1,-119.45,104,-1,0.014,stance,37.59,0.0,-0.58,62.59,-5.0,-130.58,85.05,802,-1,91.7,199,-1,-95.81,838,-1,0.264,stance,16.88,0.0,0.0,8.88,5.0,-130.0,85.05,802,-1,71.3,268,-1,-119.06,761,-1,0.764,swing,-37.07,0.0,2.63,-45.07,-5.0,-127.37,85.05,527,-1,25.68,582,-1,-109.32,306,-1
5.582,0.272,0.95,0.0,walk,0.522,stance,-21.85,0.0,0.0,3.15,5.0,-130.0,85.05,221,-1,67.05,740,-1,-119.51,104,-1,0.022,stance,37.68,0.0,-0.89,62.68,-5.0,-130.89,85.05,802,-1,91.44,200,-1,-95.49,837,-1,0.272,stance,15.82,0.0,0.0,7.82,5.0,-130.0,85.05,802,-1,70.54,271,-1,-119.18,761,-1,0.772,swing,-36.4,0.0,4.09,-44.4,-5.0,-125.91,85.05,527,-1,26.41,585,-1,-110.89,300,-1
5.602,0.28,0.95,0.0,walk,0.53,stance,-22.98,0.0,0.0,2.02,5.0,-130.0,85.05,221,219,66.18,737,737,-119.55,104,104,0.03,stance,37.71,0.0,-1.18,62.71,-5.0,-131.18,85.05,802,801,91.2,201,200,-95.23,836,837,0.28,stance,14.73,0.0,0.0,6.73,5.0,-130.0,85.05,802,801,69.74,274,275,-119.28,761,754,0.78,swing,-35.34,0.0,5.52,-43.34,-5.0,-124.48,85.05,527,524,27.49,588,587,-112.62,295,311
5.812,0.288,0.95,0.0,walk,0.538,stance,-24.08,0.0,0.0,0.92,5.0,-130.0,85.05,221,-1,65.31,734,-1,-119.57,104,-1,0.038,stance,37.69,0.0,-1.43,62.69,-5.0,-131.43,85.05,802,-1,90.98,201,-1,-95.04,836,-1,0.288,stance,13.6,0.0,0.0,5.6,5.0,-130.0,85.05,802,-1,68.91,277,-1,-119.37,762,-1,0.788,swing,-33.9,0.0,6.89,-41.9,-5.0,-123.11,85.05,527,-1,28.91,593,-1,-114.48,288,-1
5.832,0.296,0.96,0.0,walk,0.546,stance,-25.16,0.0,0.0,-0.16,5.0,-130.0,85.05,221,-1,64.46,731,-1,-119.57,104,-1,0.046,stance,37.61,0.0,-1.64,62.61,-5.0,-131.64,85.05,802,-1,90.8,202,-1,-94.92,835,-1,0.296,stance,12.45,0.0,0.0,4.45,5.0,-130.0,85.05,802,-1,68.04,279,-1,-119.44,762,-1,0.796,swing,-32.09,0.0,8.2,-40.09,-5.0,-121.8,85.05,527,-1,30.69,599,-1,-116.45,281,-1
5.862,0.304,0.96,0.0,walk,0.554,stance,-26.2,0.0,0.0,-1.2,5.0,-130.0,85.05,221,-1,63.63,728,-1,-119.56,104,-1,0.054,stance,37.47,0.0,-1.81,62.47,-5.0,-131.81,85.05,802,-1,90.65,202,-1,-94.87,835,-1,0.304,stance,11.27,0.0,0.0,3.27,5.0,-130.0,85.05,802,-1,67.14,283,-1,-119.5,762,-1,0.804,swing,-29.93,0.0,9.42,-37.93,-5.0,-120.58,85.05,527,-1,32.82,606,-1,-118.49,275,-1
5.882,0.312,0.96,0.0,walk,0.562,stance,-27.22,0.0,0.0,-2.22,5.0,-130.0,85.05,221,-1,62.81,726,-1,-119.54,104,-1,0.062,stance,37.28,0.0,-1.93,62.28,-5.0,-131.93,85.05,802,-1,90.54,203,-1,-94.91,835,-1,0.312,stance,10.06,0.0,0.0,2.06,5.0,-130.0,85.05,802,-1,66.21,286,-1,-119.54,762,-1,0.812,swing,-27.45,0.0,10.54,-35.45,-5.0,-119.46,85.05,527,-1,35.3,615,-1,-120.58,267,-1
5.902,0.32,0.97,0.0,walk,0.57,stance,-28.2,0.0,0.0,-3.2,5.0,-130.0,85.05,221,219,62.01,723,724,-119.51,104,104,0.07,stance,37.04,0.0,-1.99,62.04,-5.0,-131.99,85.05,802,801,90.47,203,202,-95.03,836,836,0.32,stance,8.83,0.0,0.0,0.83,5.0,-130.0,85.05,802,801,65.25,289,289,-119.57,762,755,0.82,swing,-24.66,0.0,11.56,-32.66,-5.0,-118.44,85.05,527,524,38.14,625,622,-122.65,260,302
6.122,0.328,0.97,0.0,walk,0.578,stance,-29.15,0.0,0.0,-4.15,5.0,-130.0,85.05,221,-1,61.23,720,-1,-119.46,104,-1,0.078,stance,36.74,0.0,-2.0,61.74,-5.0,-132.0,85.05,802,-1,90.44,203,-1,-95.23,836,-1,0.328,stance,7.59,0.0,0.0,-0.41,5.0,-130.0,85.05,802,-1,64.26,292,-1,-119.57,762,-1,0.828,swing,-21.6,0.0,12.46,-29.6,-5.0,-117.54,85.05,527,-1,41.31,635,-1,-124.67,253,-1
6.152,0.336,0.97,0.0,walk,0.586,stance,-30.07,0.0,0.0,-5.07,5.0,-130.0,85.05,221,-1,60.48,718,-1,-119.41,104,-1,0.086,stance,36.39,0.0,-1.95,61.39,-5.0,-131.95,85.05,802,-1,90.46,203,-1,-95.51,837,-1,0.336,stance,6.33,0.0,0.0,-1.67,5.0,-130.0,85.05,802,-1,63.25,296,-1,-119.55,762,-1,0.836,swing,-18.31,0.0,13.23,-26.31,-5.0,-116.77,85.05,527,-1,44.81,647,-1,-126.58,247,-1
6.172,0.344,0.97,0.0,walk,0.594,stance,-30.95,0.0,0.0,-5.95,5.0,-130.0,85.05,221,-1,59.75,715,-1,-119.34,105,-1,0.094,stance,36.0,0.0,-1.84,61.0,-5.0,-131.84,85.05,802,-1,90.52,203,-1,-95.87,838,-1,0.344,stance,5.05,0.0,0.0,-2.95,5.0,-130.0,85.05,802,-1,62.22,299,-1,-119.52,762,-1,0.844,swing,-14.8,0.0,13.88,-22.8,-5.0,-116.12,85.05,527,-1,48.59,660,-1,-128.33,241,-1
6.192,0.352,0.98,0.0,walk,0.602,stance,-31.79,0.0,0.0,-6.79,5.0,-130.0,85.05,221,-1,59.04,713,-1,-119.27,105,-1,0.102,stance,35.55,0.0,-1.69,60.55,-5.0,-131.69,85.05,802,-1,90.61,203,-1,-96.31,840,-1,0.352,stance,3.76,0.0,0.0,-4.24,5.0,-130.0,85.05,802,-1,61.16,303,-1,-119.46,762,-1,0.852,swing,-11.13,0.0,14.38,-19.13,-5.0,-115.62,85.05,527,-1,52.6,674,-1,-129.86,236,-1
6.212,0.36,0.98,0.0,walk,0.61,stance,-32.6,0.0,0.0,-7.6,5.0,-130.0,85.05,221,219,58.36,711,711,-119.2,105,104,0.11,stance,35.05,0.0,-1.49,60.05,-5.0,-131.49,85.05,802,801,90.74,202,202,-96.82,842,840,0.36,stance,2.46,0.0,0.0,-5.54,5.0,-130.0,85.05,802,801,60.08,307,309,-119.37,762,755,0.86,swing,-7.33,0.0,14.73,-15.33,-5.0,-115.27,85.05,527,524,56.78,688,686,-131.13,231,300
6.432,0.368,0.98,0.0,walk,0.618,stance,-33.36,0.0,0.0,-8.36,5.0,-130.0,85.05,221,-1,57.72,708,-1,-119.12,105,-1,0.118,stance,34.51,0.0,-1.24,59.51,-5.0,-131.24,85.05,802,-1,90.89,202,-1,-97.39,844,-1,0.368,stance,1.15,0.0,0.0,-6.85,5.0,-130.0,85.05,802,-1,58.99,310,-1,-119.27,761,-1,0.868,swing,-3.44,0.0,14.94,-11.44,-5.0,-115.06,85.05,527,-1,61.04,703,-1,-132.1,228,-1
6.452,0.376,0.98,0.0,walk,0.626,stance,-34.09,0.0,0.0,-9.09,5.0,-130.0,85.05,221,-1,57.1,706,-1,-119.04,106,-1,0.126,stance,33.93,0.0,-0.96,58.93,-5.0,-130.96,85.05,802,-1,91.07,201,-1,-98.01,846,-1,0.376,stance,-0.16,0.0,0.0,-8.16,5.0,-130.0,85.05,802,-1,57.88,314,-1,-119.14,761,-1,0.876,swing,0.49,0.0,15.0,-7.51,-5.0,-115.0,85.05,527,-1,65.26,717,-1,-132.71,226,-1
6.472,0.384,0.98,0.0,walk,0.634,stance,-34.78,0.0,0.0,-9.78,5.0,-130.0,85.05,221,-1,56.52,704,-1,-118.96,106,-1,0.134,stance,33.29,0.0,-0.66,58.29,-5.0,-130.66,85.05,802,-1,91.26,200,-1,-98.69,848,-1,0.384,stance,-1.48,0.0,0.0,-9.48,5.0,-130.0,85.05,802,-1,56.77,318,-1,-118.99,760,-1,0.884,swing,4.44,0.0,15.0,-3.56,-5.0,-115.0,85.05,527,-1,69.39,731,-1,-133.05,225,-1
6.502,0.392,0.98,0.0,walk,0.642,stance,-35.42,0.0,0.0,-10.42,5.0,-130.0,85.05,221,-1,55.96,702,-1,-118.87,106,-1,0.142,stance,32.62,0.0,-0.33,57.62,-5.0,-130.33,85.05,802,-1,91.46,200,-1,-99.4,850,-1,0.392,stance,-2.8,0.0,0.0,-10.8,5.0,-130.0,85.05,802,-1,55.64,322,-1,-118.82,760,-1,0.892,swing,8.35,0.0,15.0,0.35,-5.0,-115.0,85.05,527,-1,73.37,745,-1,-133.14,225,-1
6.532,0.4,0.99,0.0,walk,0.65,stance,-36.02,0.0,0.0,-11.02,5.0,-130.0,85.05,221,219,55.45,701,700,-118.79,106,104,0.15,stance,31.9,0.0,0.0,56.9,-5.0,-130.0,85.05,802,801,91.65,199,201,-100.14,853,851,0.4,stance,-4.12,0.0,0.0,-12.12,5.0,-130.0,85.05,802,801,54.5,326,328,-118.63,759,754,0.9,swing,12.18,0.0,15.0,4.18,-5.0,-115.0,85.05,527,524,77.11,757,753,-133.01,225,300
6.752,0.408,0.99,0.0,walk,0.658,stance,-36.58,0.0,0.0,-11.58,5.0,-130.0,85.05,221,-1,54.97,699,-1,-118.71,107,-1,0.158,stance,31.14,0.0,0.0,56.14,-5.0,-130.0,85.05,802,-1,91.55,199,-1,-100.63,855,-1,0.408,stance,-5.44,0.0,0.0,-13.44,5.0,-130.0,85.05,802,-1,53.36,330,-1,-118.41,758,-1,0.908,swing,15.91,0.0,15.0,7.91,-5.0,-115.0,85.05,527,-1,80.57,769,-1,-132.67,226,-1
6.772,0.416,0.99,0.0,walk,0.666,stance,-37.1,0.0,0.0,-12.1,5.0,-130.0,85.05,221,-1,54.52,697,-1,-118.63,107,-1,0.166,stance,30.34,0.0,0.0,55.34,-5.0,-130.0,85.05,802,-1,91.44,200,-1,-101.14,856,-1,0.416,stance,-6.75,0.0,0.0,-14.75,5.0,-130.0,85.05,802,-1,52.21,333,-1,-118.18,758,-1,0.916,swing,19.47,0.0,15.0,11.47,-5.0,-115.0,85.05,527,-1,83.7,780,-1,-132.14,228,-1
6.792,0.424,0.99,0.0,walk,0.674,stance,-37.57,0.0,0.0,-12.57,5.0,-130.0,85.05,221,-1,54.11,696,-1,-118.56,107,-1,0.174,stance,29.51,0.0,0.0,54.51,-5.0,-130.0,85.05,802,-1,91.32,200,-1,-101.67,858,-1,0.424,stance,-8.06,0.0,0.0,-16.06,5.0,-130.0,85.05,802,-1,51.07,337,-1,-117.92,757,-1,0.924,swing,22.85,0.0,15.0,14.85,-5.0,-115.0,85.05,527,-1,86.48,789,-1,-131.47,230,-1
6.822,0.432,0.99,0.0,walk,0.682,stance,-38.0,0.0,0.0,-13.0,5.0,-130.0,85.05,221,-1,53.74,695,-1,-118.49,107,-1,0.182,stance,28.63,0.0,0.0,53.63,-5.0,-130.0,85.05,802,-1,91.18,201,-1,-102.21,860,-1,0.432,stance,-9.36,0.0,0.0,-17.36,5.0,-130.0,85.05,802,-1,49.93,341,-1,-117.64,756,-1,0.932,swing,26.0,0.0,15.0,18.0,-5.0,-115.0,85.05,527,-1,88.9,798,-1,-130.7,233,-1
6.842,0.44,0.99,0.0,walk,0.69,stance,-38.38,0.0,0.0,-13.38,5.0,-130.0,85.05,221,219,53.41,694,694,-118.42,108,106,0.19,stance,27.72,0.0,0.0,52.72,-5.0,-130.0,85.05,802,801,91.02,201,202,-102.77,862,860,0.44,stance,-10.66,0.0,0.0,-18.66,5.0,-130.0,85.05,802,801,48.79,345,346,-117.35,755,755,0.94,swing,28.89,0.0,15.0,20.89,-5.0,-115.0,85.05,527,524,90.97,805,803,-129.87,236,300
7.052,0.448,0.99,0.0,walk,0.698,stance,-38.72,0.0,0.0,-13.72,5.0,-130.0,85.05,221,-1,53.12,693,-1,-118.36,108,-1,0.198,stance,26.78,0.0,0.0,51.78,-5.0,-130.0,85.05,802,-1,90.85,202,-1,-103.34,864,-1,0.448,stance,-11.94,0.0,0.0,-19.94,5.0,-130.0,85.05,802,-1,47.65,349,-1,-117.04,754,-1,0.948,swing,31.49,0.0,15.0,23.49,-5.0,-115.0,85.05,527,-1,92.7,811,-1,-129.03,239,-1
7.072,0.456,0.99,0.0,walk,0.706,stance,-39.01,0.0,0.0,-14.01,5.0,-130.0,85.05,221,-1,52.86,692,-1,-118.31,108,-1,0.206,stance,25.8,0.0,0.0,50.8,-5.0,-130.0,85.05,802,-1,90.66,202,-1,-103.91,866,-1,0.456,stance,-13.21,0.0,0.0,-21.21,5.0,-130.0,85.05,802,-1,46.53,353,-1,-116.71,753,-1,0.956,swing,33.77,0.0,15.0,25.77,-5.0,-115.0,85.05,527,-1,94.12,815,-1,-128.23,241,-1
7.092,0.464,0.99,0.0,walk,0.714,stance,-39.26,0.0,0.0,-14.26,5.0,-130.0,85.05,221,-1,52.65,691,-1,-118.27,108,-1,0.214,stance,24.79,0.0,0.0,49.79,-5.0,-130.0,85.05,802,-1,90.46,203,-1,-104.5,868,-1,0.464,stance,-14.46,0.0,0.0,-22.46,5.0,-130.0,85.05,802,-1,45.41,357,-1,-116.36,751,-1,0.964,swing,35.71,0.0,14.94,27.71,-5.0,-115.06,85.05,527,-1,95.2,819,-1,-127.44,244,-1
7.112,0.472,0.99,0.0,walk,0.722,stance,-39.46,0.0,0.0,-14.46,5.0,-130.0,85.05,221,-1,52.47,690,-1,-118.23,108,-1,0.222,stance,23.76,0.0,0.0,48.76,-5.0,-130.0,85.05,802,-1,90.23,204,-1,-105.1,870,-1,0.472,stance,-15.7,0.0,0.0,-23.7,5.0,-130.0,85.05,802,-1,44.31,360,-1,-116.0,750,-1,0.972,swing,37.3,0.0,12.75,29.3,-5.0,-117.25,85.05,527,-1,94.11,815,-1,-125.03,252,-1
7.132,0.48,0.99,0.0,walk,0.73,stance,-39.61,0.0,0.0,-14.61,5.0,-130.0,85.05,221,219,52.34,690,690,-118.2,108,106,0.23,stance,22.69,0.0,0.0,47.69,-5.0,-130.0,85.05,802,801,89.98,205,205,-105.7,872,871,0.48,stance,-16.93,0.0,0.0,-24.93,5.0,-130.0,85.05,802,801,43.22,364,365,-115.63,749,748,0.98,swing,38.5,0.0,8.28,30.5,-5.0,-121.72,85.05,527,524,90.87,804,801,-120.85,266,301
7.342,0.488,0.99,0.0,walk,0.738,stance,-39.72,0.0,0.0,-14.72,5.0,-130.0,85.05,221,-1,52.24,690,-1,-118.18,109,-1,0.238,stance,21.59,0.0,0.0,46.59,-5.0,-130.0,85.05,802,-1,89.72,206,-1,-106.3,874,-1,0.488,stance,-18.13,0.0,0.0,-26.13,5.0,-130.0,85.05,802,-1,42.15,368,-1,-115.25,748,-1,0.988,swing,39.32,0.0,3.48,31.32,-5.0,-126.52,85.05,527,-1,87.24,792,-1,-116.45,281,-1
7.362,0.496,0.99,0.0,walk,0.746,stance,-39.79,0.0,0.0,-14.79,5.0,-130.0,85.05,221,-1,52.19,689,-1,-118.17,109,-1,0.246,stance,20.47,0.0,0.0,45.47,-5.0,-130.0,85.05,802,-1,89.43,207,-1,-106.91,876,-1,0.496,stance,-19.32,0.0,0.0,-27.32,5.0,-130.0,85.05,802,-1,41.09,371,-1,-114.86,746,-1,0.996,swing,39.74,0.0,0.42,31.74,-5.0,-129.58,85.05,527,-1,84.94,784,-1,-113.62,291,-1
7.382,0.504,1.0,0.0,walk,0.754,swing,-39.76,0.0,0.75,-14.76,5.0,-129.25,85.05,221,-1,52.5,691,-1,-118.87,106,-1,0.254,stance,19.32,0.0,0.0,44.32,-5.0,-130.0,85.05,802,-1,89.12,208,-1,-107.51,878,-1,0.504,stance,-20.48,0.0,0.0,-28.48,5.0,-130.0,85.05,802,-1,40.05,375,-1,-114.46,745,-1,0.004,stance,39.8,0.0,-0.17,31.8,-5.0,-130.17,85.05,527,-1,84.49,783,-1,-113.08,293,-1
7.402,0.512,1.0,0.0,walk,0.762,swing,-39.37,0.0,2.25,-14.37,5.0,-127.75,85.05,221,-1,53.42,694,-1,-120.31,101,-1,0.262,stance,18.15,0.0,0.0,43.15,-5.0,-130.0,85.05,802,-1,88.78,209,-1,-108.12,880,-1,0.512,stance,-21.62,0.0,0.0,-29.62,5.0,-130.0,85.05,802,-1,39.04,378,-1,-114.05,744,-1,0.012,stance,39.77,0.0,-0.5,31.77,-5.0,-130.5,85.05,527,-1,84.22,782,-1,-112.8,294,-1
7.422,0.52,1.0,0.0,walk,0.77,swing,-38.59,0.0,3.73,-13.59,5.0,-126.27,85.05,221,219,54.7,698,690,-121.79,96,100,0.27,stance,16.96,0.0,0.0,41.96,-5.0,-130.0,85.05,802,801,88.42,210,211,-108.72,882,880,0.52,stance,-22.74,0.0,0.0,-30.74,5.0,-130.0,85.05,802,801,38.04,382,383,-113.63,742,742,0.02,stance,39.7,0.0,-0.81,31.7,-5.0,-130.81,85.05,527,524,83.93,781,777,-112.55,295,295
7.632,0.528,1.0,0.0,walk,0.778,swing,-37.41,0.0,5.17,-12.41,5.0,-124.83,85.05,221,-1,56.35,704,-1,-123.3,91,-1,0.278,stance,15.75,0.0,0.0,40.75,-5.0,-130.0,85.05,802,-1,88.04,211,-1,-109.31,884,-1,0.528,stance,-23.83,0.0,0.0,-31.83,5.0,-130.0,85.05,802,-1,37.07,385,-1,-113.22,741,-1,0.028,stance,39.58,0.0,-1.11,31.58,-5.0,-131.11,85.05,527,-1,83.64,780,-1,-112.33,296,-1
7.652,0.536,1.0,0.0,walk,0.786,swing,-35.85,0.0,6.56,-10.85,5.0,-123.44,85.05,221,-1,58.36,711,-1,-124.79,86,-1,0.286,stance,14.52,0.0,0.0,39.52,-5.0,-130.0,85.05,802,-1,87.63,213,-1,-109.9,886,-1,0.536,stance,-24.89,0.0,0.0,-32.89,5.0,-130.0,85.05,802,-1,36.12,388,-1,-112.8,739,-1,0.036,stance,39.41,0.0,-1.37,31.41,-5.0,-131.37,85.05,527,-1,83.36,779,-1,-112.16,296,-1
7.672,0.544,1.0,0.0,walk,0.794,swing,-33.93,0.0,7.88,-8.93,5.0,-122.12,85.05,221,-1,60.73,719,-1,-126.24,81,-1,0.294,stance,13.27,0.0,0.0,38.27,-5.0,-130.0,85.05,802,-1,87.2,214,-1,-110.48,888,-1,0.544,stance,-25.93,0.0,0.0,-33.93,5.0,-130.0,85.05,802,-1,35.2,391,-1,-112.37,738,-1,0.044,stance,39.2,0.0,-1.59,31.2,-5.0,-131.59,85.05,527,-1,83.09,778,-1,-112.04,297,-1
7.692,0.552,1.0,0.0,walk,0.802,swing,-31.67,0.0,9.12,-6.67,5.0,-120.88,85.05,221,-1,63.45,728,-1,-127.6,76,-1,0.302,stance,12.01,0.0,0.0,37.01,-5.0,-130.0,85.05,802,-1,86.74,216,-1,-111.05,890,-1,0.552,stance,-26.93,0.0,0.0,-34.93,5.0,-130.0,85.05,802,-1,34.31,395,-1,-111.95,736,-1,0.052,stance,38.94,0.0,-1.77,30.94,-5.0,-131.77,85.05,527,-1,82.83,777,-1,-111.98,297,-1
7.712,0.56,1.0,0.0,walk,0.81,swing,-29.08,0.0,10.27,-4.08,5.0,-119.73,85.05,221,219,66.48,738,726,-128.83,72,87,0.31,stance,10.73,0.0,0.0,35.73,-5.0,-130.0,85.05,802,801,86.25,217,217,-111.62,892,891,0.56,stance,-27.91,0.0,0.0,-35.91,5.0,-130.0,85.05,802,801,33.44,397,398,-111.54,735,735,0.06,stance,38.64,0.0,-1.9,30.64,-5.0,-131.9,85.05,527,524,82.6,776,775,-111.97,297,295
7.922,0.568,1.0,0.0,walk,0.818,swing,-26.2,0.0,11.31,-1.2,5.0,-118.69,85.05,221,-1,69.78,749,-1,-129.87,69,-1,0.318,stance,9.44,0.0,0.0,34.44,-5.0,-130.0,85.05,802,-1,85.74,219,-1,-112.16,894,-1,0.568,stance,-28.86,0.0,0.0,-36.86,5.0,-130.0,85.05,802,-1,32.61,400,-1,-111.12,734,-1,0.068,stance,38.29,0.0,-1.98,30.29,-5.0,-131.98,85.05,527,-1,82.38,775,-1,-112.03,297,-1
7.943,0.576,1.0,0.0,walk,0.826,swing,-23.05,0.0,12.25,1.95,5.0,-117.75,85.05,221,-1,73.29,761,-1,-130.68,66,-1,0.326,stance,8.13,0.0,0.0,33.13,-5.0,-130.0,85.05,802,-1,85.2,221,-1,-112.7,896,-1,0.576,stance,-29.77,0.0,0.0,-37.77,5.0,-130.0,85.05,802,-1,31.8,403,-1,-110.71,732,-1,0.076,stance,37.9,0.0,-2.0,29.9,-5.0,-132.0,85.05,527,-1,82.19,775,-1,-112.16,296,-1
7.962,0.584,1.0,0.0,walk,0.834,swing,-19.67,0.0,13.05,5.33,5.0,-116.95,85.05,221,-1,76.92,774,-1,-131.21,64,-1,0.334,stance,6.82,0.0,0.0,31.82,-5.0,-130.0,85.05,802,-1,84.64,223,-1,-113.22,898,-1,0.584,stance,-30.65,0.0,0.0,-38.65,5.0,-130.0,85.05,802,-1,31.02,406,-1,-110.31,731,-1,0.084,stance,37.47,0.0,-1.96,29.47,-5.0,-131.96,85.05,527,-1,82.02,774,-1,-112.34,295,-1
7.982,0.592,1.0,0.0,walk,0.842,swing,-16.09,0.0,13.73,8.91,5.0,-116.27,85.05,221,-1,80.57,786,-1,-131.43,63,-1,0.342,stance,5.5,0.0,0.0,30.5,-5.0,-130.0,85.05,802,-1,84.05,225,-1,-113.72,899,-1,0.592,stance,-31.49,0.0,0.0,-39.49,5.0,-130.0,85.05,802,-1,30.28,408,-1,-109.91,729,-1,0.092,stance,37.0,0.0,-1.87,29.0,-5.0,-131.87,85.05,527,-1,81.87,774,-1,-112.59,295,-1
8.002,0.6,1.0,0.0,walk,0.85,swing,-12.34,0.0,14.27,12.66,5.0,-115.73,85.05,221,219,84.14,798,779,-131.29,64,85,0.35,stance,4.17,0.0,0.0,29.17,-5.0,-130.0,85.05,802,800,83.43,227,225,-114.21,901,900,0.6,stance,-32.3,0.0,0.0,-40.3,5.0,-130.0,85.05,802,802,29.56,411,410,-109.53,728,728,0.1,stance,36.48,0.0,-1.73,28.48,-5.0,-131.73,85.05,527,524,81.74,773,772,-112.9,294,294
8.212,0.608,1.0,0.0,walk,0.858,swing,-8.47,0.0,14.66,16.53,5.0,-115.34,85.05,221,-1,87.52,810,-1,-130.78,66,-1,0.358,stance,2.84,0.0,0.0,27.84,-5.0,-130.0,85.05,802,-1,82.79,229,-1,-114.68,903,-1,0.608,stance,-33.08,0.0,0.0,-41.08,5.0,-130.0,85.05,802,-1,28.88,413,-1,-109.15,727,-1,0.108,stance,35.92,0.0,-1.54,27.92,-5.0,-131.54,85.05,527,-1,81.62,773,-1,-113.27,292,-1
8.232,0.616,1.0,0.0,walk,0.866,swing,-4.51,0.0,14.9,20.49,5.0,-115.1,85.05,221,-1,90.61,820,-1,-129.91,69,-1,0.366,stance,1.51,0.0,0.0,26.51,-5.0,-130.0,85.05,802,-1,82.12,231,-1,-115.13,904,-1,0.616,stance,-33.81,0.0,0.0,-41.81,5.0,-130.0,85.05,802,-1,28.24,415,-1,-108.79,726,-1,0.116,stance,35.32,0.0,-1.31,27.32,-5.0,-131.31,85.05,527,-1,81.51,772,-1,-113.68,291,-1
8.252,0.624,1.0,0.0,walk,0.874,swing,-0.5,0.0,15.0,24.5,5.0,-115.0,85.05,221,-1,93.34,830,-1,-128.68,73,-1,0.374,stance,0.17,0.0,0.0,25.17,-5.0,-130.0,85.05,802,-1,81.43,234,-1,-115.56,906,-1,0.624,stance,-34.51,0.0,0.0,-42.51,5.0,-130.0,85.05,802,-1,27.62,417,-1,-108.44,724,-1,0.124,stance,34.68,0.0,-1.04,26.68,-5.0,-131.04,85.05,527,-1,81.4,772,-1,-114.14,289,-1
8.272,0.632,1.0,0.0,walk,0.882,swing,3.51,0.0,15.0,28.51,5.0,-115.0,85.05,221,-1,95.7,838,-1,-127.17,78,-1,0.382,stance,-1.17,0.0,0.0,23.83,-5.0,-130.0,85.05,802,-1,80.72,236,-1,-115.97,907,-1,0.632,stance,-35.17,0.0,0.0,-43.17,5.0,-130.0,85.05,802,-1,27.05,419,-1,-108.11,723,-1,0.132,stance,34.0,0.0,-0.74,26.0,-5.0,-130.74,85.05,527,-1,81.29,772,-1,-114.63,288,-1
8.292,0.64,1.0,0.0,walk,0.89,swing,7.49,0.0,15.0,32.49,5.0,-115.0,85.05,221,220,97.75,845,831,-125.48,84,87,0.39,stance,-2.51,0.0,0.0,22.49,-5.0,-130.0,85.05,802,801,79.99,239,239,-116.35,908,906,0.64,stance,-35.79,0.0,0.0,-43.79,5.0,-130.0,85.05,802,801,26.51,421,419,-107.79,722,722,0.14,stance,33.28,0.0,-0.42,25.28,-5.0,-130.42,85.05,527,524,81.17,771,770,-115.15,286,286
8.513,0.648,1.0,0.0,walk,0.898,swing,11.39,0.0,15.0,36.39,5.0,-115.0,85.05,221,-1,99.5,851,-1,-123.64,90,-1,0.398,stance,-3.84,0.0,0.0,21.16,-5.0,-130.0,85.05,802,-1,79.23,241,-1,-116.72,910,-1,0.648,stance,-36.37,0.0,0.0,-44.37,5.0,-130.0,85.05,802,-1,26.0,423,-1,-107.49,721,-1,0.148,stance,32.52,0.0,-0.08,24.52,-5.0,-130.08,85.05,527,-1,81.03,771,-1,-115.68,284,-1
8.532,0.656,1.0,0.0,walk,0.906,swing,15.18,0.0,15.0,40.18,5.0,-115.0,85.05,221,-1,100.95,856,-1,-121.71,96,-1,0.406,stance,-5.17,0.0,0.0,19.83,-5.0,-130.0,85.05,802,-1,78.46,244,-1,-117.06,911,-1,0.656,stance,-36.9,0.0,0.0,-44.9,5.0,-130.0,85.05,802,-1,25.53,424,-1,-107.21,720,-1,0.156,stance,31.73,0.0,0.0,23.73,-5.0,-130.0,85.05,527,-1,80.67,770,-1,-116.0,283,-1
8.535,0.664,1.0,0.0,walk,0.914,swing,18.81,0.0,15.0,43.81,5.0,-115.0,85.05,221,-1,102.12,860,-1,-119.71,103,-1,0.414,stance,-6.5,0.0,0.0,18.5,-5.0,-130.0,85.05,802,-1,77.66,247,-1,-117.38,912,-1,0.664,stance,-37.4,0.0,0.0,-45.4,5.0,-130.0,85.05,802,-1,25.1,426,-1,-106.95,719,-1,0.164,stance,30.9,0.0,0.0,22.9,-5.0,-130.0,85.05,527,-1,80.21,768,-1,-116.24,282,-1
8.572,0.672,1.0,0.0,walk,0.922,swing,22.26,0.0,15.0,47.26,5.0,-115.0,85.05,221,-1,103.04,863,-1,-117.7,110,-1,0.422,stance,-7.82,0.0,0.0,17.18,-5.0,-130.0,85.05,802,-1,76.85,249,-1,-117.68,913,-1,0.672,stance,-37.85,0.0,0.0,-45.85,5.0,-130.0,85.05,802,-1,24.7,427,-1,-106.7,718,-1,0.172,stance,30.03,0.0,0.0,22.03,-5.0,-130.0,85.05,527,-1,79.73,766,-1,-116.48,281,-1
8.602,0.68,1.0,0.0,walk,0.93,swing,25.48,0.0,15.0,50.48,5.0,-115.0,85.05,221,220,103.74,865,858,-115.73,117,117,0.43,stance,-9.13,0.0,0.0,15.87,-5.0,-130.0,85.05,802,800,76.03,252,253,-117.96,914,911,0.68,stance,-38.26,0.0,0.0,-46.26,5.0,-130.0,85.05,802,806,24.34,428,426,-106.48,718,718,0.18,stance,29.14,0.0,0.0,21.14,-5.0,-130.0,85.05,527,524,79.22,765,769,-116.73,281,289
8.822,0.688,1.0,0.0,walk,0.938,swing,28.44,0.0,15.0,53.44,5.0,-115.0,85.05,221,-1,104.25,867,-1,-113.82,123,-1,0.438,stance,-10.43,0.0,0.0,14.57,-5.0,-130.0,85.05,802,-1,75.19,255,-1,-118.21,915,-1,0.688,stance,-38.63,0.0,0.0,-46.63,5.0,-130.0,85.05,802,-1,24.02,430,-1,-106.28,717,-1,0.188,stance,28.21,0.0,0.0,20.21,-5.0,-130.0,85.05,527,-1,78.68,763,-1,-116.97,280,-1
8.852,0.696,1.0,0.0,walk,0.946,swing,31.12,0.0,15.0,56.12,5.0,-115.0,85.05,221,-1,104.61,868,-1,-112.03,129,-1,0.446,stance,-11.71,0.0,0.0,13.29,-5.0,-130.0,85.05,802,-1,74.34,258,-1,-118.44,915,-1,0.696,stance,-38.96,0.0,0.0,-46.96,5.0,-130.0,85.05,802,-1,23.74,431,-1,-106.1,716,-1,0.196,stance,27.24,0.0,0.0,19.24,-5.0,-130.0,85.05,527,-1,78.11,761,-1,-117.21,279,-1
8.872,0.704,1.0,0.0,walk,0.954,swing,33.48,0.0,15.0,58.48,5.0,-115.0,85.05,221,-1,104.85,869,-1,-110.4,135,-1,0.454,stance,-12.99,0.0,0.0,12.01,-5.0,-130.0,85.05,802,-1,73.48,261,-1,-118.64,916,-1,0.704,stance,-39.24,0.0,0.0,-47.24,5.0,-130.0,85.05,802,-1,23.5,431,-1,-105.95,716,-1,0.204,stance,26.25,0.0,0.0,18.25,-5.0,-130.0,85.05,527,-1,77.51,759,-1,-117.44,278,-1
8.902,0.712,1.0,0.0,walk,0.962,swing,35.51,0.0,15.0,60.51,5.0,-115.0,85.05,221,-1,105.0,870,-1,-108.96,140,-1,0.462,stance,-14.25,0.0,0.0,10.75,-5.0,-130.0,85.05,802,-1,72.62,264,-1,-118.83,917,-1,0.712,stance,-39.47,0.0,0.0,-47.47,5.0,-130.0,85.05,802,-1,23.29,432,-1,-105.82,715,-1,0.212,stance,25.22,0.0,0.0,17.22,-5.0,-130.0,85.05,527,-1,76.88,757,-1,-117.67,277,-1
8.922,0.72,1.0,0.0,walk,0.97,swing,37.17,0.0,13.57,62.17,5.0,-116.43,85.05,221,223,103.83,866,864,-106.78,147,146,0.47,stance,-15.49,0.0,0.0,9.51,-5.0,-130.0,85.05,802,800,71.74,267,268,-118.99,917,911,0.72,stance,-39.66,0.0,0.0,-47.66,5.0,-130.0,85.05,802,801,23.13,433,431,-105.71,715,716,0.22,stance,24.17,0.0,0.0,16.17,-5.0,-130.0,85.05,527,524,76.22,754,751,-117.9,277,281
9.132,0.728,1.0,0.0,walk,0.978,swing,38.46,0.0,9.52,63.46,5.0,-120.48,85.05,221,-1,100.35,854,-1,-102.98,160,-1,0.478,stance,-16.72,0.0,0.0,8.28,-5.0,-130.0,85.05,802,-1,70.87,270,-1,-119.13,918,-1,0.728,stance,-39.81,0.0,0.0,-47.81,5.0,-130.0,85.05,802,-1,23.0,433,-1,-105.63,715,-1,0.228,stance,23.09,0.0,0.0,15.09,-5.0,-130.0,85.05,527,-1,75.53,752,-1,-118.11,276,-1
9.152,0.736,1.0,0.0,walk,0.986,swing,39.37,0.0,4.59,64.37,5.0,-125.41,85.05,221,-1,96.17,839,-1,-98.65,175,-1,0.486,stance,-17.93,0.0,0.0,7.07,-5.0,-130.0,85.05,802,-1,69.99,273,-1,-119.25,918,-1,0.736,stance,-39.91,0.0,0.0,-47.91,5.0,-130.0,85.05,802,-1,22.91,433,-1,-105.57,715,-1,0.236,stance,21.99,0.0,0.0,13.99,-5.0,-130.0,85.05,527,-1,74.81,750,-1,-118.32,275,-1
9.172,0.744,1.0,0.0,walk,0.994,swing,39.87,0.0,0.93,64.87,5.0,-129.07,85.05,221,-1,93.08,829,-1,-95.39,186,-1,0.494,stance,-19.12,0.0,0.0,5.88,-5.0,-130.0,85.05,802,-1,69.12,276,-1,-119.35,918,-1,0.744,stance,-39.97,0.0,0.0,-47.97,5.0,-130.0,85.05,802,-1,22.86,434,-1,-105.54,715,-1,0.244,stance,20.86,0.0,0.0,12.86,-5.0,-130.0,85.05,527,-1,74.05,747,-1,-118.51,274,-1
9.192,0.752,1.0,0.0,walk,0.002,stance,39.98,0.0,-0.08,64.98,5.0,-130.08,85.05,221,-1,92.23,826,-1,-94.49,189,-1,0.502,stance,-20.28,0.0,0.0,4.72,-5.0,-130.0,85.05,802,-1,68.24,279,-1,-119.43,919,-1,0.752,swing,-39.97,0.0,0.38,-47.97,5.0,-129.62,85.05,802,-1,22.9,433,-1,-105.86,716,-1,0.252,stance,19.7,0.0,0.0,11.7,-5.0,-130.0,85.05,527,-1,73.27,744,-1,-118.69,274,-1
9.212,0.76,1.0,0.0,walk,0.01,stance,39.95,0.0,-0.42,64.95,5.0,-130.42,85.05,221,220,91.94,825,820,-94.24,190,194,0.51,stance,-21.43,0.0,0.0,3.57,-5.0,-130.0,85.05,802,801,67.38,282,285,-119.49,919,917,0.76,swing,-39.67,0.0,1.88,-47.67,5.0,-128.12,85.05,802,806,23.31,432,431,-107.28,720,717,0.26,stance,18.53,0.0,0.0,10.53,-5.0,-130.0,85.05,527,524,72.46,742,736,-118.86,273,279
9.433,0.768,1.0,0.0,walk,0.018,stance,39.87,0.0,-0.74,64.87,5.0,-130.74,85.05,221,-1,91.67,824,-1,-94.04,191,-1,0.518,stance,-22.55,0.0,0.0,2.45,-5.0,-130.0,85.05,802,-1,66.51,285,-1,-119.53,919,-1,0.768,swing,-38.97,0.0,3.36,-46.97,5.0,-126.64,85.05,802,-1,24.06,429,-1,-108.89,726,-1,0.268,stance,17.33,0.0,0.0,9.33,-5.0,-130.0,85.05,527,-1,71.62,739,-1,-119.01,273,-1
9.452,0.776,1.0,0.0,walk,0.026,stance,39.75,0.0,-1.04,64.75,5.0,-131.04,85.05,221,-1,91.41,823,-1,-93.88,191,-1,0.526,stance,-23.64,0.0,0.0,1.36,-5.0,-130.0,85.05,802,-1,65.66,288,-1,-119.56,919,-1,0.776,swing,-37.87,0.0,4.81,-45.87,5.0,-125.19,85.05,802,-1,25.15,426,-1,-110.68,732,-1,0.276,stance,16.11,0.0,0.0,8.11,-5.0,-130.0,85.05,527,-1,70.75,736,-1,-119.15,272,-1
9.472,0.784,1.0,0.0,walk,0.034,stance,39.58,0.0,-1.31,64.58,5.0,-131.31,85.05,221,-1,91.18,822,-1,-93.78,192,-1,0.534,stance,-24.71,0.0,0.0,0.29,-5.0,-130.0,85.05,802,-1,64.82,290,-1,-119.57,919,-1,0.784,swing,-36.39,0.0,6.22,-44.39,5.0,-123.78,85.05,802,-1,26.58,421,-1,-112.61,739,-1,0.284,stance,14.88,0.0,0.0,6.88,-5.0,-130.0,85.05,527,-1,69.85,733,-1,-119.27,272,-1
9.492,0.792,1.0,0.0,walk,0.042,stance,39.37,0.0,-1.54,64.37,5.0,-131.54,85.05,221,-1,90.97,822,-1,-93.74,192,-1,0.542,stance,-25.75,0.0,0.0,-0.75,-5.0,-130.0,85.05,802,-1,64.0,293,-1,-119.57,919,-1,0.792,swing,-34.55,0.0,7.55,-42.55,5.0,-122.45,85.05,802,-1,28.36,415,-1,-114.67,746,-1,0.292,stance,13.63,0.0,0.0,5.63,-5.0,-130.0,85.05,527,-1,68.92,729,-1,-119.37,272,-1
9.512,0.8,1.0,0.0,walk,0.05,stance,39.12,0.0,-1.73,64.12,5.0,-131.73,85.05,221,-1,90.8,821,220,-93.76,192,819,0.55,stance,-26.76,0.0,0.0,-1.76,-5.0,-130.0,85.05,802,189,63.18,296,-1,-119.55,919,-1,0.8,swing,-32.35,0.0,8.82,-40.35,5.0,-121.18,85.05,802,801,30.48,408,405,-116.81,753,751,0.3,stance,12.36,0.0,0.0,4.36,-5.0,-130.0,85.05,527,524,67.97,726,723,-119.45,271,272
9.722,0.808,1.0,0.0,walk,0.058,stance,38.82,0.0,-1.87,63.82,5.0,-131.87,85.05,221,-1,90.67,821,-1,-93.86,191,-1,0.558,stance,-27.74,0.0,0.0,-2.74,-5.0,-130.0,85.05,802,-1,62.39,299,-1,-119.52,919,-1,0.808,swing,-29.83,0.0,9.99,-37.83,5.0,-120.01,85.05,802,-1,32.95,399,-1,-119.0,760,-1,0.308,stance,11.08,0.0,0.0,3.08,-5.0,-130.0,85.05,527,-1,66.99,723,-1,-119.51,271,-1
9.743,0.816,1.0,0.0,walk,0.066,stance,38.47,0.0,-1.96,63.47,5.0,-131.96,85.05,221,-1,90.58,820,-1,-94.03,191,-1,0.566,stance,-28.69,0.0,0.0,-3.69,-5.0,-130.0,85.05,802,-1,61.61,301,-1,-119.48,919,-1,0.816,swing,-27.01,0.0,11.06,-35.01,5.0,-118.94,85.05,802,-1,35.77,390,-1,-121.2,768,-1,0.316,stance,9.78,0.0,0.0,1.78,-5.0,-130.0,85.05,527,-1,65.99,719,-1,-119.55,271,-1
9.762,0.824,1.0,0.0,walk,0.074,stance,38.09,0.0,-2.0,63.09,5.0,-132.0,85.05,221,-1,90.53,820,-1,-94.28,190,-1,0.574,stance,-29.61,0.0,0.0,-4.61,-5.0,-130.0,85.05,802,-1,60.86,304,-1,-119.43,919,-1,0.824,swing,-23.91,0.0,12.02,-31.91,5.0,-117.98,85.05,802,-1,38.93,379,-1,-123.35,775,-1,0.324,stance,8.48,0.0,0.0,0.48,-5.0,-130.0,85.05,527,-1,64.97,716,-1,-119.57,271,-1
9.783,0.832,1.0,0.0,walk,0.082,stance,37.66,0.0,-1.98,62.66,5.0,-131.98,85.05,221,-1,90.52,820,-1,-94.6,189,-1,0.582,stance,-30.49,0.0,0.0,-5.49,-5.0,-130.0,85.05,802,-1,60.13,306,-1,-119.38,919,-1,0.832,swing,-20.57,0.0,12.86,-28.57,5.0,-117.14,85.05,802,-1,42.41,367,-1,-125.41,782,-1,0.332,stance,7.16,0.0,0.0,-0.84,-5.0,-130.0,85.05,527,-1,63.93,712,-1,-119.57,271,-1
9.802,0.84,1.0,0.0,walk,0.09,stance,37.19,0.0,-1.9,62.19,5.0,-131.9,85.05,221,219,90.55,820,819,-95.0,188,188,0.59,stance,-31.34,0.0,0.0,-6.34,-5.0,-130.0,85.05,802,800,59.42,309,309,-119.31,918,917,0.84,swing,-17.03,0.0,13.57,-25.03,5.0,-116.43,85.05,802,801,46.19,354,350,-127.32,789,763,0.34,stance,5.84,0.0,0.0,-2.16,-5.0,-130.0,85.05,527,524,62.86,709,705,-119.54,271,272
10.012,0.848,1.0,0.0,walk,0.098,stance,36.67,0.0,-1.77,61.67,5.0,-131.77,85.05,221,-1,90.63,821,-1,-95.46,186,-1,0.598,stance,-32.16,0.0,0.0,-7.16,-5.0,-130.0,85.05,802,-1,58.73,311,-1,-119.24,918,-1,0.848,swing,-13.31,0.0,14.14,-21.31,5.0,-115.86,85.05,802,-1,50.22,340,-1,-129.03,795,-1,0.348,stance,4.51,0.0,0.0,-3.49,-5.0,-130.0,85.05,527,-1,61.78,705,-1,-119.49,271,-1
10.032,0.856,1.0,0.0,walk,0.106,stance,36.12,0.0,-1.59,61.12,5.0,-131.59,85.05,221,-1,90.74,821,-1,-96.0,184,-1,0.606,stance,-32.94,0.0,0.0,-7.94,-5.0,-130.0,85.05,802,-1,58.08,313,-1,-119.17,918,-1,0.856,swing,-9.46,0.0,14.57,-17.46,5.0,-115.43,85.05,802,-1,54.45,326,-1,-130.48,800,-1,0.356,stance,3.18,0.0,0.0,-4.82,-5.0,-130.0,85.05,527,-1,60.68,701,-1,-119.42,271,-1
10.052,0.864,1.0,0.0,walk,0.114,stance,35.52,0.0,-1.37,60.52,5.0,-131.37,85.05,221,-1,90.88,821,-1,-96.59,182,-1,0.614,stance,-33.68,0.0,0.0,-8.68,-5.0,-130.0,85.05,802,-1,57.45,316,-1,-119.09,918,-1,0.864,swing,-5.51,0.0,14.86,-13.51,5.0,-115.14,85.05,802,-1,58.78,311,-1,-131.63,804,-1,0.364,stance,1.84,0.0,0.0,-6.16,-5.0,-130.0,85.05,527,-1,59.57,698,-1,-119.33,272,-1
10.072,0.872,1.0,0.0,walk,0.122,stance,34.89,0.0,-1.11,59.89,5.0,-131.11,85.05,221,-1,91.04,822,-1,-97.25,180,-1,0.622,stance,-34.38,0.0,0.0,-9.38,-5.0,-130.0,85.05,802,-1,56.85,318,-1,-119.0,917,-1,0.872,swing,-1.51,0.0,14.99,-9.51,5.0,-115.01,85.05,802,-1,63.13,296,-1,-132.44,806,-1,0.372,stance,0.5,0.0,0.0,-7.5,-5.0,-130.0,85.05,527,-1,58.45,694,-1,-119.21,272,-1
10.092,0.88,1.0,0.0,walk,0.13,stance,34.21,0.0,-0.81,59.21,5.0,-130.81,85.05,221,220,91.23,823,819,-97.94,178,177,0.63,stance,-35.05,0.0,0.0,-10.05,-5.0,-130.0,85.05,802,801,56.28,320,320,-118.92,917,917,0.88,swing,2.51,0.0,15.0,-5.49,5.0,-115.0,85.05,802,801,67.39,282,277,-132.91,808,764,0.38,stance,-0.84,0.0,0.0,-8.84,-5.0,-130.0,85.05,527,524,57.31,690,686,-119.07,273,272
10.303,0.888,1.0,0.0,walk,0.138,stance,33.5,0.0,-0.5,58.5,5.0,-130.5,85.05,221,-1,91.42,823,-1,-98.68,175,-1,0.638,stance,-35.68,0.0,0.0,-10.68,-5.0,-130.0,85.05,802,-1,55.75,321,-1,-118.84,917,-1,0.888,swing,6.5,0.0,15.0,-1.5,5.0,-115.0,85.05,802,-1,71.51,268,-1,-133.13,809,-1,0.388,stance,-2.18,0.0,0.0,-10.18,-5.0,-130.0,85.05,527,-1,56.17,686,-1,-118.91,273,-1
10.322,0.896,1.0,0.0,walk,0.146,stance,32.75,0.0,-0.17,57.75,5.0,-130.17,85.05,221,-1,91.61,824,-1,-99.45,172,-1,0.646,stance,-36.26,0.0,0.0,-11.26,-5.0,-130.0,85.05,802,-1,55.24,323,-1,-118.76,916,-1,0.896,swing,10.43,0.0,15.0,2.43,5.0,-115.0,85.05,802,-1,75.42,254,-1,-133.1,809,-1,0.396,stance,-3.51,0.0,0.0,-11.51,-5.0,-130.0,85.05,527,-1,55.03,682,-1,-118.72,274,-1
10.343,0.904,1.0,0.0,walk,0.154,stance,31.96,0.0,0.0,56.96,5.0,-130.0,85.05,221,-1,91.66,824,-1,-100.1,170,-1,0.654,stance,-36.81,0.0,0.0,-11.81,-5.0,-130.0,85.05,802,-1,54.77,325,-1,-118.68,916,-1,0.904,swing,14.26,0.0,15.0,6.26,5.0,-115.0,85.05,802,-1,79.06,242,-1,-132.85,808,-1,0.404,stance,-4.85,0.0,0.0,-12.85,-5.0,-130.0,85.05,527,-1,53.87,678,-1,-118.51,274,-1
10.362,0.912,1.0,0.0,walk,0.162,stance,31.14,0.0,0.0,56.14,5.0,-130.0,85.05,221,-1,91.55,824,-1,-100.64,168,-1,0.662,stance,-37.31,0.0,0.0,-12.31,-5.0,-130.0,85.05,802,-1,54.34,326,-1,-118.6,916,-1,0.912,swing,17.93,0.0,15.0,9.93,5.0,-115.0,85.05,802,-1,82.38,231,-1,-132.39,806,-1,0.412,stance,-6.17,0.0,0.0,-14.17,-5.0,-130.0,85.05,527,-1,52.72,674,-1,-118.28,275,-1
10.382,0.92,1.0,0.0,walk,0.17,stance,30.28,0.0,0.0,55.28,5.0,-130.0,85.05,221,219,91.43,823,819,-101.18,166,165,0.67,stance,-37.77,0.0,0.0,-12.77,-5.0,-130.0,85.05,802,800,53.94,328,328,-118.52,916,916,0.92,swing,21.43,0.0,15.0,13.43,5.0,-115.0,85.05,802,801,85.34,220,216,-131.77,804,763,0.42,stance,-7.49,0.0,0.0,-15.49,-5.0,-130.0,85.05,527,524,51.57,670,666,-118.03,276,274
10.576,0.928,1.0,0.0,walk,0.178,stance,29.39,0.0,0.0,54.39,5.0,-130.0,85.05,221,-1,91.3,823,-1,-101.74,165,-1,0.678,stance,-38.19,0.0,0.0,-13.19,-5.0,-130.0,85.05,802,-1,53.57,329,-1,-118.45,915,-1,0.928,swing,24.71,0.0,15.0,16.71,5.0,-115.0,85.05,802,-1,87.93,212,-1,-131.03,801,-1,0.428,stance,-8.81,0.0,0.0,-16.81,-5.0,-130.0,85.05,527,-1,50.42,666,-1,-117.76,277,-1
10.622,0.936,1.0,0.0,walk,0.186,stance,28.46,0.0,0.0,53.46,5.0,-130.0,85.05,221,-1,91.15,822,-1,-102.32,163,-1,0.686,stance,-38.57,0.0,0.0,-13.57,-5.0,-130.0,85.05,802,-1,53.25,330,-1,-118.39,915,-1,0.936,swing,27.74,0.0,15.0,19.74,5.0,-115.0,85.05,802,-1,90.17,204,-1,-130.21,799,-1,0.436,stance,-10.11,0.0,0.0,-18.11,-5.0,-130.0,85.05,527,-1,49.27,662,-1,-117.48,278,-1
10.642,0.944,1.0,0.0,walk,0.194,stance,27.5,0.0,0.0,52.5,5.0,-130.0,85.05,221,-1,90.98,822,-1,-102.9,161,-1,0.694,stance,-38.9,0.0,0.0,-13.9,-5.0,-130.0,85.05,802,-1,52.96,331,-1,-118.33,915,-1,0.944,swing,30.5,0.0,15.0,22.5,5.0,-115.0,85.05,802,-1,92.05,198,-1,-129.36,796,-1,0.444,stance,-11.4,0.0,0.0,-19.4,-5.0,-130.0,85.05,527,-1,48.13,659,-1,-117.17,279,-1
10.672,0.952,1.0,0.0,walk,0.202,stance,26.51,0.0,0.0,51.51,5.0,-130.0,85.05,221,-1,90.8,821,-1,-103.49,159,-1,0.702,stance,-39.19,0.0,0.0,-14.19,-5.0,-130.0,85.05,802,-1,52.7,332,-1,-118.28,915,-1,0.952,swing,32.94,0.0,15.0,24.94,5.0,-115.0,85.05,802,-1,93.61,192,-1,-128.53,793,-1,0.452,stance,-12.68,0.0,0.0,-20.68,-5.0,-130.0,85.05,527,-1,47.0,655,-1,-116.85,280,-1
10.692,0.96,1.0,0.0,walk,0.21,stance,25.5,0.0,0.0,50.5,5.0,-130.0,85.05,221,219,90.6,820,819,-104.1,157,157,0.71,stance,-39.44,0.0,0.0,-14.44,-5.0,-130.0,85.05,802,800,52.49,333,332,-118.23,915,914,0.96,swing,35.05,0.0,15.0,27.05,5.0,-115.0,85.05,802,801,94.87,188,187,-127.74,790,764,0.46,stance,-13.94,0.0,0.0,-21.94,-5.0,-130.0,85.05,527,524,45.88,651,650,-116.51,281,279
10.912,0.968,1.0,0.0,walk,0.218,stance,24.45,0.0,0.0,49.45,5.0,-130.0,85.05,221,-1,90.38,820,-1,-104.7,154,-1,0.718,stance,-39.64,0.0,0.0,-14.64,-5.0,-130.0,85.05,802,-1,52.31,333,-1,-118.2,915,-1,0.968,swing,36.81,0.0,14.22,28.81,5.0,-115.78,85.05,802,-1,95.16,187,-1,-126.42,786,-1,0.468,stance,-15.19,0.0,0.0,-23.19,-5.0,-130.0,85.05,527,-1,44.77,647,-1,-116.15,283,-1
10.943,0.976,1.0,0.0,walk,0.226,stance,23.37,0.0,0.0,48.37,5.0,-130.0,85.05,221,-1,90.14,819,-1,-105.31,152,-1,0.726,stance,-39.8,0.0,0.0,-14.8,-5.0,-130.0,85.05,802,-1,52.18,334,-1,-118.17,914,-1,0.976,swing,38.19,0.0,10.69,30.19,5.0,-119.31,85.05,802,-1,92.78,195,-1,-122.98,774,-1,0.476,stance,-16.42,0.0,0.0,-24.42,-5.0,-130.0,85.05,527,-1,43.67,643,-1,-115.79,284,-1
10.972,0.984,1.0,0.0,walk,0.234,stance,22.27,0.0,0.0,47.27,5.0,-130.0,85.05,221,-1,89.89,818,-1,-105.93,150,-1,0.734,stance,-39.91,0.0,0.0,-14.91,-5.0,-130.0,85.05,802,-1,52.08,334,-1,-118.15,914,-1,0.984,swing,39.19,0.0,5.79,31.19,5.0,-124.21,85.05,802,-1,89.09,208,-1,-118.48,759,-1,0.484,stance,-17.63,0.0,0.0,-25.63,-5.0,-130.0,85.05,527,-1,42.59,640,-1,-115.41,285,-1
10.975,0.992,1.0,0.0,walk,0.242,stance,21.15,0.0,0.0,46.15,5.0,-130.0,85.05,221,-1,89.6,817,-1,-106.54,148,-1,0.742,stance,-39.98,0.0,0.0,-14.98,-5.0,-130.0,85.05,802,-1,52.02,334,-1,-118.13,914,-1,0.992,swing,39.8,0.0,1.62,31.8,5.0,-128.38,85.05,802,-1,85.94,218,-1,-114.65,746,-1,0.492,stance,-18.83,0.0,0.0,-26.83,-5.0,-130.0,85.05,527,-1,41.53,636,-1,-115.02,286,-1
11.012,0.0,1.0,0.0,walk,0.25,stance,20.0,0.0,0.0,45.0,5.0,-130.0,85.05,221,219,89.3,816,816,-107.16,146,146,0.75,swing,-40.0,0.0,0.0,-15.0,-5.0,-130.0,85.05,802,800,52.0,334,332,-118.13,914,914,0.0,stance,40.0,0.0,-0.0,32.0,5.0,-130.0,85.05,802,801,84.71,223,226,-113.15,740,738,0.5,stance,-20.0,0.0,0.0,-28.0,-5.0,-130.0,85.05,527,524,40.48,632,629,-114.62,288,287
11.222,0.008,1.0,0.0,walk,0.258,stance,18.83,0.0,0.0,43.83,5.0,-130.0,85.05,221,-1,88.98,815,-1,-107.77,144,-1,0.758,swing,-39.8,0.0,1.51,-14.8,-5.0,-128.49,85.05,802,-1,52.76,332,-1,-119.55,919,-1,0.008,stance,39.98,0.0,-0.33,31.98,5.0,-130.33,85.05,802,-1,84.44,224,-1,-112.86,740,-1,0.508,stance,-21.15,0.0,0.0,-29.15,-5.0,-130.0,85.05,527,-1,39.46,629,-1,-114.22,289,-1
11.252,0.016,1.0,0.0,walk,0.266,stance,17.63,0.0,0.0,42.63,5.0,-130.0,85.05,221,-1,88.63,814,-1,-108.38,142,-1,0.766,swing,-39.19,0.0,3.0,-14.19,-5.0,-127.0,85.05,802,-1,53.87,328,-1,-121.02,924,-1,0.016,stance,39.91,0.0,-0.66,31.91,5.0,-130.66,85.05,802,-1,84.15,225,-1,-112.6,739,-1,0.516,stance,-22.27,0.0,0.0,-30.27,-5.0,-130.0,85.05,527,-1,38.45,626,-1,-113.81,291,-1
11.272,0.024,1.0,0.0,walk,0.274,stance,16.42,0.0,0.0,41.42,5.0,-130.0,85.05,221,-1,88.25,812,-1,-108.98,140,-1,0.774,swing,-38.19,0.0,4.46,-13.19,-5.0,-125.54,85.05,802,-1,55.34,323,-1,-122.52,929,-1,0.024,stance,39.8,0.0,-0.96,31.8,5.0,-130.96,85.05,802,-1,83.85,226,-1,-112.37,738,-1,0.524,stance,-23.38,0.0,0.0,-31.38,-5.0,-130.0,85.05,527,-1,37.47,622,-1,-113.39,292,-1
11.292,0.032,1.0,0.0,walk,0.282,stance,15.19,0.0,0.0,40.19,5.0,-130.0,85.05,221,-1,87.86,811,-1,-109.58,138,-1,0.782,swing,-36.81,0.0,5.87,-11.81,-5.0,-124.13,85.05,802,-1,57.18,316,-1,-124.03,934,-1,0.032,stance,39.64,0.0,-1.24,31.64,5.0,-131.24,85.05,802,-1,83.56,227,-1,-112.19,737,-1,0.532,stance,-24.45,0.0,0.0,-32.45,-5.0,-130.0,85.05,527,-1,36.52,619,-1,-112.97,293,-1
11.312,0.04,1.0,0.0,walk,0.29,stance,13.94,0.0,0.0,38.94,5.0,-130.0,85.05,221,220,87.43,810,811,-110.17,136,137,0.79,swing,-35.05,0.0,7.23,-10.05,-5.0,-122.77,85.05,802,800,59.39,309,307,-125.51,939,923,0.04,stance,39.44,0.0,-1.49,31.44,5.0,-131.49,85.05,802,801,83.28,228,226,-112.05,737,738,0.54,stance,-25.5,0.0,0.0,-33.5,-5.0,-130.0,85.05,527,524,35.59,616,613,-112.55,295,293
11.522,0.048,1.0,0.0,walk,0.298,stance,12.68,0.0,0.0,37.68,5.0,-130.0,85.05,221,-1,86.98,808,-1,-110.75,134,-1,0.798,swing,-32.94,0.0,8.51,-7.94,-5.0,-121.49,85.05,802,-1,61.95,300,-1,-126.92,944,-1,0.048,stance,39.19,0.0,-1.69,31.19,5.0,-131.69,85.05,802,-1,83.01,228,-1,-111.96,736,-1,0.548,stance,-26.51,0.0,0.0,-34.51,-5.0,-130.0,85.05,527,-1,34.68,613,-1,-112.13,296,-1
11.543,0.056,1.0,0.0,walk,0.306,stance,11.4,0.0,0.0,36.4,5.0,-130.0,85.05,221,-1,86.51,806,-1,-111.32,132,-1,0.806,swing,-30.5,0.0,9.71,-5.5,-5.0,-120.29,85.05,802,-1,64.85,290,-1,-128.23,949,-1,0.056,stance,38.9,0.0,-1.84,30.9,5.0,-131.84,85.05,802,-1,82.76,229,-1,-111.93,736,-1,0.556,stance,-27.5,0.0,0.0,-35.5,-5.0,-130.0,85.05,527,-1,33.8,610,-1,-111.71,298,-1
11.562,0.064,1.0,0.0,walk,0.314,stance,10.11,0.0,0.0,35.11,5.0,-130.0,85.05,221,-1,86.01,805,-1,-111.88,130,-1,0.814,swing,-27.75,0.0,10.8,-2.75,-5.0,-119.2,85.05,802,-1,68.03,280,-1,-129.37,953,-1,0.064,stance,38.57,0.0,-1.95,30.57,5.0,-131.95,85.05,802,-1,82.53,230,-1,-111.96,736,-1,0.564,stance,-28.46,0.0,0.0,-36.46,-5.0,-130.0,85.05,527,-1,32.96,607,-1,-111.3,299,-1
11.582,0.072,1.0,0.0,walk,0.322,stance,8.81,0.0,0.0,33.81,5.0,-130.0,85.05,221,-1,85.48,803,-1,-112.42,128,-1,0.822,swing,-24.71,0.0,11.79,0.29,-5.0,-118.21,85.05,802,-1,71.46,268,-1,-130.31,956,-1,0.072,stance,38.19,0.0,-2.0,30.19,5.0,-132.0,85.05,802,-1,82.32,231,-1,-112.05,737,-1,0.572,stance,-29.39,0.0,0.0,-37.39,-5.0,-130.0,85.05,527,-1,32.14,604,-1,-110.88,300,-1
11.602,0.08,1.0,0.0,walk,0.33,stance,7.5,0.0,0.0,32.5,5.0,-130.0,85.05,221,219,84.93,801,803,-112.95,126,127,0.83,swing,-21.43,0.0,12.66,3.57,-5.0,-117.34,85.05,802,801,75.05,256,253,-130.99,958,931,0.08,stance,37.77,0.0,-1.99,29.77,5.0,-131.99,85.05,802,801,82.14,231,231,-112.21,737,738,0.58,stance,-30.28,0.0,0.0,-38.28,-5.0,-130.0,85.05,527,524,31.35,601,598,-110.48,302,301
11.812,0.088,1.0,0.0,walk,0.338,stance,6.17,0.0,0.0,31.17,5.0,-130.0,85.05,221,-1,84.35,799,-1,-113.47,125,-1,0.838,swing,-17.94,0.0,13.41,7.06,-5.0,-116.59,85.05,802,-1,78.72,243,-1,-131.36,959,-1,0.088,stance,37.31,0.0,-1.93,29.31,5.0,-131.93,85.05,802,-1,81.97,232,-1,-112.44,738,-1,0.588,stance,-31.14,0.0,0.0,-39.14,-5.0,-130.0,85.05,527,-1,30.59,599,-1,-110.08,303,-1
11.832,0.096,1.0,0.0,walk,0.346,stance,4.85,0.0,0.0,29.85,5.0,-130.0,85.05,221,-1,83.75,797,-1,-113.96,123,-1,0.846,swing,-14.26,0.0,14.01,10.74,-5.0,-115.99,85.05,802,-1,82.35,231,-1,-131.41,960,-1,0.096,stance,36.81,0.0,-1.81,28.81,5.0,-131.81,85.05,802,-1,81.83,232,-1,-112.72,739,-1,0.596,stance,-31.96,0.0,0.0,-39.96,-5.0,-130.0,85.05,527,-1,29.86,596,-1,-109.69,305,-1
11.852,0.104,1.0,0.0,walk,0.354,stance,3.51,0.0,0.0,28.51,5.0,-130.0,85.05,221,-1,83.12,795,-1,-114.44,121,-1,0.854,swing,-10.43,0.0,14.48,14.57,-5.0,-115.52,85.05,802,-1,85.85,219,-1,-131.09,959,-1,0.104,stance,36.26,0.0,-1.64,28.26,5.0,-131.64,85.05,802,-1,81.7,233,-1,-113.06,740,-1,0.604,stance,-32.75,0.0,0.0,-40.75,-5.0,-130.0,85.05,527,-1,29.17,594,-1,-109.31,306,-1
11.872,0.112,1.0,0.0,walk,0.362,stance,2.18,0.0,0.0,27.18,5.0,-130.0,85.05,221,-1,82.46,793,-1,-114.9,120,-1,0.862,swing,-6.51,0.0,14.8,18.49,-5.0,-115.2,85.05,802,-1,89.1,208,-1,-130.4,956,-1,0.112,stance,35.68,0.0,-1.43,27.68,5.0,-131.43,85.05,802,-1,81.59,233,-1,-113.45,742,-1,0.612,stance,-33.5,0.0,0.0,-41.5,-5.0,-130.0,85.05,527,-1,28.51,592,-1,-108.95,307,-1
11.902,0.12,1.0,0.0,walk,0.37,stance,0.84,0.0,0.0,25.84,5.0,-130.0,85.05,221,219,81.78,790,791,-115.34,118,119,0.87,swing,-2.51,0.0,14.97,22.49,-5.0,-115.03,85.05,802,800,92.02,198,192,-129.34,953,930,0.12,stance,35.05,0.0,-1.18,27.05,5.0,-131.18,85.05,802,801,81.48,234,232,-113.89,743,740,0.62,stance,-34.21,0.0,0.0,-42.21,-5.0,-130.0,85.05,527,524,27.88,590,588,-108.59,308,305
12.112,0.128,1.0,0.0,walk,0.378,stance,-0.5,0.0,0.0,24.5,5.0,-130.0,85.05,221,-1,81.08,788,-1,-115.76,117,-1,0.878,swing,1.51,0.0,15.0,26.51,-5.0,-115.0,85.05,802,-1,94.56,189,-1,-127.95,948,-1,0.128,stance,34.39,0.0,-0.89,26.39,5.0,-130.89,85.05,802,-1,81.37,234,-1,-114.37,745,-1,0.628,stance,-34.89,0.0,0.0,-42.89,-5.0,-130.0,85.05,527,-1,27.29,588,-1,-108.25,309,-1
12.132,0.136,1.0,0.0,walk,0.386,stance,-1.84,0.0,0.0,23.16,5.0,-130.0,85.05,221,-1,80.36,786,-1,-116.16,115,-1,0.886,swing,5.51,0.0,15.0,30.51,-5.0,-115.0,85.05,802,-1,96.77,182,-1,-126.34,942,-1,0.136,stance,33.68,0.0,-0.58,25.68,5.0,-130.58,85.05,802,-1,81.25,234,-1,-114.87,746,-1,0.636,stance,-35.53,0.0,0.0,-43.53,-5.0,-130.0,85.05,527,-1,26.73,586,-1,-107.93,311,-1
12.153,0.144,1.0,0.0,walk,0.394,stance,-3.18,0.0,0.0,21.82,5.0,-130.0,85.05,221,-1,79.61,783,-1,-116.54,114,-1,0.894,swing,9.46,0.0,15.0,34.46,-5.0,-115.0,85.05,802,-1,98.67,175,-1,-124.57,936,-1,0.144,stance,32.94,0.0,-0.25,24.94,5.0,-130.25,85.05,802,-1,81.12,235,-1,-115.4,748,-1,0.644,stance,-36.12,0.0,0.0,-44.12,-5.0,-130.0,85.05,527,-1,26.21,584,-1,-107.62,312,-1
12.172,0.152,1.0,0.0,walk,0.402,stance,-4.51,0.0,0.0,20.49,5.0,-130.0,85.05,221,-1,78.84,780,-1,-116.9,113,-1,0.902,swing,13.31,0.0,15.0,38.31,-5.0,-115.0,85.05,802,-1,100.26,170,-1,-122.68,930,-1,0.152,stance,32.16,0.0,0.0,24.16,5.0,-130.0,85.05,802,-1,80.9,236,-1,-115.87,750,-1,0.652,stance,-36.68,0.0,0.0,-44.68,-5.0,-130.0,85.05,527,-1,25.73,582,-1,-107.33,313,-1
12.192,0.16,1.0,0.0,walk,0.41,stance,-5.84,0.0,0.0,19.16,5.0,-130.0,85.05,221,219,78.06,778,779,-117.23,112,112,0.91,swing,17.03,0.0,15.0,42.03,-5.0,-115.0,85.05,802,800,101.57,165,162,-120.71,923,919,0.16,stance,31.35,0.0,0.0,23.35,5.0,-130.0,85.05,802,801,80.46,237,235,-116.11,751,746,0.66,stance,-37.19,0.0,0.0,-45.19,-5.0,-130.0,85.05,527,524,25.28,581,580,-107.06,314,312
12.402,0.168,1.0,0.0,walk,0.418,stance,-7.17,0.0,0.0,17.83,5.0,-130.0,85.05,221,-1,77.26,775,-1,-117.54,111,-1,0.918,swing,20.58,0.0,15.0,45.58,-5.0,-115.0,85.05,802,-1,102.61,162,-1,-118.7,916,-1,0.168,stance,30.5,0.0,0.0,22.5,5.0,-130.0,85.05,802,-1,79.99,239,-1,-116.35,751,-1,0.668,stance,-37.66,0.0,0.0,-45.66,-5.0,-130.0,85.05,527,-1,24.87,579,-1,-106.8,314,-1
12.423,0.176,1.0,0.0,walk,0.426,stance,-8.48,0.0,0.0,16.52,5.0,-130.0,85.05,221,-1,76.44,772,-1,-117.82,110,-1,0.926,swing,23.92,0.0,15.0,48.92,-5.0,-115.0,85.05,802,-1,103.42,159,-1,-116.7,909,-1,0.176,stance,29.61,0.0,0.0,21.61,5.0,-130.0,85.05,802,-1,79.49,240,-1,-116.6,752,-1,0.676,stance,-38.09,0.0,0.0,-46.09,-5.0,-130.0,85.05,527,-1,24.49,578,-1,-106.57,315,-1
12.442,0.184,1.0,0.0,walk,0.434,stance,-9.79,0.0,0.0,15.21,5.0,-130.0,85.05,221,-1,75.61,769,-1,-118.09,109,-1,0.934,swing,27.01,0.0,15.0,52.01,-5.0,-115.0,85.05,802,-1,104.02,157,-1,-114.75,903,-1,0.184,stance,28.7,0.0,0.0,20.7,5.0,-130.0,85.05,802,-1,78.97,242,-1,-116.84,753,-1,0.684,stance,-38.48,0.0,0.0,-46.48,-5.0,-130.0,85.05,527,-1,24.16,577,-1,-106.36,316,-1
12.463,0.192,1.0,0.0,walk,0.442,stance,-11.08,0.0,0.0,13.92,5.0,-130.0,85.05,221,-1,74.76,766,-1,-118.33,108,-1,0.942,swing,29.84,0.0,15.0,54.84,-5.0,-115.0,85.05,802,-1,104.45,155,-1,-112.89,896,-1,0.192,stance,27.75,0.0,0.0,19.75,5.0,-130.0,85.05,802,-1,78.41,244,-1,-117.08,754,-1,0.692,stance,-38.83,0.0,0.0,-46.83,-5.0,-130.0,85.05,527,-1,23.86,576,-1,-106.17,317,-1
12.482,0.2,1.0,0.0,walk,0.45,stance,-12.36,0.0,0.0,12.64,5.0,-130.0,85.05,221,219,73.91,764,766,-118.55,107,109,0.95,swing,32.36,0.0,15.0,57.36,-5.0,-115.0,85.05,802,801,104.75,154,154,-111.18,891,887,0.2,stance,26.77,0.0,0.0,18.77,5.0,-130.0,85.05,802,801,77.82,246,248,-117.32,755,749,0.7,stance,-39.13,0.0,0.0,-47.13,-5.0,-130.0,85.05,527,524,23.59,575,573,-106.01,317,313
12.692,0.208,1.0,0.0,walk,0.458,stance,-13.63,0.0,0.0,11.37,5.0,-130.0,85.05,221,-1,73.04,761,-1,-118.74,107,-1,0.958,swing,34.56,0.0,15.0,59.56,-5.0,-115.0,85.05,802,-1,104.94,154,-1,-109.64,885,-1,0.208,stance,25.75,0.0,0.0,17.75,5.0,-130.0,85.05,802,-1,77.21,248,-1,-117.56,756,-1,0.708,stance,-39.38,0.0,0.0,-47.38,-5.0,-130.0,85.05,527,-1,23.37,574,-1,-105.87,318,-1
12.712,0.216,1.0,0.0,walk,0.466,stance,-14.88,0.0,0.0,10.12,5.0,-130.0,85.05,221,-1,72.18,758,-1,-118.91,106,-1,0.966,swing,36.4,0.0,14.68,61.4,-5.0,-115.32,85.05,802,-1,104.77,154,-1,-108.1,880,-1,0.216,stance,24.71,0.0,0.0,16.71,5.0,-130.0,85.05,802,-1,76.56,250,-1,-117.78,756,-1,0.716,stance,-39.59,0.0,0.0,-47.59,-5.0,-130.0,85.05,527,-1,23.19,574,-1,-105.75,318,-1
12.732,0.224,1.0,0.0,walk,0.474,stance,-16.12,0.0,0.0,8.88,5.0,-130.0,85.05,221,-1,71.3,755,-1,-119.06,105,-1,0.974,swing,37.88,0.0,11.78,62.88,-5.0,-118.22,85.05,802,-1,102.29,163,-1,-105.01,870,-1,0.224,stance,23.65,0.0,0.0,15.65,5.0,-130.0,85.05,802,-1,75.88,253,-1,-118.0,757,-1,0.724,stance,-39.76,0.0,0.0,-47.76,-5.0,-130.0,85.05,527,-1,23.04,573,-1,-105.66,318,-1
12.752,0.232,1.0,0.0,walk,0.482,stance,-17.33,0.0,0.0,7.67,5.0,-130.0,85.05,221,-1,70.42,752,-1,-119.19,105,-1,0.982,swing,38.98,0.0,7.03,63.98,-5.0,-122.97,85.05,802,-1,98.23,177,-1,-100.77,855,-1,0.232,stance,22.55,0.0,0.0,14.55,5.0,-130.0,85.05,802,-1,75.18,255,-1,-118.21,758,-1,0.732,stance,-39.89,0.0,0.0,-47.89,-5.0,-130.0,85.05,527,-1,22.93,573,-1,-105.59,319,-1
12.772,0.24,1.0,0.0,walk,0.49,stance,-18.53,0.0,0.0,6.47,5.0,-130.0,85.05,221,223,69.55,749,749,-119.3,105,105,0.99,swing,39.68,0.0,2.48,64.68,-5.0,-127.52,85.05,802,800,94.39,190,193,-96.77,841,833,0.24,stance,21.43,0.0,0.0,13.43,5.0,-130.0,85.05,802,801,74.44,258,260,-118.41,758,755,0.74,stance,-39.96,0.0,0.0,-47.96,-5.0,-130.0,85.05,527,524,22.87,572,572,-105.54,319,317
12.982,0.248,1.0,0.0,walk,0.498,stance,-19.71,0.0,0.0,5.29,5.0,-130.0,85.05,221,-1,68.67,746,-1,-119.39,104,-1,0.998,swing,39.99,0.0,0.11,64.99,-5.0,-129.89,85.05,802,-1,92.39,196,-1,-94.64,834,-1,0.248,stance,20.29,0.0,0.0,12.29,5.0,-130.0,85.05,802,-1,73.67,260,-1,-118.6,759,-1,0.748,stance,-40.0,0.0,0.0,-48.0,-5.0,-130.0,85.05,527,-1,22.84,572,-1,-105.52,319,-1
13.002,0.256,1.0,0.0,walk,0.506,stance,-20.86,0.0,0.0,4.14,5.0,-130.0,85.05,221,-1,67.8,743,-1,-119.46,104,-1,0.006,stance,39.99,0.0,-0.25,64.99,-5.0,-130.25,85.05,802,-1,92.09,197,-1,-94.35,833,-1,0.256,stance,19.12,0.0,0.0,11.12,5.0,-130.0,85.05,802,-1,72.87,263,-1,-118.78,760,-1,0.756,swing,-39.89,0.0,1.13,-47.89,-5.0,-128.87,85.05,527,-1,23.05,573,-1,-106.53,315,-1
13.022,0.264,1.0,0.0,walk,0.514,stance,-22.0,0.0,0.0,3.0,5.0,-130.0,85.05,221,-1,66.94,740,-1,-119.51,104,-1,0.014,stance,39.93,0.0,-0.58,64.93,-5.0,-130.58,85.05,802,-1,91.81,198,-1,-94.13,832,-1,0.264,stance,17.94,0.0,0.0,9.94,5.0,-130.0,85.05,802,-1,72.05,266,-1,-118.94,760,-1,0.764,swing,-39.38,0.0,2.63,-47.38,-5.0,-127.37,85.05,527,-1,23.64,575,-1,-108.05,310,-1
13.042,0.272,1.0,0.0,walk,0.522,stance,-23.1,0.0,0.0,1.9,5.0,-130.0,85.05,221,-1,66.08,737,-1,-119.55,104,-1,0.022,stance,39.83,0.0,-0.89,64.83,-5.0,-130.89,85.05,802,-1,91.54,199,-1,-93.94,832,-1,0.272,stance,16.73,0.0,0.0,8.73,5.0,-130.0,85.05,802,-1,71.19,269,-1,-119.08,761,-1,0.772,swing,-38.48,0.0,4.09,-46.48,-5.0,-125.91,85.05,527,-1,24.55,578,-1,-109.76,304,-1
13.062,0.28,1.0,0.0,walk,0.53,stance,-24.18,0.0,0.0,0.82,5.0,-130.0,85.05,221,219,65.24,734,735,-119.57,104,104,0.03,stance,39.68,0.0,-1.18,64.68,-5.0,-131.18,85.05,802,800,91.29,200,200,-93.81,831,831,0.28,stance,15.5,0.0,0.0,7.5,5.0,-130.0,85.05,802,801,70.3,272,273,-119.21,761,755,0.78,swing,-37.19,0.0,5.52,-45.19,-5.0,-124.48,85.05,527,524,25.81,582,581,-111.62,298,315
13.273,0.288,1.0,0.0,walk,0.538,stance,-25.24,0.0,0.0,-0.24,5.0,-130.0,85.05,221,-1,64.4,731,-1,-119.57,104,-1,0.038,stance,39.49,0.0,-1.43,64.49,-5.0,-131.43,85.05,802,-1,91.07,201,-1,-93.74,831,-1,0.288,stance,14.26,0.0,0.0,6.26,5.0,-130.0,85.05,802,-1,69.39,275,-1,-119.32,762,-1,0.788,swing,-35.53,0.0,6.89,-43.53,-5.0,-123.11,85.05,527,-1,27.42,588,-1,-113.62,291,-1
13.292,0.296,1.0,0.0,walk,0.546,stance,-26.26,0.0,0.0,-1.26,5.0,-130.0,85.05,221,-1,63.58,728,-1,-119.56,104,-1,0.046,stance,39.26,0.0,-1.64,64.26,-5.0,-131.64,85.05,802,-1,90.88,202,-1,-93.74,831,-1,0.296,stance,13.0,0.0,0.0,5.0,5.0,-130.0,85.05,802,-1,68.45,278,-1,-119.41,762,-1,0.796,swing,-33.5,0.0,8.2,-41.5,-5.0,-121.8,85.05,527,-1,29.37,595,-1,-115.73,284,-1
13.312,0.304,1.0,0.0,walk,0.554,stance,-27.26,0.0,0.0,-2.26,5.0,-130.0,85.05,221,-1,62.78,726,-1,-119.54,104,-1,0.054,stance,38.98,0.0,-1.81,63.98,-5.0,-131.81,85.05,802,-1,90.73,202,-1,-93.8,831,-1,0.304,stance,11.72,0.0,0.0,3.72,5.0,-130.0,85.05,802,-1,67.49,281,-1,-119.48,762,-1,0.804,swing,-31.14,0.0,9.42,-39.14,-5.0,-120.58,85.05,527,-1,31.67,602,-1,-117.9,277,-1
13.332,0.312,1.0,0.0,walk,0.562,stance,-28.22,0.0,0.0,-3.22,5.0,-130.0,85.05,221,-1,61.99,723,-1,-119.5,104,-1,0.062,stance,38.66,0.0,-1.93,63.66,-5.0,-131.93,85.05,802,-1,90.62,202,-1,-93.93,832,-1,0.312,stance,10.43,0.0,0.0,2.43,5.0,-130.0,85.05,802,-1,66.5,285,-1,-119.53,762,-1,0.812,swing,-28.46,0.0,10.54,-36.46,-5.0,-119.46,85.05,527,-1,34.32,611,-1,-120.1,269,-1
13.352,0.32,1.0,0.0,walk,0.57,stance,-29.16,0.0,0.0,-4.16,5.0,-130.0,85.05,221,-1,61.23,720,-1,-119.46,104,104,0.07,stance,38.29,0.0,-1.99,63.29,-5.0,-131.99,85.05,802,800,90.55,203,201,-94.14,833,831,0.32,stance,9.13,0.0,0.0,1.13,5.0,-130.0,85.05,802,801,65.49,288,289,-119.56,762,754,0.82,swing,-25.5,0.0,11.56,-33.5,-5.0,-118.44,85.05,527,524,37.31,622,619,-122.28,262,315
13.562,0.328,1.0,0.0,walk,0.578,stance,-30.06,0.0,0.0,-5.06,5.0,-130.0,85.05,221,-1,60.48,718,-1,-119.41,104,-1,0.078,stance,37.88,0.0,-2.0,62.88,-5.0,-132.0,85.05,802,-1,90.52,203,-1,-94.43,833,-1,0.328,stance,7.82,0.0,0.0,-0.18,5.0,-130.0,85.05,802,-1,64.45,292,-1,-119.57,762,-1,0.828,swing,-22.28,0.0,12.46,-30.28,-5.0,-117.54,85.05,527,-1,40.63,633,-1,-124.39,254,-1
13.582,0.336,1.0,0.0,walk,0.586,stance,-30.93,0.0,0.0,-5.93,5.0,-130.0,85.05,221,-1,59.76,715,-1,-119.35,105,-1,0.086,stance,37.43,0.0,-1.95,62.43,-5.0,-131.95,85.05,802,-1,90.53,203,-1,-94.79,835,-1,0.336,stance,6.51,0.0,0.0,-1.49,5.0,-130.0,85.05,802,-1,63.4,295,-1,-119.56,762,-1,0.836,swing,-18.83,0.0,13.23,-26.83,-5.0,-116.77,85.05,527,-1,44.27,645,-1,-126.38,248,-1
13.612,0.344,1.0,0.0,walk,0.594,stance,-31.76,0.0,0.0,-6.76,5.0,-130.0,85.05,221,-1,59.07,713,-1,-119.28,105,-1,0.094,stance,36.94,0.0,-1.84,61.94,-5.0,-131.84,85.05,802,-1,90.59,203,-1,-95.22,836,-1,0.344,stance,5.18,0.0,0.0,-2.82,5.0,-130.0,85.05,802,-1,62.32,299,-1,-119.52,762,-1,0.844,swing,-15.19,0.0,13.88,-23.19,-5.0,-116.12,85.05,527,-1,48.18,659,-1,-128.2,241,-1
13.632,0.352,1.0,0.0,walk,0.602,stance,-32.56,0.0,0.0,-7.56,5.0,-130.0,85.05,221,-1,58.4,711,-1,-119.2,105,-1,0.102,stance,36.4,0.0,-1.69,61.4,-5.0,-131.69,85.05,802,-1,90.68,202,-1,-95.72,838,-1,0.352,stance,3.85,0.0,0.0,-4.15,5.0,-130.0,85.05,802,-1,61.23,303,-1,-119.46,762,-1,0.852,swing,-11.4,0.0,14.38,-19.4,-5.0,-115.62,85.05,527,-1,52.31,673,-1,-129.79,236,-1
13.652,0.36,1.0,0.0,walk,0.61,stance,-33.32,0.0,0.0,-8.32,5.0,-130.0,85.05,221,219,57.76,708,709,-119.13,105,104,0.11,stance,35.83,0.0,-1.49,60.83,-5.0,-131.49,85.05,802,800,90.8,202,203,-96.29,840,839,0.36,stance,2.51,0.0,0.0,-5.49,5.0,-130.0,85.05,802,801,60.13,306,306,-119.38,762,755,0.86,swing,-7.5,0.0,14.73,-15.5,-5.0,-115.27,85.05,527,524,56.61,687,685,-131.1,232,315
13.862,0.368,1.0,0.0,walk,0.618,stance,-34.04,0.0,0.0,-9.04,5.0,-130.0,85.05,221,-1,57.14,706,-1,-119.05,106,-1,0.118,stance,35.21,0.0,-1.24,60.21,-5.0,-131.24,85.05,802,-1,90.96,201,-1,-96.91,842,-1,0.368,stance,1.17,0.0,0.0,-6.83,5.0,-130.0,85.05,802,-1,59.01,310,-1,-119.27,761,-1,0.868,swing,-3.51,0.0,14.94,-11.51,-5.0,-115.06,85.05,527,-1,60.96,702,-1,-132.08,228,-1
13.882,0.376,1.0,0.0,walk,0.626,stance,-34.72,0.0,0.0,-9.72,5.0,-130.0,85.05,221,-1,56.56,704,-1,-118.96,106,-1,0.126,stance,34.56,0.0,-0.96,59.56,-5.0,-130.96,85.05,802,-1,91.13,201,-1,-97.59,844,-1,0.376,stance,-0.17,0.0,0.0,-8.17,5.0,-130.0,85.05,802,-1,57.88,314,-1,-119.14,761,-1,0.876,swing,0.5,0.0,15.0,-7.5,-5.0,-115.0,85.05,527,-1,65.27,717,-1,-132.71,226,-1
13.902,0.384,1.0,0.0,walk,0.634,stance,-35.37,0.0,0.0,-10.37,5.0,-130.0,85.05,221,-1,56.01,702,-1,-118.88,106,-1,0.134,stance,33.86,0.0,-0.66,58.86,-5.0,-130.66,85.05,802,-1,91.32,200,-1,-98.31,847,-1,0.384,stance,-1.51,0.0,0.0,-9.51,5.0,-130.0,85.05,802,-1,56.74,318,-1,-118.99,760,-1,0.884,swing,4.51,0.0,15.0,-3.49,-5.0,-115.0,85.05,527,-1,69.47,731,-1,-133.05,225,-1
13.922,0.392,1.0,0.0,walk,0.642,stance,-35.98,0.0,0.0,-10.98,5.0,-130.0,85.05,221,-1,55.49,701,-1,-118.8,106,-1,0.142,stance,33.13,0.0,-0.33,58.13,-5.0,-130.33,85.05,802,-1,91.52,199,-1,-99.06,849,-1,0.392,stance,-2.85,0.0,0.0,-10.85,5.0,-130.0,85.05,802,-1,55.6,322,-1,-118.81,760,-1,0.892,swing,8.48,0.0,15.0,0.48,-5.0,-115.0,85.05,527,-1,73.5,745,-1,-133.14,225,-1
13.942,0.4,1.0,0.0,walk,0.65,stance,-36.54,0.0,0.0,-11.54,5.0,-130.0,85.05,221,219,55.0,699,701,-118.72,107,105,0.15,stance,32.36,0.0,0.0,57.36,-5.0,-130.0,85.05,802,801,91.71,199,201,-99.84,852,851,0.4,stance,-4.18,0.0,0.0,-12.18,5.0,-130.0,85.05,802,801,54.45,326,328,-118.62,759,755,0.9,swing,12.36,0.0,15.0,4.36,-5.0,-115.0,85.05,527,524,77.28,758,755,-133.0,225,315
14.162,0.408,1.0,0.0,walk,0.658,stance,-37.07,0.0,0.0,-12.07,5.0,-130.0,85.05,221,-1,54.55,698,-1,-118.64,107,-1,0.158,stance,31.55,0.0,0.0,56.55,-5.0,-130.0,85.05,802,-1,91.61,199,-1,-100.37,854,-1,0.408,stance,-5.51,0.0,0.0,-13.51,5.0,-130.0,85.05,802,-1,53.3,330,-1,-118.4,758,-1,0.908,swing,16.12,0.0,15.0,8.12,-5.0,-115.0,85.05,527,-1,80.76,770,-1,-132.64,226,-1
14.182,0.416,1.0,0.0,walk,0.666,stance,-37.55,0.0,0.0,-12.55,5.0,-130.0,85.05,221,-1,54.13,696,-1,-118.56,107,-1,0.166,stance,30.71,0.0,0.0,55.71,-5.0,-130.0,85.05,802,-1,91.5,200,-1,-100.91,856,-1,0.416,stance,-6.84,0.0,0.0,-14.84,5.0,-130.0,85.05,802,-1,52.14,334,-1,-118.16,758,-1,0.916,swing,19.71,0.0,15.0,11.71,-5.0,-115.0,85.05,527,-1,83.9,781,-1,-132.1,228,-1
14.202,0.424,1.0,0.0,walk,0.674,stance,-37.99,0.0,0.0,-12.99,5.0,-130.0,85.05,221,-1,53.75,695,-1,-118.49,107,-1,0.174,stance,29.84,0.0,0.0,54.84,-5.0,-130.0,85.05,802,-1,91.37,200,-1,-101.46,857,-1,0.424,stance,-8.15,0.0,0.0,-16.15,5.0,-130.0,85.05,802,-1,50.99,338,-1,-117.9,757,-1,0.924,swing,23.1,0.0,15.0,15.1,-5.0,-115.0,85.05,527,-1,86.68,790,-1,-131.41,230,-1
14.206,0.432,1.0,0.0,walk,0.682,stance,-38.39,0.0,0.0,-13.39,5.0,-130.0,85.05,221,-1,53.4,694,-1,-118.42,108,-1,0.182,stance,28.93,0.0,0.0,53.93,-5.0,-130.0,85.05,802,-1,91.23,200,-1,-102.03,859,-1,0.432,stance,-9.46,0.0,0.0,-17.46,5.0,-130.0,85.05,802,-1,49.84,342,-1,-117.62,756,-1,0.932,swing,26.26,0.0,15.0,18.26,-5.0,-115.0,85.05,527,-1,89.1,798,-1,-130.63,233,-1
14.242,0.44,1.0,0.0,walk,0.69,stance,-38.74,0.0,0.0,-13.74,5.0,-130.0,85.05,221,219,53.1,693,694,-118.36,108,106,0.19,stance,27.99,0.0,0.0,52.99,-5.0,-130.0,85.05,802,801,91.07,201,201,-102.61,861,860,0.44,stance,-10.76,0.0,0.0,-18.76,5.0,-130.0,85.05,802,801,48.7,345,346,-117.32,755,755,0.94,swing,29.16,0.0,15.0,21.16,-5.0,-115.0,85.05,527,524,91.15,805,803,-129.79,236,315
14.462,0.448,1.0,0.0,walk,0.698,stance,-39.05,0.0,0.0,-14.05,5.0,-130.0,85.05,221,-1,52.82,692,-1,-118.3,108,-1,0.198,stance,27.01,0.0,0.0,52.01,-5.0,-130.0,85.05,802,-1,90.9,202,-1,-103.2,863,-1,0.448,stance,-12.04,0.0,0.0,-20.04,5.0,-130.0,85.05,802,-1,47.56,349,-1,-117.01,754,-1,0.948,swing,31.76,0.0,15.0,23.76,-5.0,-115.0,85.05,527,-1,92.87,811,-1,-128.94,239,-1
14.465,0.456,1.0,0.0,walk,0.706,stance,-39.32,0.0,0.0,-14.32,5.0,-130.0,85.05,221,-1,52.59,691,-1,-118.26,108,-1,0.206,stance,26.01,0.0,0.0,51.01,-5.0,-130.0,85.05,802,-1,90.7,202,-1,-103.79,865,-1,0.456,stance,-13.31,0.0,0.0,-21.31,5.0,-130.0,85.05,802,-1,46.44,353,-1,-116.68,753,-1,0.956,swing,34.04,0.0,15.0,26.04,-5.0,-115.0,85.05,527,-1,94.28,816,-1,-128.13,242,-1
14.486,0.464,1.0,0.0,walk,0.714,stance,-39.55,0.0,0.0,-14.55,5.0,-130.0,85.05,221,-1,52.4,690,-1,-118.21,108,-1,0.214,stance,24.98,0.0,0.0,49.98,-5.0,-130.0,85.05,802,-1,90.49,203,-1,-104.4,867,-1,0.464,stance,-14.57,0.0,0.0,-22.57,5.0,-130.0,85.05,802,-1,45.32,357,-1,-116.33,751,-1,0.964,swing,35.98,0.0,14.94,27.98,-5.0,-115.06,85.05,527,-1,95.35,820,-1,-127.33,244,-1
14.522,0.472,1.0,0.0,walk,0.722,stance,-39.73,0.0,0.0,-14.73,5.0,-130.0,85.05,221,-1,52.24,690,-1,-118.18,109,-1,0.222,stance,23.92,0.0,0.0,48.92,-5.0,-130.0,85.05,802,-1,90.27,204,-1,-105.01,870,-1,0.472,stance,-15.81,0.0,0.0,-23.81,5.0,-130.0,85.05,802,-1,44.22,361,-1,-115.97,750,-1,0.972,swing,37.55,0.0,12.75,29.55,-5.0,-117.25,85.05,527,-1,94.25,816,-1,-124.92,253,-1
14.542,0.48,1.0,0.0,walk,0.73,stance,-39.86,0.0,0.0,-14.86,5.0,-130.0,85.05,221,220,52.12,689,689,-118.16,109,106,0.23,stance,22.83,0.0,0.0,47.83,-5.0,-130.0,85.05,802,801,90.02,205,204,-105.62,872,871,0.48,stance,-17.03,0.0,0.0,-25.03,5.0,-130.0,85.05,802,801,43.13,364,364,-115.6,749,748,0.98,swing,38.74,0.0,8.28,30.74,-5.0,-121.72,85.05,527,524,90.98,805,801,-120.76,267,315
14.74,0.488,1.0,0.0,walk,0.738,stance,-39.95,0.0,0.0,-14.95,5.0,-130.0,85.05,221,-1,52.04,689,-1,-118.14,109,-1,0.238,stance,21.72,0.0,0.0,46.72,-5.0,-130.0,85.05,802,-1,89.75,205,-1,-106.23,874,-1,0.488,stance,-18.23,0.0,0.0,-26.23,5.0,-130.0,85.05,802,-1,42.06,368,-1,-115.22,748,-1,0.988,swing,39.55,0.0,3.48,31.55,-5.0,-126.52,85.05,527,-1,87.35,792,-1,-116.36,282,-1
14.772,0.496,1.0,0.0,walk,0.746,stance,-39.99,0.0,0.0,-14.99,5.0,-130.0,85.05,221,-1,52.0,689,-1,-118.13,109,-1,0.246,stance,20.58,0.0,0.0,45.58,-5.0,-130.0,85.05,802,-1,89.46,206,-1,-106.85,876,-1,0.496,stance,-19.42,0.0,0.0,-27.42,5.0,-130.0,85.05,802,-1,41.0,372,-1,-114.82,746,-1,0.996,swing,39.95,0.0,0.42,31.95,-5.0,-129.58,85.05,527,-1,85.03,784,-1,-113.54,291,-1
14.802,0.504,1.0,0.0,walk,0.754,swing,-39.95,0.0,0.75,-14.95,5.0,-129.25,85.05,221,-1,52.33,690,-1,-118.83,106,-1,0.254,stance,19.42,0.0,0.0,44.42,-5.0,-130.0,85.05,802,-1,89.14,208,-1,-107.46,878,-1,0.504,stance,-20.58,0.0,0.0,-28.58,5.0,-130.0,85.05,802,-1,39.97,375,-1,-114.42,745,-1,0.004,stance,39.99,0.0,-0.17,31.99,-5.0,-130.17,85.05,527,-1,84.58,783,-1,-113.0,293,-1
14.833,0.512,1.0,0.0,walk,0.762,swing,-39.55,0.0,2.25,-14.55,5.0,-127.75,85.05,221,-1,53.27,693,-1,-120.28,101,-1,0.262,stance,18.23,0.0,0.0,43.23,-5.0,-130.0,85.05,802,-1,88.81,209,-1,-108.07,880,-1,0.512,stance,-21.72,0.0,0.0,-29.72,5.0,-130.0,85.05,802,-1,38.95,379,-1,-114.01,743,-1,0.012,stance,39.95,0.0,-0.5,31.95,-5.0,-130.5,85.05,527,-1,84.29,782,-1,-112.73,294,-1
14.852,0.52,1.0,0.0,walk,0.77,swing,-38.74,0.0,3.73,-13.74,5.0,-126.27,85.05,221,219,54.56,698,690,-121.77,96,97,0.27,stance,17.03,0.0,0.0,42.03,-5.0,-130.0,85.05,802,801,88.44,210,209,-108.68,882,880,0.52,stance,-22.83,0.0,0.0,-30.83,5.0,-130.0,85.05,802,801,37.96,382,382,-113.6,742,742,0.02,stance,39.86,0.0,-0.81,31.86,-5.0,-130.81,85.05,527,524,84.0,781,777,-112.48,295,293
15.063,0.528,1.0,0.0,walk,0.778,swing,-37.55,0.0,5.17,-12.55,5.0,-124.83,85.05,221,-1,56.22,703,-1,-123.27,91,-1,0.278,stance,15.81,0.0,0.0,40.81,-5.0,-130.0,85.05,802,-1,88.06,211,-1,-109.28,884,-1,0.528,stance,-23.92,0.0,0.0,-31.92,5.0,-130.0,85.05,802,-1,36.99,385,-1,-113.18,741,-1,0.028,stance,39.73,0.0,-1.11,31.73,-5.0,-131.11,85.05,527,-1,83.71,780,-1,-112.27,296,-1
15.092,0.536,1.0,0.0,walk,0.786,swing,-35.98,0.0,6.56,-10.98,5.0,-123.44,85.05,221,-1,58.24,710,-1,-124.77,86,-1,0.286,stance,14.57,0.0,0.0,39.57,-5.0,-130.0,85.05,802,-1,87.65,213,-1,-109.88,886,-1,0.536,stance,-24.98,0.0,0.0,-32.98,5.0,-130.0,85.05,802,-1,36.05,389,-1,-112.76,739,-1,0.036,stance,39.55,0.0,-1.37,31.55,-5.0,-131.37,85.05,527,-1,83.42,779,-1,-112.11,296,-1
15.123,0.544,1.0,0.0,walk,0.794,swing,-34.04,0.0,7.88,-9.04,5.0,-122.12,85.05,221,-1,60.63,718,-1,-126.23,81,-1,0.294,stance,13.31,0.0,0.0,38.31,-5.0,-130.0,85.05,802,-1,87.21,214,-1,-110.46,888,-1,0.544,stance,-26.01,0.0,0.0,-34.01,5.0,-130.0,85.05,802,-1,35.13,392,-1,-112.34,738,-1,0.044,stance,39.32,0.0,-1.59,31.32,-5.0,-131.59,85.05,527,-1,83.14,778,-1,-111.99,297,-1
15.143,0.552,1.0,0.0,walk,0.802,swing,-31.76,0.0,9.12,-6.76,5.0,-120.88,85.05,221,-1,63.36,728,-1,-127.59,76,-1,0.302,stance,12.04,0.0,0.0,37.04,-5.0,-130.0,85.05,802,-1,86.75,216,-1,-111.04,890,-1,0.552,stance,-27.01,0.0,0.0,-35.01,5.0,-130.0,85.05,802,-1,34.24,395,-1,-111.92,736,-1,0.052,stance,39.05,0.0,-1.77,31.05,-5.0,-131.77,85.05,527,-1,82.88,777,-1,-111.94,297,-1
15.162,0.56,1.0,0.0,walk,0.81,swing,-29.16,0.0,10.27,-4.16,5.0,-119.73,85.05,221,219,66.41,738,726,-128.82,72,87,0.31,stance,10.76,0.0,0.0,35.76,-5.0,-130.0,85.05,802,801,86.26,217,215,-111.6,892,891,0.56,stance,-27.99,0.0,0.0,-35.99,5.0,-130.0,85.05,802,801,33.38,398,396,-111.5,735,735,0.06,stance,38.74,0.0,-1.9,30.74,-5.0,-131.9,85.05,527,524,82.64,776,772,-111.94,297,294
15.372,0.568,1.0,0.0,walk,0.818,swing,-26.26,0.0,11.31,-1.26,5.0,-118.69,85.05,221,-1,69.72,749,-1,-129.87,69,-1,0.318,stance,9.46,0.0,0.0,34.46,-5.0,-130.0,85.05,802,-1,85.75,219,-1,-112.15,894,-1,0.568,stance,-28.93,0.0,0.0,-36.93,5.0,-130.0,85.05,802,-1,32.54,401,-1,-111.09,733,-1,0.068,stance,38.39,0.0,-1.98,30.39,-5.0,-131.98,85.05,527,-1,82.42,776,-1,-112.0,297,-1
15.392,0.576,1.0,0.0,walk,0.826,swing,-23.1,0.0,12.25,1.9,5.0,-117.75,85.05,221,-1,73.24,761,-1,-130.68,66,-1,0.326,stance,8.15,0.0,0.0,33.15,-5.0,-130.0,85.05,802,-1,85.21,221,-1,-112.69,896,-1,0.576,stance,-29.84,0.0,0.0,-37.84,5.0,-130.0,85.05,802,-1,31.74,403,-1,-110.68,732,-1,0.076,stance,37.99,0.0,-2.0,29.99,-5.0,-132.0,85.05,527,-1,82.23,775,-1,-112.13,296,-1
15.412,0.584,1.0,0.0,walk,0.834,swing,-19.71,0.0,13.05,5.29,5.0,-116.95,85.05,221,-1,76.88,774,-1,-131.22,64,-1,0.334,stance,6.84,0.0,0.0,31.84,-5.0,-130.0,85.05,802,-1,84.64,223,-1,-113.21,898,-1,0.584,stance,-30.71,0.0,0.0,-38.71,5.0,-130.0,85.05,802,-1,30.96,406,-1,-110.28,731,-1,0.084,stance,37.55,0.0,-1.96,29.55,-5.0,-131.96,85.05,527,-1,82.05,774,-1,-112.32,296,-1
15.433,0.592,1.0,0.0,walk,0.842,swing,-16.12,0.0,13.73,8.88,5.0,-116.27,85.05,221,-1,80.54,786,-1,-131.43,63,-1,0.342,stance,5.51,0.0,0.0,30.51,-5.0,-130.0,85.05,802,-1,84.05,225,-1,-113.72,899,-1,0.592,stance,-31.55,0.0,0.0,-39.55,5.0,-130.0,85.05,802,-1,30.22,408,-1,-109.88,729,-1,0.092,stance,37.07,0.0,-1.87,29.07,-5.0,-131.87,85.05,527,-1,81.9,774,-1,-112.57,295,-1
15.452,0.6,1.0,0.0,walk,0.85,swing,-12.36,0.0,14.27,12.64,5.0,-115.73,85.05,221,219,84.12,798,780,-131.29,64,87,0.35,stance,4.18,0.0,0.0,29.18,-5.0,-130.0,85.05,802,801,83.43,227,227,-114.21,901,900,0.6,stance,-32.36,0.0,0.0,-40.36,5.0,-130.0,85.05,802,801,29.51,411,411,-109.5,728,728,0.1,stance,36.54,0.0,-1.73,28.54,-5.0,-131.73,85.05,527,524,81.77,773,773,-112.88,294,294
15.663,0.608,1.0,0.0,walk,0.858,swing,-8.48,0.0,14.66,16.52,5.0,-115.34,85.05,221,-1,87.51,810,-1,-130.79,66,-1,0.358,stance,2.85,0.0,0.0,27.85,-5.0,-130.0,85.05,802,-1,82.79,229,-1,-114.68,903,-1,0.608,stance,-33.13,0.0,0.0,-41.13,5.0,-130.0,85.05,802,-1,28.84,413,-1,-109.13,727,-1,0.108,stance,35.98,0.0,-1.54,27.98,-5.0,-131.54,85.05,527,-1,81.65,773,-1,-113.25,292,-1
15.682,0.616,1.0,0.0,walk,0.866,swing,-4.51,0.0,14.9,20.49,5.0,-115.1,85.05,221,-1,90.61,820,-1,-129.91,68,-1,0.366,stance,1.51,0.0,0.0,26.51,-5.0,-130.0,85.05,802,-1,82.12,231,-1,-115.13,904,-1,0.616,stance,-33.86,0.0,0.0,-41.86,5.0,-130.0,85.05,802,-1,28.19,415,-1,-108.77,726,-1,0.116,stance,35.37,0.0,-1.31,27.37,-5.0,-131.31,85.05,527,-1,81.53,772,-1,-113.67,291,-1
15.712,0.624,1.0,0.0,walk,0.874,swing,-0.5,0.0,15.0,24.5,5.0,-115.0,85.05,221,-1,93.34,830,-1,-128.68,73,-1,0.374,stance,0.17,0.0,0.0,25.17,-5.0,-130.0,85.05,802,-1,81.43,234,-1,-115.56,906,-1,0.624,stance,-34.56,0.0,0.0,-42.56,5.0,-130.0,85.05,802,-1,27.58,417,-1,-108.42,724,-1,0.124,stance,34.72,0.0,-1.04,26.72,-5.0,-131.04,85.05,527,-1,81.43,772,-1,-114.12,289,-1
15.743,0.632,1.0,0.0,walk,0.882,swing,3.51,0.0,15.0,28.51,5.0,-115.0,85.05,221,-1,95.7,838,-1,-127.17,78,-1,0.382,stance,-1.17,0.0,0.0,23.83,-5.0,-130.0,85.05,802,-1,80.72,236,-1,-115.97,907,-1,0.632,stance,-35.21,0.0,0.0,-43.21,5.0,-130.0,85.05,802,-1,27.01,419,-1,-108.09,723,-1,0.132,stance,34.04,0.0,-0.74,26.04,-5.0,-130.74,85.05,527,-1,81.31,772,-1,-114.62,288,-1
15.763,0.64,1.0,0.0,walk,0.89,swing,7.5,0.0,15.0,32.5,5.0,-115.0,85.05,221,219,97.76,845,840,-125.47,84,86,0.39,stance,-2.51,0.0,0.0,22.49,-5.0,-130.0,85.05,802,801,79.98,239,238,-116.36,908,905,0.64,stance,-35.83,0.0,0.0,-43.83,5.0,-130.0,85.05,802,801,26.47,421,420,-107.77,722,722,0.14,stance,33.32,0.0,-0.42,25.32,-5.0,-130.42,85.05,527,524,81.19,771,770,-115.14,286,286
15.972,0.648,1.0,0.0,walk,0.898,swing,11.4,0.0,15.0,36.4,5.0,-115.0,85.05,221,-1,99.5,851,-1,-123.64,90,-1,0.398,stance,-3.85,0.0,0.0,21.15,-5.0,-130.0,85.05,802,-1,79.23,241,-1,-116.72,910,-1,0.648,stance,-36.4,0.0,0.0,-44.4,5.0,-130.0,85.05,802,-1,25.97,423,-1,-107.47,721,-1,0.148,stance,32.56,0.0,-0.08,24.56,-5.0,-130.08,85.05,527,-1,81.05,771,-1,-115.67,284,-1
16.003,0.656,1.0,0.0,walk,0.906,swing,15.19,0.0,15.0,40.19,5.0,-115.0,85.05,221,-1,100.95,856,-1,-121.7,96,-1,0.406,stance,-5.18,0.0,0.0,19.82,-5.0,-130.0,85.05,802,-1,78.45,244,-1,-117.06,911,-1,0.656,stance,-36.94,0.0,0.0,-44.94,5.0,-130.0,85.05,802,-1,25.5,425,-1,-107.19,720,-1,0.156,stance,31.76,0.0,0.0,23.76,-5.0,-130.0,85.05,527,-1,80.68,770,-1,-115.99,283,-1
16.023,0.664,1.0,0.0,walk,0.914,swing,18.83,0.0,15.0,43.83,5.0,-115.0,85.05,221,-1,102.12,860,-1,-119.7,103,-1,0.414,stance,-6.51,0.0,0.0,18.49,-5.0,-130.0,85.05,802,-1,77.66,247,-1,-117.39,912,-1,0.664,stance,-37.43,0.0,0.0,-45.43,5.0,-130.0,85.05,802,-1,25.07,426,-1,-106.93,719,-1,0.164,stance,30.93,0.0,0.0,22.93,-5.0,-130.0,85.05,527,-1,80.23,768,-1,-116.23,282,-1
16.042,0.672,1.0,0.0,walk,0.922,swing,22.28,0.0,15.0,47.28,5.0,-115.0,85.05,221,-1,103.04,863,-1,-117.69,110,-1,0.422,stance,-7.82,0.0,0.0,17.18,-5.0,-130.0,85.05,802,-1,76.85,249,-1,-117.68,913,-1,0.672,stance,-37.88,0.0,0.0,-45.88,5.0,-130.0,85.05,802,-1,24.67,427,-1,-106.69,718,-1,0.172,stance,30.06,0.0,0.0,22.06,-5.0,-130.0,85.05,527,-1,79.74,766,-1,-116.47,281,-1
16.062,0.68,1.0,0.0,walk,0.93,swing,25.5,0.0,15.0,50.5,5.0,-115.0,85.05,221,220,103.74,865,859,-115.71,117,113,0.43,stance,-9.13,0.0,0.0,15.87,-5.0,-130.0,85.05,802,801,76.02,252,253,-117.96,914,913,0.68,stance,-38.29,0.0,0.0,-46.29,5.0,-130.0,85.05,802,804,24.32,429,427,-106.46,718,718,0.18,stance,29.16,0.0,0.0,21.16,-5.0,-130.0,85.05,527,524,79.23,765,761,-116.72,281,284
16.272,0.688,1.0,0.0,walk,0.938,swing,28.46,0.0,15.0,53.46,5.0,-115.0,85.05,221,-1,104.26,867,-1,-113.81,123,-1,0.438,stance,-10.43,0.0,0.0,14.57,-5.0,-130.0,85.05,802,-1,75.19,255,-1,-118.21,915,-1,0.688,stance,-38.66,0.0,0.0,-46.66,5.0,-130.0,85.05,802,-1,24.0,430,-1,-106.27,717,-1,0.188,stance,28.22,0.0,0.0,20.22,-5.0,-130.0,85.05,527,-1,78.69,763,-1,-116.96,280,-1
16.292,0.696,1.0,0.0,walk,0.946,swing,31.14,0.0,15.0,56.14,5.0,-115.0,85.05,221,-1,104.62,868,-1,-112.02,130,-1,0.446,stance,-11.72,0.0,0.0,13.28,-5.0,-130.0,85.05,802,-1,74.34,258,-1,-118.44,915,-1,0.696,stance,-38.98,0.0,0.0,-46.98,5.0,-130.0,85.05,802,-1,23.72,431,-1,-106.09,716,-1,0.196,stance,27.26,0.0,0.0,19.26,-5.0,-130.0,85.05,527,-1,78.12,761,-1,-117.2,279,-1
16.312,0.704,1.0,0.0,walk,0.954,swing,33.5,0.0,15.0,58.5,5.0,-115.0,85.05,221,-1,104.86,869,-1,-110.39,135,-1,0.454,stance,-13.0,0.0,0.0,12.0,-5.0,-130.0,85.05,802,-1,73.48,261,-1,-118.65,916,-1,0.704,stance,-39.26,0.0,0.0,-47.26,5.0,-130.0,85.05,802,-1,23.48,431,-1,-105.94,716,-1,0.204,stance,26.26,0.0,0.0,18.26,-5.0,-130.0,85.05,527,-1,77.52,759,-1,-117.44,278,-1
16.342,0.712,1.0,0.0,walk,0.962,swing,35.53,0.0,15.0,60.53,5.0,-115.0,85.05,221,-1,105.01,870,-1,-108.95,140,-1,0.462,stance,-14.26,0.0,0.0,10.74,-5.0,-130.0,85.05,802,-1,72.61,264,-1,-118.83,917,-1,0.712,stance,-39.49,0.0,0.0,-47.49,5.0,-130.0,85.05,802,-1,23.27,432,-1,-105.81,715,-1,0.212,stance,25.24,0.0,0.0,17.24,-5.0,-130.0,85.05,527,-1,76.89,757,-1,-117.67,277,-1
16.362,0.72,1.0,0.0,walk,0.97,swing,37.19,0.0,13.57,62.19,5.0,-116.43,85.05,221,220,103.83,866,864,-106.76,147,144,0.47,stance,-15.5,0.0,0.0,9.5,-5.0,-130.0,85.05,802,801,71.74,267,268,-118.99,917,915,0.72,stance,-39.68,0.0,0.0,-47.68,5.0,-130.0,85.05,802,801,23.11,433,431,-105.7,715,716,0.22,stance,24.18,0.0,0.0,16.18,-5.0,-130.0,85.05,527,524,76.23,754,752,-117.89,277,277
16.572,0.728,1.0,0.0,walk,0.978,swing,38.48,0.0,9.52,63.48,5.0,-120.48,85.05,221,-1,100.36,854,-1,-102.96,160,-1,0.478,stance,-16.73,0.0,0.0,8.27,-5.0,-130.0,85.05,802,-1,70.86,270,-1,-119.13,918,-1,0.728,stance,-39.83,0.0,0.0,-47.83,5.0,-130.0,85.05,802,-1,22.98,433,-1,-105.62,715,-1,0.228,stance,23.1,0.0,0.0,15.1,-5.0,-130.0,85.05,527,-1,75.53,752,-1,-118.11,276,-1
16.592,0.736,1.0,0.0,walk,0.986,swing,39.38,0.0,4.59,64.38,5.0,-125.41,85.05,221,-1,96.17,839,-1,-98.63,175,-1,0.486,stance,-17.94,0.0,0.0,7.06,-5.0,-130.0,85.05,802,-1,69.99,273,-1,-119.25,918,-1,0.736,stance,-39.93,0.0,0.0,-47.93,5.0,-130.0,85.05,802,-1,22.9,433,-1,-105.56,715,-1,0.236,stance,22.0,0.0,0.0,14.0,-5.0,-130.0,85.05,527,-1,74.81,750,-1,-118.31,275,-1
16.612,0.744,1.0,0.0,walk,0.994,swing,39.89,0.0,0.93,64.89,5.0,-129.07,85.05,221,-1,93.08,829,-1,-95.38,186,-1,0.494,stance,-19.12,0.0,0.0,5.88,-5.0,-130.0,85.05,802,-1,69.11,276,-1,-119.35,918,-1,0.744,stance,-39.99,0.0,0.0,-47.99,5.0,-130.0,85.05,802,-1,22.85,434,-1,-105.53,714,-1,0.244,stance,20.86,0.0,0.0,12.86,-5.0,-130.0,85.05,527,-1,74.06,747,-1,-118.51,274,-1
16.633,0.752,1.0,0.0,walk,0.002,stance,40.0,0.0,-0.08,65.0,5.0,-130.08,85.05,221,-1,92.23,826,-1,-94.48,189,-1,0.502,stance,-20.29,0.0,0.0,4.71,-5.0,-130.0,85.05,802,-1,68.24,279,-1,-119.43,919,-1,0.752,swing,-39.99,0.0,0.38,-47.99,5.0,-129.62,85.05,802,-1,22.89,433,-1,-105.85,716,-1,0.252,stance,19.71,0.0,0.0,11.71,-5.0,-130.0,85.05,527,-1,73.28,744,-1,-118.69,274,-1
16.652,0.76,1.0,0.0,walk,0.01,stance,39.96,0.0,-0.42,64.96,5.0,-130.42,85.05,221,219,91.95,825,820,-94.23,190,194,0.51,stance,-21.43,0.0,0.0,3.57,-5.0,-130.0,85.05,802,799,67.37,282,284,-119.49,919,916,0.76,swing,-39.68,0.0,1.88,-47.68,5.0,-128.12,85.05,802,802,23.3,432,431,-107.27,720,716,0.26,stance,18.53,0.0,0.0,10.53,-5.0,-130.0,85.05,527,524,72.46,742,738,-118.86,273,275
16.863,0.768,1.0,0.0,walk,0.018,stance,39.89,0.0,-0.74,64.89,5.0,-130.74,85.05,221,-1,91.67,824,-1,-94.03,191,-1,0.518,stance,-22.55,0.0,0.0,2.45,-5.0,-130.0,85.05,802,-1,66.51,285,-1,-119.53,919,-1,0.768,swing,-38.98,0.0,3.36,-46.98,5.0,-126.64,85.05,802,-1,24.05,429,-1,-108.88,726,-1,0.268,stance,17.33,0.0,0.0,9.33,-5.0,-130.0,85.05,527,-1,71.62,739,-1,-119.01,273,-1
16.882,0.776,1.0,0.0,walk,0.026,stance,39.76,0.0,-1.04,64.76,5.0,-131.04,85.05,221,-1,91.41,823,-1,-93.87,191,-1,0.526,stance,-23.65,0.0,0.0,1.35,-5.0,-130.0,85.05,802,-1,65.66,288,-1,-119.56,919,-1,0.776,swing,-37.88,0.0,4.81,-45.88,5.0,-125.19,85.05,802,-1,25.14,426,-1,-110.67,732,-1,0.276,stance,16.12,0.0,0.0,8.12,-5.0,-130.0,85.05,527,-1,70.75,736,-1,-119.15,272,-1
16.903,0.784,1.0,0.0,walk,0.034,stance,39.6,0.0,-1.31,64.6,5.0,-131.31,85.05,221,-1,91.18,822,-1,-93.77,192,-1,0.534,stance,-24.71,0.0,0.0,0.29,-5.0,-130.0,85.05,802,-1,64.82,290,-1,-119.57,919,-1,0.784,swing,-36.4,0.0,6.22,-44.4,5.0,-123.78,85.05,802,-1,26.57,421,-1,-112.61,739,-1,0.284,stance,14.88,0.0,0.0,6.88,-5.0,-130.0,85.05,527,-1,69.85,733,-1,-119.27,272,-1
16.922,0.792,1.0,0.0,walk,0.042,stance,39.38,0.0,-1.54,64.38,5.0,-131.54,85.05,221,-1,90.97,822,-1,-93.73,192,-1,0.542,stance,-25.75,0.0,0.0,-0.75,-5.0,-130.0,85.05,802,-1,63.99,293,-1,-119.57,919,-1,0.792,swing,-34.56,0.0,7.55,-42.56,5.0,-122.45,85.05,802,-1,28.35,415,-1,-114.67,746,-1,0.292,stance,13.63,0.0,0.0,5.63,-5.0,-130.0,85.05,527,-1,68.93,729,-1,-119.37,272,-1
16.942,0.8,1.0,0.0,walk,0.05,stance,39.13,0.0,-1.73,64.13,5.0,-131.73,85.05,221,219,90.8,821,819,-93.76,192,189,0.55,stance,-26.77,0.0,0.0,-1.77,-5.0,-130.0,85.05,802,801,63.18,296,297,-119.55,919,916,0.8,swing,-32.36,0.0,8.82,-40.36,5.0,-121.18,85.05,802,801,30.47,408,405,-116.81,753,751,0.3,stance,12.36,0.0,0.0,4.36,-5.0,-130.0,85.05,527,524,67.97,726,722,-119.45,271,272
17.153,0.808,1.0,0.0,walk,0.058,stance,38.83,0.0,-1.87,63.83,5.0,-131.87,85.05,221,-1,90.67,821,-1,-93.86,191,-1,0.558,stance,-27.75,0.0,0.0,-2.75,-5.0,-130.0,85.05,802,-1,62.38,299,-1,-119.52,919,-1,0.808,swing,-29.84,0.0,9.99,-37.84,5.0,-120.01,85.05,802,-1,32.95,399,-1,-119.0,760,-1,0.308,stance,11.08,0.0,0.0,3.08,-5.0,-130.0,85.05,527,-1,67.0,723,-1,-119.51,271,-1
17.183,0.816,1.0,0.0,walk,0.066,stance,38.48,0.0,-1.96,63.48,5.0,-131.96,85.05,221,-1,90.58,820,-1,-94.03,191,-1,0.566,stance,-28.7,0.0,0.0,-3.7,-5.0,-130.0,85.05,802,-1,61.61,301,-1,-119.48,919,-1,0.816,swing,-27.01,0.0,11.06,-35.01,5.0,-118.94,85.05,802,-1,35.77,390,-1,-121.2,768,-1,0.316,stance,9.79,0.0,0.0,1.79,-5.0,-130.0,85.05,527,-1,65.99,719,-1,-119.55,271,-1
17.202,0.824,1.0,0.0,walk,0.074,stance,38.09,0.0,-2.0,63.09,5.0,-132.0,85.05,221,-1,90.53,820,-1,-94.27,190,-1,0.574,stance,-29.61,0.0,0.0,-4.61,-5.0,-130.0,85.05,802,-1,60.85,304,-1,-119.43,919,-1,0.824,swing,-23.92,0.0,12.02,-31.92,5.0,-117.98,85.05,802,-1,38.93,379,-1,-123.35,775,-1,0.324,stance,8.48,0.0,0.0,0.48,-5.0,-130.0,85.05,527,-1,64.97,716,-1,-119.57,271,-1
17.222,0.832,1.0,0.0,walk,0.082,stance,37.66,0.0,-1.98,62.66,5.0,-131.98,85.05,221,-1,90.52,820,-1,-94.6,189,-1,0.582,stance,-30.5,0.0,0.0,-5.5,-5.0,-130.0,85.05,802,-1,60.12,306,-1,-119.38,919,-1,0.832,swing,-20.58,0.0,12.86,-28.58,5.0,-117.14,85.05,802,-1,42.41,367,-1,-125.41,782,-1,0.332,stance,7.17,0.0,0.0,-0.83,-5.0,-130.0,85.05,527,-1,63.93,712,-1,-119.57,271,-1
17.242,0.84,1.0,0.0,walk,0.09,stance,37.19,0.0,-1.9,62.19,5.0,-131.9,85.05,221,219,90.55,820,819,-94.99,188,189,0.59,stance,-31.35,0.0,0.0,-6.35,-5.0,-130.0,85.05,802,801,59.41,309,309,-119.31,918,916,0.84,swing,-17.03,0.0,13.57,-25.03,5.0,-116.43,85.05,802,801,46.19,354,350,-127.32,789,764,0.34,stance,5.84,0.0,0.0,-2.16,-5.0,-130.0,85.05,527,524,62.86,709,705,-119.54,271,272
17.452,0.848,1.0,0.0,walk,0.098,stance,36.68,0.0,-1.77,61.68,5.0,-131.77,85.05,221,-1,90.63,821,-1,-95.46,186,-1,0.598,stance,-32.16,0.0,0.0,-7.16,-5.0,-130.0,85.05,802,-1,58.73,311,-1,-119.24,918,-1,0.848,swing,-13.31,0.0,14.14,-21.31,5.0,-115.86,85.05,802,-1,50.22,340,-1,-129.02,795,-1,0.348,stance,4.51,0.0,0.0,-3.49,-5.0,-130.0,85.05,527,-1,61.78,705,-1,-119.49,271,-1
17.483,0.856,1.0,0.0,walk,0.106,stance,36.12,0.0,-1.59,61.12,5.0,-131.59,85.05,221,-1,90.74,821,-1,-96.0,184,-1,0.606,stance,-32.94,0.0,0.0,-7.94,-5.0,-130.0,85.05,802,-1,58.07,313,-1,-119.17,918,-1,0.856,swing,-9.46,0.0,14.57,-17.46,5.0,-115.43,85.05,802,-1,54.45,326,-1,-130.48,800,-1,0.356,stance,3.18,0.0,0.0,-4.82,-5.0,-130.0,85.05,527,-1,60.68,701,-1,-119.42,271,-1
17.502,0.864,1.0,0.0,walk,0.114,stance,35.53,0.0,-1.37,60.53,5.0,-131.37,85.05,221,-1,90.88,821,-1,-96.59,182,-1,0.614,stance,-33.68,0.0,0.0,-8.68,-5.0,-130.0,85.05,802,-1,57.45,316,-1,-119.09,918,-1,0.864,swing,-5.51,0.0,14.86,-13.51,5.0,-115.14,85.05,802,-1,58.78,311,-1,-131.63,804,-1,0.364,stance,1.84,0.0,0.0,-6.16,-5.0,-130.0,85.05,527,-1,59.57,698,-1,-119.33,272,-1
17.522,0.872,1.0,0.0,walk,0.122,stance,34.89,0.0,-1.11,59.89,5.0,-131.11,85.05,221,-1,91.04,822,-1,-97.24,180,-1,0.622,stance,-34.39,0.0,0.0,-9.39,-5.0,-130.0,85.05,802,-1,56.85,318,-1,-119.0,917,-1,0.872,swing,-1.51,0.0,14.99,-9.51,5.0,-115.01,85.05,802,-1,63.13,296,-1,-132.44,806,-1,0.372,stance,0.5,0.0,0.0,-7.5,-5.0,-130.0,85.05,527,-1,58.45,694,-1,-119.21,272,-1
17.543,0.88,1.0,0.0,walk,0.13,stance,34.21,0.0,-0.81,59.21,5.0,-130.81,85.05,221,219,91.23,823,819,-97.94,178,178,0.63,stance,-35.05,0.0,0.0,-10.05,-5.0,-130.0,85.05,802,801,56.28,320,320,-118.92,917,917,0.88,swing,2.51,0.0,15.0,-5.49,5.0,-115.0,85.05,802,801,67.39,282,278,-132.91,808,-1,0.38,stance,-0.84,0.0,0.0,-8.84,-5.0,-130.0,85.05,527,763,57.31,690,524,-119.07,273,-1
17.763,0.888,1.0,0.0,walk,0.138,stance,33.5,0.0,-0.5,58.5,5.0,-130.5,85.05,221,-1,91.42,823,-1,-98.68,175,-1,0.638,stance,-35.68,0.0,0.0,-10.68,-5.0,-130.0,85.05,802,-1,55.74,321,-1,-118.84,917,-1,0.888,swing,6.51,0.0,15.0,-1.49,5.0,-115.0,85.05,802,-1,71.51,268,-1,-133.13,809,-1,0.388,stance,-2.18,0.0,0.0,-10.18,-5.0,-130.0,85.05,527,-1,56.17,686,-1,-118.91,273,-1
17.793,0.896,1.0,0.0,walk,0.146,stance,32.75,0.0,-0.17,57.75,5.0,-130.17,85.05,221,-1,91.62,824,-1,-99.45,172,-1,0.646,stance,-36.26,0.0,0.0,-11.26,-5.0,-130.0,85.05,802,-1,55.24,323,-1,-118.76,916,-1,0.896,swing,10.43,0.0,15.0,2.43,5.0,-115.0,85.05,802,-1,75.42,254,-1,-133.1,809,-1,0.396,stance,-3.51,0.0,0.0,-11.51,-5.0,-130.0,85.05,527,-1,55.02,682,-1,-118.72,274,-1
17.822,0.904,1.0,0.0,walk,0.154,stance,31.96,0.0,0.0,56.96,5.0,-130.0,85.05,221,-1,91.66,824,-1,-100.1,170,-1,0.654,stance,-36.81,0.0,0.0,-11.81,-5.0,-130.0,85.05,802,-1,54.77,325,-1,-118.68,916,-1,0.904,swing,14.26,0.0,15.0,6.26,5.0,-115.0,85.05,802,-1,79.06,242,-1,-132.85,808,-1,0.404,stance,-4.85,0.0,0.0,-12.85,-5.0,-130.0,85.05,527,-1,53.87,678,-1,-118.51,274,-1
17.825,0.912,1.0,0.0,walk,0.162,stance,31.14,0.0,0.0,56.14,5.0,-130.0,85.05,221,-1,91.55,824,-1,-100.63,168,-1,0.662,stance,-37.31,0.0,0.0,-12.31,-5.0,-130.0,85.05,802,-1,54.34,326,-1,-118.6,916,-1,0.912,swing,17.94,0.0,15.0,9.94,5.0,-115.0,85.05,802,-1,82.38,231,-1,-132.39,806,-1,0.412,stance,-6.17,0.0,0.0,-14.17,-5.0,-130.0,85.05,527,-1,52.72,674,-1,-118.28,275,-1
17.862,0.92,1.0,0.0,walk,0.17,stance,30.28,0.0,0.0,55.28,5.0,-130.0,85.05,221,219,91.43,823,819,-101.18,166,165,0.67,stance,-37.78,0.0,0.0,-12.78,-5.0,-130.0,85.05,802,801,53.94,328,328,-118.52,916,-1,0.92,swing,21.43,0.0,15.0,13.43,5.0,-115.0,85.05,802,916,85.34,220,801,-131.77,804,-1,0.42,stance,-7.5,0.0,0.0,-15.5,-5.0,-130.0,85.05,527,764,51.57,670,524,-118.03,276,666
18.073,0.928,1.0,0.0,walk,0.178,stance,29.39,0.0,0.0,54.39,5.0,-130.0,85.05,221,-1,91.3,823,-1,-101.74,165,-1,0.678,stance,-38.19,0.0,0.0,-13.19,-5.0,-130.0,85.05,802,-1,53.57,329,-1,-118.45,915,-1,0.928,swing,24.71,0.0,15.0,16.71,5.0,-115.0,85.05,802,-1,87.94,212,-1,-131.03,801,-1,0.428,stance,-8.81,0.0,0.0,-16.81,-5.0,-130.0,85.05,527,-1,50.42,666,-1,-117.76,277,-1
18.092,0.936,1.0,0.0,walk,0.186,stance,28.46,0.0,0.0,53.46,5.0,-130.0,85.05,221,-1,91.15,822,-1,-102.32,163,-1,0.686,stance,-38.57,0.0,0.0,-13.57,-5.0,-130.0,85.05,802,-1,53.24,330,-1,-118.39,915,-1,0.936,swing,27.75,0.0,15.0,19.75,5.0,-115.0,85.05,802,-1,90.17,204,-1,-130.21,799,-1,0.436,stance,-10.11,0.0,0.0,-18.11,-5.0,-130.0,85.05,527,-1,49.27,662,-1,-117.48,278,-1
18.123,0.944,1.0,0.0,walk,0.194,stance,27.5,0.0,0.0,52.5,5.0,-130.0,85.05,221,-1,90.98,822,-1,-102.9,161,-1,0.694,stance,-38.9,0.0,0.0,-13.9,-5.0,-130.0,85.05,802,-1,52.95,331,-1,-118.33,915,-1,0.944,swing,30.5,0.0,15.0,22.5,5.0,-115.0,85.05,802,-1,92.05,198,-1,-129.36,796,-1,0.444,stance,-11.4,0.0,0.0,-19.4,-5.0,-130.0,85.05,527,-1,48.13,659,-1,-117.17,279,-1
18.142,0.952,1.0,0.0,walk,0.202,stance,26.52,0.0,0.0,51.52,5.0,-130.0,85.05,221,-1,90.8,821,-1,-103.49,159,-1,0.702,stance,-39.19,0.0,0.0,-14.19,-5.0,-130.0,85.05,802,-1,52.7,332,-1,-118.28,915,-1,0.952,swing,32.94,0.0,15.0,24.94,5.0,-115.0,85.05,802,-1,93.61,192,-1,-128.53,793,-1,0.452,stance,-12.68,0.0,0.0,-20.68,-5.0,-130.0,85.05,527,-1,47.0,655,-1,-116.85,280,-1
18.163,0.96,1.0,0.0,walk,0.21,stance,25.5,0.0,0.0,50.5,5.0,-130.0,85.05,221,220,90.6,820,819,-104.09,157,157,0.71,stance,-39.44,0.0,0.0,-14.44,-5.0,-130.0,85.05,802,801,52.49,333,332,-118.23,915,914,0.96,swing,35.05,0.0,15.0,27.05,5.0,-115.0,85.05,802,801,94.88,188,187,-127.74,790,764,0.46,stance,-13.94,0.0,0.0,-21.94,-5.0,-130.0,85.05,527,524,45.88,651,650,-116.51,281,280
18.372,0.968,1.0,0.0,walk,0.218,stance,24.45,0.0,0.0,49.45,5.0,-130.0,85.05,221,-1,90.38,820,-1,-104.7,154,-1,0.718,stance,-39.64,0.0,0.0,-14.64,-5.0,-130.0,85.05,802,-1,52.31,333,-1,-118.2,915,-1,0.968,swing,36.81,0.0,14.22,28.81,5.0,-115.78,85.05,802,-1,95.16,187,-1,-126.42,786,-1,0.468,stance,-15.19,0.0,0.0,-23.19,-5.0,-130.0,85.05,527,-1,44.77,647,-1,-116.15,283,-1
18.392,0.976,1.0,0.0,walk,0.226,stance,23.38,0.0,0.0,48.38,5.0,-130.0,85.05,221,-1,90.14,819,-1,-105.31,152,-1,0.726,stance,-39.8,0.0,0.0,-14.8,-5.0,-130.0,85.05,802,-1,52.18,334,-1,-118.17,914,-1,0.976,swing,38.19,0.0,10.69,30.19,5.0,-119.31,85.05,802,-1,92.78,195,-1,-122.98,774,-1,0.476,stance,-16.42,0.0,0.0,-24.42,-5.0,-130.0,85.05,527,-1,43.67,643,-1,-115.79,284,-1
18.412,0.984,1.0,0.0,walk,0.234,stance,22.28,0.0,0.0,47.28,5.0,-130.0,85.05,221,-1,89.89,818,-1,-105.93,150,-1,0.734,stance,-39.91,0.0,0.0,-14.91,-5.0,-130.0,85.05,802,-1,52.08,334,-1,-118.15,914,-1,0.984,swing,39.19,0.0,5.79,31.19,5.0,-124.21,85.05,802,-1,89.09,208,-1,-118.48,759,-1,0.484,stance,-17.64,0.0,0.0,-25.64,-5.0,-130.0,85.05,527,-1,42.59,640,-1,-115.41,285,-1
18.433,0.992,1.0,0.0,walk,0.242,stance,21.15,0.0,0.0,46.15,5.0,-130.0,85.05,221,-1,89.6,817,-1,-106.54,148,-1,0.742,stance,-39.98,0.0,0.0,-14.98,-5.0,-130.0,85.05,802,-1,52.02,334,-1,-118.13,914,-1,0.992,swing,39.8,0.0,1.62,31.8,5.0,-128.38,85.05,802,-1,85.94,218,-1,-114.65,746,-1,0.492,stance,-18.83,0.0,0.0,-26.83,-5.0,-130.0,85.05,527,-1,41.53,636,-1,-115.02,286,-1
18.453,0.0,1.0,0.0,walk,0.25,stance,20.0,0.0,0.0,45.0,5.0,-130.0,85.05,221,222,89.3,816,817,-107.16,146,146,0.75,swing,-40.0,0.0,0.0,-15.0,-5.0,-130.0,85.05,802,801,52.0,334,332,-118.13,914,914,0.0,stance,40.0,0.0,-0.0,32.0,5.0,-130.0,85.05,802,801,84.72,223,226,-113.15,740,739,0.5,stance,-20.0,0.0,0.0,-28.0,-5.0,-130.0,85.05,527,524,40.48,632,630,-114.62,288,287
18.662,0.008,1.0,0.0,walk,0.258,stance,18.83,0.0,0.0,43.83,5.0,-130.0,85.05,221,-1,88.98,815,-1,-107.77,144,-1,0.758,swing,-39.8,0.0,1.51,-14.8,-5.0,-128.49,85.05,802,-1,52.76,332,-1,-119.55,919,-1,0.008,stance,39.98,0.0,-0.33,31.98,5.0,-130.33,85.05,802,-1,84.44,224,-1,-112.86,740,-1,0.508,stance,-21.15,0.0,0.0,-29.15,-5.0,-130.0,85.05,527,-1,39.46,629,-1,-114.22,289,-1
18.682,0.016,1.0,0.0,walk,0.266,stance,17.64,0.0,0.0,42.64,5.0,-130.0,85.05,221,-1,88.63,814,-1,-108.38,142,-1,0.766,swing,-39.19,0.0,3.0,-14.19,-5.0,-127.0,85.05,802,-1,53.87,328,-1,-121.02,924,-1,0.016,stance,39.91,0.0,-0.66,31.91,5.0,-130.66,85.05,802,-1,84.15,225,-1,-112.6,739,-1,0.516,stance,-22.28,0.0,0.0,-30.28,-5.0,-130.0,85.05,527,-1,38.45,626,-1,-113.81,291,-1
18.702,0.024,1.0,0.0,walk,0.274,stance,16.42,0.0,0.0,41.42,5.0,-130.0,85.05,221,-1,88.25,812,-1,-108.98,140,-1,0.774,swing,-38.19,0.0,4.46,-13.19,-5.0,-125.54,85.05,802,-1,55.34,323,-1,-122.52,929,-1,0.024,stance,39.8,0.0,-0.96,31.8,5.0,-130.96,85.05,802,-1,83.85,226,-1,-112.37,738,-1,0.524,stance,-23.38,0.0,0.0,-31.38,-5.0,-130.0,85.05,527,-1,37.47,622,-1,-113.39,292,-1
18.732,0.032,1.0,0.0,walk,0.282,stance,15.19,0.0,0.0,40.19,5.0,-130.0,85.05,221,-1,87.86,811,-1,-109.58,138,-1,0.782,swing,-36.81,0.0,5.87,-11.81,-5.0,-124.13,85.05,802,-1,57.18,317,-1,-124.03,934,-1,0.032,stance,39.64,0.0,-1.24,31.64,5.0,-131.24,85.05,802,-1,83.56,227,-1,-112.19,737,-1,0.532,stance,-24.45,0.0,0.0,-32.45,-5.0,-130.0,85.05,527,-1,36.52,619,-1,-112.97,293,-1
18.762,0.04,1.0,0.0,walk,0.29,stance,13.94,0.0,0.0,38.94,5.0,-130.0,85.05,221,219,87.43,810,810,-110.17,136,137,0.79,swing,-35.05,0.0,7.23,-10.05,-5.0,-122.77,85.05,802,800,59.39,309,306,-125.51,939,924,0.04,stance,39.44,0.0,-1.49,31.44,5.0,-131.49,85.05,802,801,83.28,228,228,-112.05,737,739,0.54,stance,-25.5,0.0,0.0,-33.5,-5.0,-130.0,85.05,527,524,35.59,616,613,-112.55,295,293
18.972,0.048,1.0,0.0,walk,0.298,stance,12.68,0.0,0.0,37.68,5.0,-130.0,85.05,221,-1,86.98,808,-1,-110.75,134,-1,0.798,swing,-32.94,0.0,8.51,-7.94,-5.0,-121.49,85.05,802,-1,61.95,300,-1,-126.92,944,-1,0.048,stance,39.19,0.0,-1.69,31.19,5.0,-131.69,85.05,802,-1,83.01,228,-1,-111.96,736,-1,0.548,stance,-26.52,0.0,0.0,-34.52,-5.0,-130.0,85.05,527,-1,34.68,613,-1,-112.13,296,-1
18.992,0.056,1.0,0.0,walk,0.306,stance,11.4,0.0,0.0,36.4,5.0,-130.0,85.05,221,-1,86.51,806,-1,-111.32,132,-1,0.806,swing,-30.5,0.0,9.71,-5.5,-5.0,-120.29,85.05,802,-1,64.85,290,-1,-128.23,949,-1,0.056,stance,38.9,0.0,-1.84,30.9,5.0,-131.84,85.05,802,-1,82.76,229,-1,-111.93,736,-1,0.556,stance,-27.5,0.0,0.0,-35.5,-5.0,-130.0,85.05,527,-1,33.8,610,-1,-111.71,298,-1
19.012,0.064,1.0,0.0,walk,0.314,stance,10.11,0.0,0.0,35.11,5.0,-130.0,85.05,221,-1,86.01,805,-1,-111.88,130,-1,0.814,swing,-27.75,0.0,10.8,-2.75,-5.0,-119.2,85.05,802,-1,68.03,280,-1,-129.37,953,-1,0.064,stance,38.57,0.0,-1.95,30.57,5.0,-131.95,85.05,802,-1,82.53,230,-1,-111.96,736,-1,0.564,stance,-28.46,0.0,0.0,-36.46,-5.0,-130.0,85.05,527,-1,32.96,607,-1,-111.3,299,-1
19.033,0.072,1.0,0.0,walk,0.322,stance,8.81,0.0,0.0,33.81,5.0,-130.0,85.05,221,-1,85.48,803,-1,-112.42,128,-1,0.822,swing,-24.71,0.0,11.79,0.29,-5.0,-118.21,85.05,802,-1,71.46,268,-1,-130.31,956,-1,0.072,stance,38.19,0.0,-2.0,30.19,5.0,-132.0,85.05,802,-1,82.32,231,-1,-112.05,737,-1,0.572,stance,-29.39,0.0,0.0,-37.39,-5.0,-130.0,85.05,527,-1,32.14,604,-1,-110.88,300,-1
19.052,0.08,1.0,0.0,walk,0.33,stance,7.5,0.0,0.0,32.5,5.0,-130.0,85.05,221,220,84.93,801,802,-112.95,126,126,0.83,swing,-21.43,0.0,12.66,3.57,-5.0,-117.34,85.05,802,801,75.05,256,253,-130.99,958,928,0.08,stance,37.78,0.0,-1.99,29.78,5.0,-131.99,85.05,802,801,82.14,231,231,-112.21,737,738,0.58,stance,-30.28,0.0,0.0,-38.28,-5.0,-130.0,85.05,527,524,31.35,601,598,-110.48,302,300
19.262,0.088,1.0,0.0,walk,0.338,stance,6.17,0.0,0.0,31.17,5.0,-130.0,85.05,221,-1,84.35,799,-1,-113.47,125,-1,0.838,swing,-17.94,0.0,13.41,7.06,-5.0,-116.59,85.05,802,-1,78.72,243,-1,-131.36,959,-1,0.088,stance,37.31,0.0,-1.93,29.31,5.0,-131.93,85.05,802,-1,81.97,232,-1,-112.43,738,-1,0.588,stance,-31.14,0.0,0.0,-39.14,-5.0,-130.0,85.05,527,-1,30.59,599,-1,-110.08,303,-1
19.282,0.096,1.0,0.0,walk,0.346,stance,4.85,0.0,0.0,29.85,5.0,-130.0,85.05,221,-1,83.75,797,-1,-113.96,123,-1,0.846,swing,-14.26,0.0,14.01,10.74,-5.0,-115.99,85.05,802,-1,82.35,231,-1,-131.41,960,-1,0.096,stance,36.81,0.0,-1.81,28.81,5.0,-131.81,85.05,802,-1,81.83,232,-1,-112.72,739,-1,0.596,stance,-31.96,0.0,0.0,-39.96,-5.0,-130.0,85.05,527,-1,29.86,596,-1,-109.69,305,-1
19.302,0.104,1.0,0.0,walk,0.354,stance,3.51,0.0,0.0,28.51,5.0,-130.0,85.05,221,-1,83.12,795,-1,-114.44,121,-1,0.854,swing,-10.43,0.0,14.48,14.57,-5.0,-115.52,85.05,802,-1,85.85,219,-1,-131.09,959,-1,0.104,stance,36.26,0.0,-1.64,28.26,5.0,-131.64,85.05,802,-1,81.7,233,-1,-113.06,740,-1,0.604,stance,-32.75,0.0,0.0,-40.75,-5.0,-130.0,85.05,527,-1,29.17,594,-1,-109.31,306,-1
19.322,0.112,1.0,0.0,walk,0.362,stance,2.18,0.0,0.0,27.18,5.0,-130.0,85.05,221,-1,82.46,793,-1,-114.9,120,-1,0.862,swing,-6.51,0.0,14.8,18.49,-5.0,-115.2,85.05,802,-1,89.1,208,-1,-130.4,956,-1,0.112,stance,35.68,0.0,-1.43,27.68,5.0,-131.43,85.05,802,-1,81.59,233,-1,-113.45,742,-1,0.612,stance,-33.5,0.0,0.0,-41.5,-5.0,-130.0,85.05,527,-1,28.51,592,-1,-108.94,307,-1
19.342,0.12,1.0,0.0,walk,0.37,stance,0.84,0.0,0.0,25.84,5.0,-130.0,85.05,221,219,81.78,790,792,-115.34,118,119,0.87,swing,-2.51,0.0,14.97,22.49,-5.0,-115.03,85.05,802,800,92.02,198,192,-129.34,953,930,0.12,stance,35.05,0.0,-1.18,27.05,5.0,-131.18,85.05,802,801,81.48,234,233,-113.89,743,740,0.62,stance,-34.21,0.0,0.0,-42.21,-5.0,-130.0,85.05,527,524,27.88,590,588,-108.59,308,305
19.552,0.128,1.0,0.0,walk,0.378,stance,-0.5,0.0,0.0,24.5,5.0,-130.0,85.05,221,-1,81.08,788,-1,-115.76,117,-1,0.878,swing,1.51,0.0,15.0,26.51,-5.0,-115.0,85.05,802,-1,94.56,189,-1,-127.95,948,-1,0.128,stance,34.39,0.0,-0.89,26.39,5.0,-130.89,85.05,802,-1,81.37,234,-1,-114.37,745,-1,0.628,stance,-34.89,0.0,0.0,-42.89,-5.0,-130.0,85.05,527,-1,27.29,588,-1,-108.25,309,-1
19.572,0.136,1.0,0.0,walk,0.386,stance,-1.84,0.0,0.0,23.16,5.0,-130.0,85.05,221,-1,80.36,786,-1,-116.16,115,-1,0.886,swing,5.51,0.0,15.0,30.51,-5.0,-115.0,85.05,802,-1,96.77,182,-1,-126.34,942,-1,0.136,stance,33.68,0.0,-0.58,25.68,5.0,-130.58,85.05,802,-1,81.25,234,-1,-114.87,746,-1,0.636,stance,-35.53,0.0,0.0,-43.53,-5.0,-130.0,85.05,527,-1,26.73,586,-1,-107.93,311,-1
19.592,0.144,1.0,0.0,walk,0.394,stance,-3.18,0.0,0.0,21.82,5.0,-130.0,85.05,221,-1,79.61,783,-1,-116.54,114,-1,0.894,swing,9.46,0.0,15.0,34.46,-5.0,-115.0,85.05,802,-1,98.67,175,-1,-124.57,936,-1,0.144,stance,32.94,0.0,-0.25,24.94,5.0,-130.25,85.05,802,-1,81.12,235,-1,-115.4,748,-1,0.644,stance,-36.12,0.0,0.0,-44.12,-5.0,-130.0,85.05,527,-1,26.21,584,-1,-107.62,312,-1
19.612,0.152,1.0,0.0,walk,0.402,stance,-4.51,0.0,0.0,20.49,5.0,-130.0,85.05,221,-1,78.84,780,-1,-116.9,113,-1,0.902,swing,13.31,0.0,15.0,38.31,-5.0,-115.0,85.05,802,-1,100.26,170,-1,-122.68,930,-1,0.152,stance,32.16,0.0,0.0,24.16,5.0,-130.0,85.05,802,-1,80.9,236,-1,-115.87,750,-1,0.652,stance,-36.68,0.0,0.0,-44.68,-5.0,-130.0,85.05,527,-1,25.73,582,-1,-107.33,313,-1
19.633,0.16,1.0,0.0,walk,0.41,stance,-5.84,0.0,0.0,19.16,5.0,-130.0,85.05,221,219,78.06,778,779,-117.23,112,112,0.91,swing,17.03,0.0,15.0,42.03,-5.0,-115.0,85.05,802,801,101.57,165,163,-120.71,923,920,0.16,stance,31.35,0.0,0.0,23.35,5.0,-130.0,85.05,802,801,80.46,237,235,-116.11,751,748,0.66,stance,-37.19,0.0,0.0,-45.19,-5.0,-130.0,85.05,527,524,25.28,581,580,-107.06,314,312
19.842,0.168,1.0,0.0,walk,0.418,stance,-7.17,0.0,0.0,17.83,5.0,-130.0,85.05,221,-1,77.26,775,-1,-117.54,111,-1,0.918,swing,20.58,0.0,15.0,45.58,-5.0,-115.0,85.05,802,-1,102.61,162,-1,-118.7,916,-1,0.168,stance,30.5,0.0,0.0,22.5,5.0,-130.0,85.05,802,-1,79.99,239,-1,-116.35,751,-1,0.668,stance,-37.66,0.0,0.0,-45.66,-5.0,-130.0,85.05,527,-1,24.87,579,-1,-106.8,314,-1
19.862,0.176,1.0,0.0,walk,0.426,stance,-8.48,0.0,0.0,16.52,5.0,-130.0,85.05,221,-1,76.44,772,-1,-117.82,110,-1,0.926,swing,23.92,0.0,15.0,48.92,-5.0,-115.0,85.05,802,-1,103.42,159,-1,-116.7,909,-1,0.176,stance,29.61,0.0,0.0,21.61,5.0,-130.0,85.05,802,-1,79.49,240,-1,-116.6,752,-1,0.676,stance,-38.09,0.0,0.0,-46.09,-5.0,-130.0,85.05,527,-1,24.49,578,-1,-106.57,315,-1
19.868,0.184,1.0,0.0,walk,0.434,stance,-9.79,0.0,0.0,15.21,5.0,-130.0,85.05,221,-1,75.61,769,-1,-118.09,109,-1,0.934,swing,27.01,0.0,15.0,52.01,-5.0,-115.0,85.05,802,-1,104.02,157,-1,-114.75,903,-1,0.184,stance,28.7,0.0,0.0,20.7,5.0,-130.0,85.05,802,-1,78.97,242,-1,-116.84,753,-1,0.684,stance,-38.48,0.0,0.0,-46.48,-5.0,-130.0,85.05,527,-1,24.16,577,-1,-106.36,316,-1
19.902,0.192,1.0,0.0,walk,0.442,stance,-11.08,0.0,0.0,13.92,5.0,-130.0,85.05,221,-1,74.76,766,-1,-118.33,108,-1,0.942,swing,29.84,0.0,15.0,54.84,-5.0,-115.0,85.05,802,-1,104.45,155,-1,-112.89,896,-1,0.192,stance,27.75,0.0,0.0,19.75,5.0,-130.0,85.05,802,-1,78.41,244,-1,-117.08,754,-1,0.692,stance,-38.83,0.0,0.0,-46.83,-5.0,-130.0,85.05,527,-1,23.86,576,-1,-106.17,317,-1
19.922,0.2,1.0,0.0,walk,0.45,stance,-12.36,0.0,0.0,12.64,5.0,-130.0,85.05,221,219,73.91,764,766,-118.55,107,109,0.95,swing,32.36,0.0,15.0,57.36,-5.0,-115.0,85.05,802,801,104.75,154,155,-111.18,891,886,0.2,stance,26.77,0.0,0.0,18.77,5.0,-130.0,85.05,802,801,77.82,246,248,-117.32,755,749,0.7,stance,-39.13,0.0,0.0,-47.13,-5.0,-130.0,85.05,527,524,23.59,575,574,-106.01,317,313
20.132,0.208,1.0,0.0,walk,0.458,stance,-13.63,0.0,0.0,11.37,5.0,-130.0,85.05,221,-1,73.04,761,-1,-118.74,107,-1,0.958,swing,34.56,0.0,15.0,59.56,-5.0,-115.0,85.05,802,-1,104.94,154,-1,-109.64,885,-1,0.208,stance,25.75,0.0,0.0,17.75,5.0,-130.0,85.05,802,-1,77.21,248,-1,-117.56,756,-1,0.708,stance,-39.38,0.0,0.0,-47.38,-5.0,-130.0,85.05,527,-1,23.37,574,-1,-105.87,318,-1
20.152,0.216,1.0,0.0,walk,0.466,stance,-14.88,0.0,0.0,10.12,5.0,-130.0,85.05,221,-1,72.18,758,-1,-118.91,106,-1,0.966,swing,36.4,0.0,14.68,61.4,-5.0,-115.32,85.05,802,-1,104.77,154,-1,-108.1,880,-1,0.216,stance,24.71,0.0,0.0,16.71,5.0,-130.0,85.05,802,-1,76.56,250,-1,-117.78,756,-1,0.716,stance,-39.6,0.0,0.0,-47.6,-5.0,-130.0,85.05,527,-1,23.19,574,-1,-105.75,318,-1
20.172,0.224,1.0,0.0,walk,0.474,stance,-16.12,0.0,0.0,8.88,5.0,-130.0,85.05,221,-1,71.3,755,-1,-119.06,105,-1,0.974,swing,37.88,0.0,11.78,62.88,-5.0,-118.22,85.05,802,-1,102.29,163,-1,-105.01,870,-1,0.224,stance,23.65,0.0,0.0,15.65,5.0,-130.0,85.05,802,-1,75.88,253,-1,-118.0,757,-1,0.724,stance,-39.76,0.0,0.0,-47.76,-5.0,-130.0,85.05,527,-1,23.04,573,-1,-105.66,318,-1
20.192,0.232,1.0,0.0,walk,0.482,stance,-17.33,0.0,0.0,7.67,5.0,-130.0,85.05,221,-1,70.42,752,-1,-119.19,105,-1,0.982,swing,38.98,0.0,7.03,63.98,-5.0,-122.97,85.05,802,-1,98.23,177,-1,-100.77,855,-1,0.232,stance,22.55,0.0,0.0,14.55,5.0,-130.0,85.05,802,-1,75.18,255,-1,-118.21,758,-1,0.732,stance,-39.89,0.0,0.0,-47.89,-5.0,-130.0,85.05,527,-1,22.93,573,-1,-105.59,319,-1
20.212,0.24,1.0,0.0,walk,0.49,stance,-18.53,0.0,0.0,6.47,5.0,-130.0,85.05,221,219,69.55,749,751,-119.3,105,105,0.99,swing,39.68,0.0,2.48,64.68,-5.0,-127.52,85.05,802,800,94.39,190,192,-96.77,841,832,0.24,stance,21.43,0.0,0.0,13.43,5.0,-130.0,85.05,802,801,74.44,258,259,-118.41,758,756,0.74,stance,-39.96,0.0,0.0,-47.96,-5.0,-130.0,85.05,527,524,22.87,572,571,-105.54,319,317
20.433,0.248,1.0,0.0,walk,0.498,stance,-19.71,0.0,0.0,5.29,5.0,-130.0,85.05,221,-1,68.67,746,-1,-119.39,104,-1,0.998,swing,39.99,0.0,0.11,64.99,-5.0,-129.89,85.05,802,-1,92.39,196,-1,-94.64,834,-1,0.248,stance,20.29,0.0,0.0,12.29,5.0,-130.0,85.05,802,-1,73.67,260,-1,-118.6,759,-1,0.748,stance,-40.0,0.0,0.0,-48.0,-5.0,-130.0,85.05,527,-1,22.84,572,-1,-105.52,319,-1
20.462,0.256,1.0,0.0,walk,0.506,stance,-20.86,0.0,0.0,4.14,5.0,-130.0,85.05,221,-1,67.8,743,-1,-119.46,104,-1,0.006,stance,39.99,0.0,-0.25,64.99,-5.0,-130.25,85.05,802,-1,92.09,197,-1,-94.35,833,-1,0.256,stance,19.12,0.0,0.0,11.12,5.0,-130.0,85.05,802,-1,72.87,263,-1,-118.78,760,-1,0.756,swing,-39.89,0.0,1.13,-47.89,-5.0,-128.87,85.05,527,-1,23.05,573,-1,-106.53,315,-1
20.482,0.264,1.0,0.0,walk,0.514,stance,-22.0,0.0,0.0,3.0,5.0,-130.0,85.05,221,-1,66.94,740,-1,-119.51,104,-1,0.014,stance,39.93,0.0,-0.58,64.93,-5.0,-130.58,85.05,802,-1,91.81,198,-1,-94.13,832,-1,0.264,stance,17.94,0.0,0.0,9.94,5.0,-130.0,85.05,802,-1,72.05,266,-1,-118.94,760,-1,0.764,swing,-39.38,0.0,2.63,-47.38,-5.0,-127.37,85.05,527,-1,23.64,575,-1,-108.05,310,-1
20.512,0.272,1.0,0.0,walk,0.522,stance,-23.1,0.0,0.0,1.9,5.0,-130.0,85.05,221,-1,66.08,737,-1,-119.55,104,-1,0.022,stance,39.83,0.0,-0.89,64.83,-5.0,-130.89,85.05,802,-1,91.54,199,-1,-93.94,832,-1,0.272,stance,16.73,0.0,0.0,8.73,5.0,-130.0,85.05,802,-1,71.19,269,-1,-119.08,761,-1,0.772,swing,-38.48,0.0,4.09,-46.48,-5.0,-125.91,85.05,527,-1,24.55,578,-1,-109.76,304,-1
20.532,0.28,1.0,0.0,walk,0.53,stance,-24.18,0.0,0.0,0.82,5.0,-130.0,85.05,221,219,65.24,734,735,-119.57,104,104,0.03,stance,39.68,0.0,-1.18,64.68,-5.0,-131.18,85.05,802,801,91.29,200,200,-93.81,831,831,0.28,stance,15.5,0.0,0.0,7.5,5.0,-130.0,85.05,802,801,70.3,272,273,-119.21,761,754,0.78,swing,-37.19,0.0,5.52,-45.19,-5.0,-124.48,85.05,527,524,25.81,582,582,-111.62,298,311
20.742,0.288,1.0,0.0,walk,0.538,stance,-25.24,0.0,0.0,-0.24,5.0,-130.0,85.05,221,-1,64.4,731,-1,-119.57,104,-1,0.038,stance,39.49,0.0,-1.43,64.49,-5.0,-131.43,85.05,802,-1,91.07,201,-1,-93.74,831,-1,0.288,stance,14.26,0.0,0.0,6.26,5.0,-130.0,85.05,802,-1,69.39,275,-1,-119.32,762,-1,0.788,swing,-35.53,0.0,6.89,-43.53,-5.0,-123.11,85.05,527,-1,27.42,588,-1,-113.62,291,-1
20.762,0.296,1.0,0.0,walk,0.546,stance,-26.26,0.0,0.0,-1.26,5.0,-130.0,85.05,221,-1,63.58,728,-1,-119.56,104,-1,0.046,stance,39.26,0.0,-1.64,64.26,-5.0,-131.64,85.05,802,-1,90.88,202,-1,-93.74,831,-1,0.296,stance,13.0,0.0,0.0,5.0,5.0,-130.0,85.05,802,-1,68.45,278,-1,-119.41,762,-1,0.796,swing,-33.5,0.0,8.2,-41.5,-5.0,-121.8,85.05,527,-1,29.37,595,-1,-115.73,284,-1
20.782,0.304,1.0,0.0,walk,0.554,stance,-27.26,0.0,0.0,-2.26,5.0,-130.0,85.05,221,-1,62.78,726,-1,-119.54,104,-1,0.054,stance,38.98,0.0,-1.81,63.98,-5.0,-131.81,85.05,802,-1,90.73,202,-1,-93.8,831,-1,0.304,stance,11.72,0.0,0.0,3.72,5.0,-130.0,85.05,802,-1,67.49,281,-1,-119.48,762,-1,0.804,swing,-31.14,0.0,9.42,-39.14,-5.0,-120.58,85.05,527,-1,31.67,602,-1,-117.9,277,-1
20.802,0.312,1.0,0.0,walk,0.562,stance,-28.22,0.0,0.0,-3.22,5.0,-130.0,85.05,221,-1,61.99,723,-1,-119.5,104,-1,0.062,stance,38.66,0.0,-1.93,63.66,-5.0,-131.93,85.05,802,-1,90.62,202,-1,-93.93,832,-1,0.312,stance,10.43,0.0,0.0,2.43,5.0,-130.0,85.05,802,-1,66.5,285,-1,-119.53,762,-1,0.812,swing,-28.46,0.0,10.54,-36.46,-5.0,-119.46,85.05,527,-1,34.32,611,-1,-120.1,269,-1
20.822,0.32,1.0,0.0,walk,0.57,stance,-29.16,0.0,0.0,-4.16,5.0,-130.0,85.05,221,219,61.23,720,721,-119.46,104,104,0.07,stance,38.29,0.0,-1.99,63.29,-5.0,-131.99,85.05,802,800,90.55,203,202,-94.14,833,831,0.32,stance,9.13,0.0,0.0,1.13,5.0,-130.0,85.05,802,801,65.49,288,289,-119.56,762,755,0.82,swing,-25.5,0.0,11.56,-33.5,-5.0,-118.44,85.05,527,524,37.31,622,619,-122.28,262,305
21.042,0.328,1.0,0.0,walk,0.578,stance,-30.06,0.0,0.0,-5.06,5.0,-130.0,85.05,221,-1,60.48,718,-1,-119.41,104,-1,0.078,stance,37.88,0.0,-2.0,62.88,-5.0,-132.0,85.05,802,-1,90.52,203,-1,-94.43,833,-1,0.328,stance,7.82,0.0,0.0,-0.18,5.0,-130.0,85.05,802,-1,64.45,292,-1,-119.57,762,-1,0.828,swing,-22.28,0.0,12.46,-30.28,-5.0,-117.54,85.05,527,-1,40.63,633,-1,-124.39,254,-1
21.072,0.336,1.0,0.0,walk,0.586,stance,-30.93,0.0,0.0,-5.93,5.0,-130.0,85.05,221,-1,59.76,715,-1,-119.35,105,-1,0.086,stance,37.43,0.0,-1.95,62.43,-5.0,-131.95,85.05,802,-1,90.53,203,-1,-94.79,835,-1,0.336,stance,6.51,0.0,0.0,-1.49,5.0,-130.0,85.05,802,-1,63.4,295,-1,-119.56,762,-1,0.836,swing,-18.83,0.0,13.23,-26.83,-5.0,-116.77,85.05,527,-1,44.27,645,-1,-126.38,248,-1
21.092,0.344,1.0,0.0,walk,0.594,stance,-31.76,0.0,0.0,-6.76,5.0,-130.0,85.05,221,-1,59.07,713,-1,-119.28,105,-1,0.094,stance,36.94,0.0,-1.84,61.94,-5.0,-131.84,85.05,802,-1,90.59,203,-1,-95.22,836,-1,0.344,stance,5.18,0.0,0.0,-2.82,5.0,-130.0,85.05,802,-1,62.32,299,-1,-119.52,762,-1,0.844,swing,-15.19,0.0,13.88,-23.19,-5.0,-116.12,85.05,527,-1,48.18,659,-1,-128.2,241,-1
21.122,0.352,1.0,0.0,walk,0.602,stance,-32.56,0.0,0.0,-7.56,5.0,-130.0,85.05,221,-1,58.4,711,-1,-119.2,105,-1,0.102,stance,36.4,0.0,-1.69,61.4,-5.0,-131.69,85.05,802,-1,90.68,202,-1,-95.72,838,-1,0.352,stance,3.85,0.0,0.0,-4.15,5.0,-130.0,85.05,802,-1,61.23,303,-1,-119.46,762,-1,0.852,swing,-11.4,0.0,14.38,-19.4,-5.0,-115.62,85.05,527,-1,52.31,673,-1,-129.79,236,-1
21.142,0.36,1.0,0.0,walk,0.61,stance,-33.32,0.0,0.0,-8.32,5.0,-130.0,85.05,221,219,57.76,708,709,-119.13,105,104,0.11,stance,35.83,0.0,-1.49,60.83,-5.0,-131.49,85.05,802,800,90.8,202,203,-96.29,840,838,0.36,stance,2.51,0.0,0.0,-5.49,5.0,-130.0,85.05,802,801,60.13,306,308,-119.38,762,754,0.86,swing,-7.5,0.0,14.73,-15.5,-5.0,-115.27,85.05,527,524,56.61,687,685,-131.1,232,298
21.352,0.368,1.0,0.0,walk,0.618,stance,-34.04,0.0,0.0,-9.04,5.0,-130.0,85.05,221,-1,57.14,706,-1,-119.05,106,-1,0.118,stance,35.21,0.0,-1.24,60.21,-5.0,-131.24,85.05,802,-1,90.96,201,-1,-96.91,842,-1,0.368,stance,1.17,0.0,0.0,-6.83,5.0,-130.0,85.05,802,-1,59.01,310,-1,-119.27,761,-1,0.868,swing,-3.51,0.0,14.94,-11.51,-5.0,-115.06,85.05,527,-1,60.96,702,-1,-132.08,228,-1
21.372,0.376,1.0,0.0,walk,0.626,stance,-34.72,0.0,0.0,-9.72,5.0,-130.0,85.05,221,-1,56.56,704,-1,-118.96,106,-1,0.126,stance,34.56,0.0,-0.96,59.56,-5.0,-130.96,85.05,802,-1,91.13,201,-1,-97.59,844,-1,0.376,stance,-0.17,0.0,0.0,-8.17,5.0,-130.0,85.05,802,-1,57.88,314,-1,-119.14,761,-1,0.876,swing,0.5,0.0,15.0,-7.5,-5.0,-115.0,85.05,527,-1,65.27,717,-1,-132.71,226,-1
21.392,0.384,1.0,0.0,walk,0.634,stance,-35.37,0.0,0.0,-10.37,5.0,-130.0,85.05,221,-1,56.01,702,-1,-118.88,106,-1,0.134,stance,33.86,0.0,-0.66,58.86,-5.0,-130.66,85.05,802,-1,91.32,200,-1,-98.31,847,-1,0.384,stance,-1.51,0.0,0.0,-9.51,5.0,-130.0,85.05,802,-1,56.74,318,-1,-118.99,760,-1,0.884,swing,4.51,0.0,15.0,-3.49,-5.0,-115.0,85.05,527,-1,69.47,731,-1,-133.05,225,-1
21.412,0.392,1.0,0.0,walk,0.642,stance,-35.98,0.0,0.0,-10.98,5.0,-130.0,85.05,221,-1,55.49,701,-1,-118.8,106,-1,0.142,stance,33.13,0.0,-0.33,58.13,-5.0,-130.33,85.05,802,-1,91.52,199,-1,-99.06,849,-1,0.392,stance,-2.85,0.0,0.0,-10.85,5.0,-130.0,85.05,802,-1,55.6,322,-1,-118.81,760,-1,0.892,swing,8.48,0.0,15.0,0.48,-5.0,-115.0,85.05,527,-1,73.5,745,-1,-133.14,225,-1
21.432,0.4,1.0,0.0,walk,0.65,stance,-36.54,0.0,0.0,-11.54,5.0,-130.0,85.05,221,219,55.0,699,700,-118.72,107,103,0.15,stance,32.36,0.0,0.0,57.36,-5.0,-130.0,85.05,802,801,91.71,199,201,-99.84,852,851,0.4,stance,-4.18,0.0,0.0,-12.18,5.0,-130.0,85.05,802,801,54.45,326,328,-118.62,759,755,0.9,swing,12.36,0.0,15.0,4.36,-5.0,-115.0,85.05,527,524,77.28,758,755,-133.0,225,298
21.642,0.408,1.0,0.0,walk,0.658,stance,-37.07,0.0,0.0,-12.07,5.0,-130.0,85.05,221,-1,54.55,698,-1,-118.64,107,-1,0.158,stance,31.55,0.0,0.0,56.55,-5.0,-130.0,85.05,802,-1,91.61,199,-1,-100.37,854,-1,0.408,stance,-5.51,0.0,0.0,-13.51,5.0,-130.0,85.05,802,-1,53.3,330,-1,-118.4,758,-1,0.908,swing,16.12,0.0,15.0,8.12,-5.0,-115.0,85.05,527,-1,80.76,770,-1,-132.64,226,-1
21.662,0.416,1.0,0.0,walk,0.666,stance,-37.55,0.0,0.0,-12.55,5.0,-130.0,85.05,221,-1,54.13,696,-1,-118.56,107,-1,0.166,stance,30.71,0.0,0.0,55.71,-5.0,-130.0,85.05,802,-1,91.5,200,-1,-100.91,856,-1,0.416,stance,-6.84,0.0,0.0,-14.84,5.0,-130.0,85.05,802,-1,52.14,334,-1,-118.16,758,-1,0.916,swing,19.71,0.0,15.0,11.71,-5.0,-115.0,85.05,527,-1,83.9,781,-1,-132.1,228,-1
21.682,0.424,1.0,0.0,walk,0.674,stance,-37.99,0.0,0.0,-12.99,5.0,-130.0,85.05,221,-1,53.75,695,-1,-118.49,107,-1,0.174,stance,29.84,0.0,0.0,54.84,-5.0,-130.0,85.05,802,-1,91.37,200,-1,-101.46,857,-1,0.424,stance,-8.15,0.0,0.0,-16.15,5.0,-130.0,85.05,802,-1,50.99,338,-1,-117.9,757,-1,0.924,swing,23.1,0.0,15.0,15.1,-5.0,-115.0,85.05,527,-1,86.68,790,-1,-131.41,230,-1
21.702,0.432,1.0,0.0,walk,0.682,stance,-38.39,0.0,0.0,-13.39,5.0,-130.0,85.05,221,-1,53.4,694,-1,-118.42,108,-1,0.182,stance,28.93,0.0,0.0,53.93,-5.0,-130.0,85.05,802,-1,91.23,200,-1,-102.03,859,-1,0.432,stance,-9.46,0.0,0.0,-17.46,5.0,-130.0,85.05,802,-1,49.84,342,-1,-117.62,756,-1,0.932,swing,26.26,0.0,15.0,18.26,-5.0,-115.0,85.05,527,-1,89.1,798,-1,-130.63,233,-1
21.732,0.44,1.0,0.0,walk,0.69,stance,-38.74,0.0,0.0,-13.74,5.0,-130.0,85.05,221,220,53.1,693,693,-118.36,108,106,0.19,stance,27.99,0.0,0.0,52.99,-5.0,-130.0,85.05,802,800,91.07,201,201,-102.61,861,859,0.44,stance,-10.76,0.0,0.0,-18.76,5.0,-130.0,85.05,802,801,48.7,345,346,-117.32,755,755,0.94,swing,29.16,0.0,15.0,21.16,-5.0,-115.0,85.05,527,524,91.15,805,803,-129.79,236,298
21.952,0.448,1.0,0.0,walk,0.698,stance,-39.05,0.0,0.0,-14.05,5.0,-130.0,85.05,221,-1,52.82,692,-1,-118.3,108,-1,0.198,stance,27.01,0.0,0.0,52.01,-5.0,-130.0,85.05,802,-1,90.9,202,-1,-103.2,863,-1,0.448,stance,-12.04,0.0,0.0,-20.04,5.0,-130.0,85.05,802,-1,47.56,349,-1,-117.01,754,-1,0.948,swing,31.76,0.0,15.0,23.76,-5.0,-115.0,85.05,527,-1,92.87,811,-1,-128.94,239,-1
21.972,0.456,1.0,0.0,walk,0.706,stance,-39.32,0.0,0.0,-14.32,5.0,-130.0,85.05,221,-1,52.59,691,-1,-118.26,108,-1,0.206,stance,26.01,0.0,0.0,51.01,-5.0,-130.0,85.05,802,-1,90.7,202,-1,-103.79,865,-1,0.456,stance,-13.31,0.0,0.0,-21.31,5.0,-130.0,85.05,802,-1,46.44,353,-1,-116.68,753,-1,0.956,swing,34.04,0.0,15.0,26.04,-5.0,-115.0,85.05,527,-1,94.28,816,-1,-128.13,242,-1
22.002,0.464,1.0,0.0,walk,0.714,stance,-39.55,0.0,0.0,-14.55,5.0,-130.0,85.05,221,-1,52.4,690,-1,-118.21,108,-1,0.214,stance,24.98,0.0,0.0,49.98,-5.0,-130.0,85.05,802,-1,90.49,203,-1,-104.4,867,-1,0.464,stance,-14.57,0.0,0.0,-22.57,5.0,-130.0,85.05,802,-1,45.32,357,-1,-116.33,751,-1,0.964,swing,35.98,0.0,14.94,27.98,-5.0,-115.06,85.05,527,-1,95.35,820,-1,-127.33,244,-1
22.032,0.472,1.0,0.0,walk,0.722,stance,-39.73,0.0,0.0,-14.73,5.0,-130.0,85.05,221,-1,52.24,690,-1,-118.18,109,-1,0.222,stance,23.92,0.0,0.0,48.92,-5.0,-130.0,85.05,802,-1,90.27,204,-1,-105.01,870,-1,0.472,stance,-15.81,0.0,0.0,-23.81,5.0,-130.0,85.05,802,-1,44.22,361,-1,-115.97,750,-1,0.972,swing,37.55,0.0,12.75,29.55,-5.0,-117.25,85.05,527,-1,94.25,816,-1,-124.92,253,-1
22.052,0.48,1.0,0.0,walk,0.73,stance,-39.86,0.0,0.0,-14.86,5.0,-130.0,85.05,221,220,52.12,689,689,-118.16,109,106,0.23,stance,22.83,0.0,0.0,47.83,-5.0,-130.0,85.05,802,801,90.02,205,205,-105.62,872,870,0.48,stance,-17.03,0.0,0.0,-25.03,5.0,-130.0,85.05,802,801,43.13,364,364,-115.6,749,749,0.98,swing,38.74,0.0,8.28,30.74,-5.0,-121.72,85.05,527,524,90.98,805,800,-120.76,267,298
22.262,0.488,1.0,0.0,walk,0.738,stance,-39.95,0.0,0.0,-14.95,5.0,-130.0,85.05,221,-1,52.04,689,-1,-118.14,109,-1,0.238,stance,21.72,0.0,0.0,46.72,-5.0,-130.0,85.05,802,-1,89.75,205,-1,-106.23,874,-1,0.488,stance,-18.23,0.0,0.0,-26.23,5.0,-130.0,85.05,802,-1,42.06,368,-1,-115.22,748,-1,0.988,swing,39.55,0.0,3.48,31.55,-5.0,-126.52,85.05,527,-1,87.35,792,-1,-116.36,282,-1
22.282,0.496,1.0,0.0,walk,0.746,stance,-39.99,0.0,0.0,-14.99,5.0,-130.0,85.05,221,-1,52.0,689,-1,-118.13,109,-1,0.246,stance,20.58,0.0,0.0,45.58,-5.0,-130.0,85.05,802,-1,89.46,206,-1,-106.85,876,-1,0.496,stance,-19.42,0.0,0.0,-27.42,5.0,-130.0,85.05,802,-1,41.0,372,-1,-114.82,746,-1,0.996,swing,39.95,0.0,0.42,31.95,-5.0,-129.58,85.05,527,-1,85.03,784,-1,-113.54,291,-1
22.312,0.504,1.0,0.0,walk,0.754,swing,-39.95,0.0,0.75,-14.95,5.0,-129.25,85.05,221,-1,52.33,690,-1,-118.83,106,-1,0.254,stance,19.42,0.0,0.0,44.42,-5.0,-130.0,85.05,802,-1,89.14,208,-1,-107.46,878,-1,0.504,stance,-20.58,0.0,0.0,-28.58,5.0,-130.0,85.05,802,-1,39.97,375,-1,-114.42,745,-1,0.004,stance,39.99,0.0,-0.17,31.99,-5.0,-130.17,85.05,527,-1,84.58,783,-1,-113.0,293,-1
22.332,0.512,1.0,0.0,walk,0.762,swing,-39.55,0.0,2.25,-14.55,5.0,-127.75,85.05,221,-1,53.27,693,-1,-120.28,101,-1,0.262,stance,18.23,0.0,0.0,43.23,-5.0,-130.0,85.05,802,-1,88.81,209,-1,-108.07,880,-1,0.512,stance,-21.72,0.0,0.0,-29.72,5.0,-130.0,85.05,802,-1,38.95,379,-1,-114.01,743,-1,0.012,stance,39.95,0.0,-0.5,31.95,-5.0,-130.5,85.05,527,-1,84.29,782,-1,-112.73,294,-1
22.352,0.52,1.0,0.0,walk,0.77,swing,-38.74,0.0,3.73,-13.74,5.0,-126.27,85.05,221,219,54.56,698,689,-121.77,96,100,0.27,stance,17.03,0.0,0.0,42.03,-5.0,-130.0,85.05,802,801,88.44,210,210,-108.68,882,880,0.52,stance,-22.83,0.0,0.0,-30.83,5.0,-130.0,85.05,802,801,37.96,382,382,-113.6,742,742,0.02,stance,39.86,0.0,-0.81,31.86,-5.0,-130.81,85.05,527,524,84.0,781,778,-112.48,295,298
22.572,0.528,1.0,0.0,walk,0.778,swing,-37.55,0.0,5.17,-12.55,5.0,-124.83,85.05,221,-1,56.22,703,-1,-123.27,91,-1,0.278,stance,15.81,0.0,0.0,40.81,-5.0,-130.0,85.05,802,-1,88.06,211,-1,-109.28,884,-1,0.528,stance,-23.92,0.0,0.0,-31.92,5.0,-130.0,85.05,802,-1,36.99,385,-1,-113.18,741,-1,0.028,stance,39.73,0.0,-1.11,31.73,-5.0,-131.11,85.05,527,-1,83.71,780,-1,-112.27,296,-1
22.592,0.536,1.0,0.0,walk,0.786,swing,-35.98,0.0,6.56,-10.98,5.0,-123.44,85.05,221,-1,58.24,710,-1,-124.77,86,-1,0.286,stance,14.57,0.0,0.0,39.57,-5.0,-130.0,85.05,802,-1,87.65,213,-1,-109.88,886,-1,0.536,stance,-24.98,0.0,0.0,-32.98,5.0,-130.0,85.05,802,-1,36.05,389,-1,-112.76,739,-1,0.036,stance,39.55,0.0,-1.37,31.55,-5.0,-131.37,85.05,527,-1,83.42,779,-1,-112.11,296,-1
22.612,0.544,1.0,0.0,walk,0.794,swing,-34.04,0.0,7.88,-9.04,5.0,-122.12,85.05,221,-1,60.63,718,-1,-126.23,81,-1,0.294,stance,13.31,0.0,0.0,38.31,-5.0,-130.0,85.05,802,-1,87.21,214,-1,-110.46,888,-1,0.544,stance,-26.01,0.0,0.0,-34.01,5.0,-130.0,85.05,802,-1,35.13,392,-1,-112.34,738,-1,0.044,stance,39.32,0.0,-1.59,31.32,-5.0,-131.59,85.05,527,-1,83.14,778,-1,-111.99,297,-1
22.642,0.552,1.0,0.0,walk,0.802,swing,-31.76,0.0,9.12,-6.76,5.0,-120.88,85.05,221,-1,63.36,728,-1,-127.59,76,-1,0.302,stance,12.04,0.0,0.0,37.04,-5.0,-130.0,85.05,802,-1,86.75,216,-1,-111.04,890,-1,0.552,stance,-27.01,0.0,0.0,-35.01,5.0,-130.0,85.05,802,-1,34.24,395,-1,-111.92,736,-1,0.052,stance,39.05,0.0,-1.77,31.05,-5.0,-131.77,85.05,527,-1,82.88,777,-1,-111.94,297,-1
22.662,0.56,1.0,0.0,walk,0.81,swing,-29.16,0.0,10.27,-4.16,5.0,-119.73,85.05,221,219,66.41,738,729,-128.82,72,85,0.31,stance,10.76,0.0,0.0,35.76,-5.0,-130.0,85.05,802,801,86.26,217,217,-111.6,892,891,0.56,stance,-27.99,0.0,0.0,-35.99,5.0,-130.0,85.05,802,801,33.38,398,396,-111.5,735,735,0.06,stance,38.74,0.0,-1.9,30.74,-5.0,-131.9,85.05,527,524,82.64,776,775,-111.94,297,298
22.872,0.568,1.0,0.0,walk,0.818,swing,-26.26,0.0,11.31,-1.26,5.0,-118.69,85.05,221,-1,69.72,749,-1,-129.87,69,-1,0.318,stance,9.46,0.0,0.0,34.46,-5.0,-130.0,85.05,802,-1,85.75,219,-1,-112.15,894,-1,0.568,stance,-28.93,0.0,0.0,-36.93,5.0,-130.0,85.05,802,-1,32.54,401,-1,-111.09,733,-1,0.068,stance,38.39,0.0,-1.98,30.39,-5.0,-131.98,85.05,527,-1,82.42,776,-1,-112.0,297,-1
22.892,0.576,1.0,0.0,walk,0.826,swing,-23.1,0.0,12.25,1.9,5.0,-117.75,85.05,221,-1,73.24,761,-1,-130.68,66,-1,0.326,stance,8.15,0.0,0.0,33.15,-5.0,-130.0,85.05,802,-1,85.21,221,-1,-112.69,896,-1,0.576,stance,-29.84,0.0,0.0,-37.84,5.0,-130.0,85.05,802,-1,31.74,403,-1,-110.68,732,-1,0.076,stance,37.99,0.0,-2.0,29.99,-5.0,-132.0,85.05,527,-1,82.23,775,-1,-112.13,296,-1
22.912,0.584,1.0,0.0,walk,0.834,swing,-19.71,0.0,13.05,5.29,5.0,-116.95,85.05,221,-1,76.88,774,-1,-131.22,64,-1,0.334,stance,6.84,0.0,0.0,31.84,-5.0,-130.0,85.05,802,-1,84.64,223,-1,-113.21,898,-1,0.584,stance,-30.71,0.0,0.0,-38.71,5.0,-130.0,85.05,802,-1,30.96,406,-1,-110.28,731,-1,0.084,stance,37.55,0.0,-1.96,29.55,-5.0,-131.96,85.05,527,-1,82.05,774,-1,-112.32,296,-1
22.942,0.592,1.0,0.0,walk,0.842,swing,-16.12,0.0,13.73,8.88,5.0,-116.27,85.05,221,-1,80.54,786,-1,-131.43,63,-1,0.342,stance,5.51,0.0,0.0,30.51,-5.0,-130.0,85.05,802,-1,84.05,225,-1,-113.72,899,-1,0.592,stance,-31.55,0.0,0.0,-39.55,5.0,-130.0,85.05,802,-1,30.22,408,-1,-109.88,729,-1,0.092,stance,37.07,0.0,-1.87,29.07,-5.0,-131.87,85.05,527,-1,81.9,774,-1,-112.57,295,-1
22.972,0.6,1.0,0.0,walk,0.85,swing,-12.36,0.0,14.27,12.64,5.0,-115.73,85.05,221,220,84.12,798,789,-131.29,64,86,0.35,stance,4.18,0.0,0.0,29.18,-5.0,-130.0,85.05,802,800,83.43,227,227,-114.21,901,899,0.6,stance,-32.36,0.0,0.0,-40.36,5.0,-130.0,85.05,802,801,29.51,411,410,-109.5,728,728,0.1,stance,36.54,0.0,-1.73,28.54,-5.0,-131.73,85.05,527,524,81.77,773,772,-112.88,294,296
23.182,0.608,1.0,0.0,walk,0.858,swing,-8.48,0.0,14.66,16.52,5.0,-115.34,85.05,221,-1,87.51,810,-1,-130.79,66,-1,0.358,stance,2.85,0.0,0.0,27.85,-5.0,-130.0,85.05,802,-1,82.79,229,-1,-114.68,903,-1,0.608,stance,-33.13,0.0,0.0,-41.13,5.0,-130.0,85.05,802,-1,28.84,413,-1,-109.13,727,-1,0.108,stance,35.98,0.0,-1.54,27.98,-5.0,-131.54,85.05,527,-1,81.65,773,-1,-113.25,292,-1
23.203,0.616,1.0,0.0,walk,0.866,swing,-4.51,0.0,14.9,20.49,5.0,-115.1,85.05,221,-1,90.61,820,-1,-129.91,68,-1,0.366,stance,1.51,0.0,0.0,26.51,-5.0,-130.0,85.05,802,-1,82.12,231,-1,-115.13,904,-1,0.616,stance,-33.86,0.0,0.0,-41.86,5.0,-130.0,85.05,802,-1,28.19,415,-1,-108.77,726,-1,0.116,stance,35.37,0.0,-1.31,27.37,-5.0,-131.31,85.05,527,-1,81.53,772,-1,-113.67,291,-1
23.222,0.624,1.0,0.0,walk,0.874,swing,-0.5,0.0,15.0,24.5,5.0,-115.0,85.05,221,-1,93.34,830,-1,-128.68,73,-1,0.374,stance,0.17,0.0,0.0,25.17,-5.0,-130.0,85.05,802,-1,81.43,234,-1,-115.56,906,-1,0.624,stance,-34.56,0.0,0.0,-42.56,5.0,-130.0,85.05,802,-1,27.58,417,-1,-108.42,724,-1,0.124,stance,34.72,0.0,-1.04,26.72,-5.0,-131.04,85.05,527,-1,81.43,772,-1,-114.12,289,-1
23.253,0.632,1.0,0.0,walk,0.882,swing,3.51,0.0,15.0,28.51,5.0,-115.0,85.05,221,-1,95.7,838,-1,-127.17,78,-1,0.382,stance,-1.17,0.0,0.0,23.83,-5.0,-130.0,85.05,802,-1,80.72,236,-1,-115.97,907,-1,0.632,stance,-35.21,0.0,0.0,-43.21,5.0,-130.0,85.05,802,-1,27.01,419,-1,-108.09,723,-1,0.132,stance,34.04,0.0,-0.74,26.04,-5.0,-130.74,85.05,527,-1,81.31,772,-1,-114.62,288,-1
23.272,0.64,1.0,0.0,walk,0.89,swing,7.5,0.0,15.0,32.5,5.0,-115.0,85.05,221,219,97.76,845,836,-125.47,84,91,0.39,stance,-2.51,0.0,0.0,22.49,-5.0,-130.0,85.05,802,801,79.98,239,240,-116.36,908,907,0.64,stance,-35.83,0.0,0.0,-43.83,5.0,-130.0,85.05,802,801,26.47,421,419,-107.77,722,722,0.14,stance,33.32,0.0,-0.42,25.32,-5.0,-130.42,85.05,527,524,81.19,771,768,-115.14,286,292
23.468,0.648,1.0,0.0,walk,0.898,swing,11.4,0.0,15.0,36.4,5.0,-115.0,85.05,221,-1,99.5,851,-1,-123.64,90,-1,0.398,stance,-3.85,0.0,0.0,21.15,-5.0,-130.0,85.05,802,-1,79.23,241,-1,-116.72,910,-1,0.648,stance,-36.4,0.0,0.0,-44.4,5.0,-130.0,85.05,802,-1,25.97,423,-1,-107.47,721,-1,0.148,stance,32.56,0.0,-0.08,24.56,-5.0,-130.08,85.05,527,-1,81.05,771,-1,-115.67,284,-1
23.502,0.656,1.0,0.0,walk,0.906,swing,15.19,0.0,15.0,40.19,5.0,-115.0,85.05,221,-1,100.95,856,-1,-121.7,96,-1,0.406,stance,-5.18,0.0,0.0,19.82,-5.0,-130.0,85.05,802,-1,78.45,244,-1,-117.06,911,-1,0.656,stance,-36.94,0.0,0.0,-44.94,5.0,-130.0,85.05,802,-1,25.5,425,-1,-107.19,720,-1,0.156,stance,31.76,0.0,0.0,23.76,-5.0,-130.0,85.05,527,-1,80.68,770,-1,-115.99,283,-1
23.522,0.664,1.0,0.0,walk,0.914,swing,18.83,0.0,15.0,43.83,5.0,-115.0,85.05,221,-1,102.12,860,-1,-119.7,103,-1,0.414,stance,-6.51,0.0,0.0,18.49,-5.0,-130.0,85.05,802,-1,77.66,247,-1,-117.39,912,-1,0.664,stance,-37.43,0.0,0.0,-45.43,5.0,-130.0,85.05,802,-1,25.07,426,-1,-106.93,719,-1,0.164,stance,30.93,0.0,0.0,22.93,-5.0,-130.0,85.05,527,-1,80.23,768,-1,-116.23,282,-1
23.542,0.672,1.0,0.0,walk,0.922,swing,22.28,0.0,15.0,47.28,5.0,-115.0,85.05,221,-1,103.04,863,-1,-117.69,110,-1,0.422,stance,-7.82,0.0,0.0,17.18,-5.0,-130.0,85.05,802,-1,76.85,249,-1,-117.68,913,-1,0.672,stance,-37.88,0.0,0.0,-45.88,5.0,-130.0,85.05,802,-1,24.67,427,-1,-106.69,718,-1,0.172,stance,30.06,0.0,0.0,22.06,-5.0,-130.0,85.05,527,-1,79.74,766,-1,-116.47,281,-1
23.562,0.68,1.0,0.0,walk,0.93,swing,25.5,0.0,15.0,50.5,5.0,-115.0,85.05,221,219,103.74,865,859,-115.71,117,114,0.43,stance,-9.13,0.0,0.0,15.87,-5.0,-130.0,85.05,802,800,76.02,252,252,-117.96,914,911,0.68,stance,-38.29,0.0,0.0,-46.29,5.0,-130.0,85.05,802,801,24.32,429,427,-106.46,718,718,0.18,stance,29.16,0.0,0.0,21.16,-5.0,-130.0,85.05,527,524,79.23,765,763,-116.72,281,281
23.782,0.688,1.0,0.0,walk,0.938,swing,28.46,0.0,15.0,53.46,5.0,-115.0,85.05,221,-1,104.26,867,-1,-113.81,123,-1,0.438,stance,-10.43,0.0,0.0,14.57,-5.0,-130.0,85.05,802,-1,75.19,255,-1,-118.21,915,-1,0.688,stance,-38.66,0.0,0.0,-46.66,5.0,-130.0,85.05,802,-1,24.0,430,-1,-106.27,717,-1,0.188,stance,28.22,0.0,0.0,20.22,-5.0,-130.0,85.05,527,-1,78.69,763,-1,-116.96,280,-1
23.802,0.696,1.0,0.0,walk,0.946,swing,31.14,0.0,15.0,56.14,5.0,-115.0,85.05,221,-1,104.62,868,-1,-112.02,130,-1,0.446,stance,-11.72,0.0,0.0,13.28,-5.0,-130.0,85.05,802,-1,74.34,258,-1,-118.44,915,-1,0.696,stance,-38.98,0.0,0.0,-46.98,5.0,-130.0,85.05,802,-1,23.72,431,-1,-106.09,716,-1,0.196,stance,27.26,0.0,0.0,19.26,-5.0,-130.0,85.05,527,-1,78.12,761,-1,-117.2,279,-1
23.822,0.704,1.0,0.0,walk,0.954,swing,33.5,0.0,15.0,58.5,5.0,-115.0,85.05,221,-1,104.86,869,-1,-110.39,135,-1,0.454,stance,-13.0,0.0,0.0,12.0,-5.0,-130.0,85.05,802,-1,73.48,261,-1,-118.65,916,-1,0.704,stance,-39.26,0.0,0.0,-47.26,5.0,-130.0,85.05,802,-1,23.48,431,-1,-105.94,716,-1,0.204,stance,26.26,0.0,0.0,18.26,-5.0,-130.0,85.05,527,-1,77.52,759,-1,-117.44,278,-1
23.842,0.712,1.0,0.0,walk,0.962,swing,35.53,0.0,15.0,60.53,5.0,-115.0,85.05,221,-1,105.01,870,-1,-108.95,140,-1,0.462,stance,-14.26,0.0,0.0,10.74,-5.0,-130.0,85.05,802,-1,72.61,264,-1,-118.83,917,-1,0.712,stance,-39.49,0.0,0.0,-47.49,5.0,-130.0,85.05,802,-1,23.27,432,-1,-105.81,715,-1,0.212,stance,25.24,0.0,0.0,17.24,-5.0,-130.0,85.05,527,-1,76.89,757,-1,-117.67,277,-1
23.862,0.72,1.0,0.0,walk,0.97,swing,37.19,0.0,13.57,62.19,5.0,-116.43,85.05,221,219,103.83,866,864,-106.76,147,146,0.47,stance,-15.5,0.0,0.0,9.5,-5.0,-130.0,85.05,802,803,71.74,267,267,-118.99,917,917,0.72,stance,-39.68,0.0,0.0,-47.68,5.0,-130.0,85.05,802,801,23.11,433,431,-105.7,715,716,0.22,stance,24.18,0.0,0.0,16.18,-5.0,-130.0,85.05,527,524,76.23,754,760,-117.89,277,282
24.072,0.728,1.0,0.0,walk,0.978,swing,38.48,0.0,9.52,63.48,5.0,-120.48,85.05,221,-1,100.36,854,-1,-102.96,160,-1,0.478,stance,-16.73,0.0,0.0,8.27,-5.0,-130.0,85.05,802,-1,70.86,270,-1,-119.13,918,-1,0.728,stance,-39.83,0.0,0.0,-47.83,5.0,-130.0,85.05,802,-1,22.98,433,-1,-105.62,715,-1,0.228,stance,23.1,0.0,0.0,15.1,-5.0,-130.0,85.05,527,-1,75.53,752,-1,-118.11,276,-1
24.092,0.736,1.0,0.0,walk,0.986,swing,39.38,0.0,4.59,64.38,5.0,-125.41,85.05,221,-1,96.17,839,-1,-98.63,175,-1,0.486,stance,-17.94,0.0,0.0,7.06,-5.0,-130.0,85.05,802,-1,69.99,273,-1,-119.25,918,-1,0.736,stance,-39.93,0.0,0.0,-47.93,5.0,-130.0,85.05,802,-1,22.9,433,-1,-105.56,715,-1,0.236,stance,22.0,0.0,0.0,14.0,-5.0,-130.0,85.05,527,-1,74.81,750,-1,-118.31,275,-1
24.113,0.744,1.0,0.0,walk,0.994,swing,39.89,0.0,0.93,64.89,5.0,-129.07,85.05,221,-1,93.08,829,-1,-95.38,186,-1,0.494,stance,-19.12,0.0,0.0,5.88,-5.0,-130.0,85.05,802,-1,69.11,276,-1,-119.35,918,-1,0.744,stance,-39.99,0.0,0.0,-47.99,5.0,-130.0,85.05,802,-1,22.85,434,-1,-105.53,714,-1,0.244,stance,20.86,0.0,0.0,12.86,-5.0,-130.0,85.05,527,-1,74.06,747,-1,-118.51,274,-1
24.132,0.752,1.0,0.0,walk,0.002,stance,40.0,0.0,-0.08,65.0,5.0,-130.08,85.05,221,-1,92.23,826,-1,-94.48,189,-1,0.502,stance,-20.29,0.0,0.0,4.71,-5.0,-130.0,85.05,802,-1,68.24,279,-1,-119.43,919,-1,0.752,swing,-39.99,0.0,0.38,-47.99,5.0,-129.62,85.05,802,-1,22.89,433,-1,-105.85,716,-1,0.252,stance,19.71,0.0,0.0,11.71,-5.0,-130.0,85.05,527,-1,73.28,744,-1,-118.69,274,-1
24.153,0.76,1.0,0.0,walk,0.01,stance,39.96,0.0,-0.42,64.96,5.0,-130.42,85.05,221,220,91.95,825,824,-94.23,190,192,0.51,stance,-21.43,0.0,0.0,3.57,-5.0,-130.0,85.05,802,800,67.37,282,284,-119.49,919,917,0.76,swing,-39.68,0.0,1.88,-47.68,5.0,-128.12,85.05,802,801,23.3,432,431,-107.27,720,716,0.26,stance,18.53,0.0,0.0,10.53,-5.0,-130.0,85.05,527,524,72.46,742,740,-118.86,273,273
24.362,0.768,1.0,0.0,walk,0.018,stance,39.89,0.0,-0.74,64.89,5.0,-130.74,85.05,221,-1,91.67,824,-1,-94.03,191,-1,0.518,stance,-22.55,0.0,0.0,2.45,-5.0,-130.0,85.05,802,-1,66.51,285,-1,-119.53,919,-1,0.768,swing,-38.98,0.0,3.36,-46.98,5.0,-126.64,85.05,802,-1,24.05,429,-1,-108.88,726,-1,0.268,stance,17.33,0.0,0.0,9.33,-5.0,-130.0,85.05,527,-1,71.62,739,-1,-119.01,273,-1
24.382,0.776,1.0,0.0,walk,0.026,stance,39.76,0.0,-1.04,64.76,5.0,-131.04,85.05,221,-1,91.41,823,-1,-93.87,191,-1,0.526,stance,-23.65,0.0,0.0,1.35,-5.0,-130.0,85.05,802,-1,65.66,288,-1,-119.56,919,-1,0.776,swing,-37.88,0.0,4.81,-45.88,5.0,-125.19,85.05,802,-1,25.14,426,-1,-110.67,732,-1,0.276,stance,16.12,0.0,0.0,8.12,-5.0,-130.0,85.05,527,-1,70.75,736,-1,-119.15,272,-1
24.402,0.784,1.0,0.0,walk,0.034,stance,39.6,0.0,-1.31,64.6,5.0,-131.31,85.05,221,-1,91.18,822,-1,-93.77,192,-1,0.534,stance,-24.71,0.0,0.0,0.29,-5.0,-130.0,85.05,802,-1,64.82,290,-1,-119.57,919,-1,0.784,swing,-36.4,0.0,6.22,-44.4,5.0,-123.78,85.05,802,-1,26.57,421,-1,-112.61,739,-1,0.284,stance,14.88,0.0,0.0,6.88,-5.0,-130.0,85.05,527,-1,69.85,733,-1,-119.27,272,-1
24.422,0.792,1.0,0.0,walk,0.042,stance,39.38,0.0,-1.54,64.38,5.0,-131.54,85.05,221,-1,90.97,822,-1,-93.73,192,-1,0.542,stance,-25.75,0.0,0.0,-0.75,-5.0,-130.0,85.05,802,-1,63.99,293,-1,-119.57,919,-1,0.792,swing,-34.56,0.0,7.55,-42.56,5.0,-122.45,85.05,802,-1,28.35,415,-1,-114.67,746,-1,0.292,stance,13.63,0.0,0.0,5.63,-5.0,-130.0,85.05,527,-1,68.93,729,-1,-119.37,272,-1
24.442,0.8,1.0,0.0,walk,0.05,stance,39.13,0.0,-1.73,64.13,5.0,-131.73,85.05,221,220,90.8,821,818,-93.76,192,190,0.55,stance,-26.77,0.0,0.0,-1.77,-5.0,-130.0,85.05,802,801,63.18,296,298,-119.55,919,917,0.8,swing,-32.36,0.0,8.82,-40.36,5.0,-121.18,85.05,802,802,30.47,408,405,-116.81,753,751,0.3,stance,12.36,0.0,0.0,4.36,-5.0,-130.0,85.05,527,524,67.97,726,722,-119.45,271,277
24.652,0.808,1.0,0.0,walk,0.058,stance,38.83,0.0,-1.87,63.83,5.0,-131.87,85.05,221,-1,90.67,821,-1,-93.86,191,-1,0.558,stance,-27.75,0.0,0.0,-2.75,-5.0,-130.0,85.05,802,-1,62.38,299,-1,-119.52,919,-1,0.808,swing,-29.84,0.0,9.99,-37.84,5.0,-120.01,85.05,802,-1,32.95,399,-1,-119.0,760,-1,0.308,stance,11.08,0.0,0.0,3.08,-5.0,-130.0,85.05,527,-1,67.0,723,-1,-119.51,271,-1
24.672,0.816,1.0,0.0,walk,0.066,stance,38.48,0.0,-1.96,63.48,5.0,-131.96,85.05,221,-1,90.58,820,-1,-94.03,191,-1,0.566,stance,-28.7,0.0,0.0,-3.7,-5.0,-130.0,85.05,802,-1,61.61,301,-1,-119.48,919,-1,0.816,swing,-27.01,0.0,11.06,-35.01,5.0,-118.94,85.05,802,-1,35.77,390,-1,-121.2,768,-1,0.316,stance,9.79,0.0,0.0,1.79,-5.0,-130.0,85.05,527,-1,65.99,719,-1,-119.55,271,-1
24.702,0.824,1.0,0.0,walk,0.074,stance,38.09,0.0,-2.0,63.09,5.0,-132.0,85.05,221,-1,90.53,820,-1,-94.27,190,-1,0.574,stance,-29.61,0.0,0.0,-4.61,-5.0,-130.0,85.05,802,-1,60.85,304,-1,-119.43,919,-1,0.824,swing,-23.92,0.0,12.02,-31.92,5.0,-117.98,85.05,802,-1,38.93,379,-1,-123.35,775,-1,0.324,stance,8.48,0.0,0.0,0.48,-5.0,-130.0,85.05,527,-1,64.97,716,-1,-119.57,271,-1
24.722,0.832,1.0,0.0,walk,0.082,stance,37.66,0.0,-1.98,62.66,5.0,-131.98,85.05,221,-1,90.52,820,-1,-94.6,189,-1,0.582,stance,-30.5,0.0,0.0,-5.5,-5.0,-130.0,85.05,802,-1,60.12,306,-1,-119.38,919,-1,0.832,swing,-20.58,0.0,12.86,-28.58,5.0,-117.14,85.05,802,-1,42.41,367,-1,-125.41,782,-1,0.332,stance,7.17,0.0,0.0,-0.83,-5.0,-130.0,85.05,527,-1,63.93,712,-1,-119.57,271,-1
24.752,0.84,1.0,0.0,walk,0.09,stance,37.19,0.0,-1.9,62.19,5.0,-131.9,85.05,221,219,90.55,820,819,-94.99,188,188,0.59,stance,-31.35,0.0,0.0,-6.35,-5.0,-130.0,85.05,802,801,59.41,309,309,-119.31,918,917,0.84,swing,-17.03,0.0,13.57,-25.03,5.0,-116.43,85.05,802,801,46.19,354,352,-127.32,789,764,0.34,stance,5.84,0.0,0.0,-2.16,-5.0,-130.0,85.05,527,524,62.86,709,708,-119.54,271,272
24.962,0.848,1.0,0.0,walk,0.098,stance,36.68,0.0,-1.77,61.68,5.0,-131.77,85.05,221,-1,90.63,821,-1,-95.46,186,-1,0.598,stance,-32.16,0.0,0.0,-7.16,-5.0,-130.0,85.05,802,-1,58.73,311,-1,-119.24,918,-1,0.848,swing,-13.31,0.0,14.14,-21.31,5.0,-115.86,85.05,802,-1,50.22,340,-1,-129.02,795,-1,0.348,stance,4.51,0.0,0.0,-3.49,-5.0,-130.0,85.05,527,-1,61.78,705,-1,-119.49,271,-1
24.982,0.856,1.0,0.0,walk,0.106,stance,36.12,0.0,-1.59,61.12,5.0,-131.59,85.05,221,-1,90.74,821,-1,-96.0,184,-1,0.606,stance,-32.94,0.0,0.0,-7.94,-5.0,-130.0,85.05,802,-1,58.07,313,-1,-119.17,918,-1,0.856,swing,-9.46,0.0,14.57,-17.46,5.0,-115.43,85.05,802,-1,54.45,326,-1,-130.48,800,-1,0.356,stance,3.18,0.0,0.0,-4.82,-5.0,-130.0,85.05,527,-1,60.68,701,-1,-119.42,271,-1
25.003,0.864,1.0,0.0,walk,0.114,stance,35.53,0.0,-1.37,60.53,5.0,-131.37,85.05,221,-1,90.88,821,-1,-96.59,182,-1,0.614,stance,-33.68,0.0,0.0,-8.68,-5.0,-130.0,85.05,802,-1,57.45,316,-1,-119.09,918,-1,0.864,swing,-5.51,0.0,14.86,-13.51,5.0,-115.14,85.05,802,-1,58.78,311,-1,-131.63,804,-1,0.364,stance,1.84,0.0,0.0,-6.16,-5.0,-130.0,85.05,527,-1,59.57,698,-1,-119.33,272,-1
25.022,0.872,1.0,0.0,walk,0.122,stance,34.89,0.0,-1.11,59.89,5.0,-131.11,85.05,221,-1,91.04,822,-1,-97.24,180,-1,0.622,stance,-34.39,0.0,0.0,-9.39,-5.0,-130.0,85.05,802,-1,56.85,318,-1,-119.0,917,-1,0.872,swing,-1.51,0.0,14.99,-9.51,5.0,-115.01,85.05,802,-1,63.13,296,-1,-132.44,806,-1,0.372,stance,0.5,0.0,0.0,-7.5,-5.0,-130.0,85.05,527,-1,58.45,694,-1,-119.21,272,-1
25.042,0.88,1.0,0.0,walk,0.13,stance,34.21,0.0,-0.81,59.21,5.0,-130.81,85.05,221,219,91.23,823,819,-97.94,178,177,0.63,stance,-35.05,0.0,0.0,-10.05,-5.0,-130.0,85.05,802,800,56.28,320,320,-118.92,917,917,0.88,swing,2.51,0.0,15.0,-5.49,5.0,-115.0,85.05,802,801,67.39,282,277,-132.91,808,763,0.38,stance,-0.84,0.0,0.0,-8.84,-5.0,-130.0,85.05,527,524,57.31,690,685,-119.07,273,273
25.252,0.888,1.0,0.0,walk,0.138,stance,33.5,0.0,-0.5,58.5,5.0,-130.5,85.05,221,-1,91.42,823,-1,-98.68,175,-1,0.638,stance,-35.68,0.0,0.0,-10.68,-5.0,-130.0,85.05,802,-1,55.74,321,-1,-118.84,917,-1,0.888,swing,6.51,0.0,15.0,-1.49,5.0,-115.0,85.05,802,-1,71.51,268,-1,-133.13,809,-1,0.388,stance,-2.18,0.0,0.0,-10.18,-5.0,-130.0,85.05,527,-1,56.17,686,-1,-118.91,273,-1
25.272,0.896,1.0,0.0,walk,0.146,stance,32.75,0.0,-0.17,57.75,5.0,-130.17,85.05,221,-1,91.62,824,-1,-99.45,172,-1,0.646,stance,-36.26,0.0,0.0,-11.26,-5.0,-130.0,85.05,802,-1,55.24,323,-1,-118.76,916,-1,0.896,swing,10.43,0.0,15.0,2.43,5.0,-115.0,85.05,802,-1,75.42,254,-1,-133.1,809,-1,0.396,stance,-3.51,0.0,0.0,-11.51,-5.0,-130.0,85.05,527,-1,55.02,682,-1,-118.72,274,-1
25.292,0.904,1.0,0.0,walk,0.154,stance,31.96,0.0,0.0,56.96,5.0,-130.0,85.05,221,-1,91.66,824,-1,-100.1,170,-1,0.654,stance,-36.81,0.0,0.0,-11.81,-5.0,-130.0,85.05,802,-1,54.77,325,-1,-118.68,916,-1,0.904,swing,14.26,0.0,15.0,6.26,5.0,-115.0,85.05,802,-1,79.06,242,-1,-132.85,808,-1,0.404,stance,-4.85,0.0,0.0,-12.85,-5.0,-130.0,85.05,527,-1,53.87,678,-1,-118.51,274,-1
25.312,0.912,1.0,0.0,walk,0.162,stance,31.14,0.0,0.0,56.14,5.0,-130.0,85.05,221,-1,91.55,824,-1,-100.63,168,-1,0.662,stance,-37.31,0.0,0.0,-12.31,-5.0,-130.0,85.05,802,-1,54.34,326,-1,-118.6,916,-1,0.912,swing,17.94,0.0,15.0,9.94,5.0,-115.0,85.05,802,-1,82.38,231,-1,-132.39,806,-1,0.412,stance,-6.17,0.0,0.0,-14.17,-5.0,-130.0,85.05,527,-1,52.72,674,-1,-118.28,275,-1
25.342,0.92,1.0,0.0,walk,0.17,stance,30.28,0.0,0.0,55.28,5.0,-130.0,85.05,221,219,91.43,823,819,-101.18,166,165,0.67,stance,-37.78,0.0,0.0,-12.78,-5.0,-130.0,85.05,802,801,53.94,328,327,-118.52,916,916,0.92,swing,21.43,0.0,15.0,13.43,5.0,-115.0,85.05,802,803,85.34,220,217,-131.77,804,763,0.42,stance,-7.5,0.0,0.0,-15.5,-5.0,-130.0,85.05,527,524,51.57,670,666,-118.03,276,273
25.552,0.928,1.0,0.0,walk,0.178,stance,29.39,0.0,0.0,54.39,5.0,-130.0,85.05,221,-1,91.3,823,-1,-101.74,165,-1,0.678,stance,-38.19,0.0,0.0,-13.19,-5.0,-130.0,85.05,802,-1,53.57,329,-1,-118.45,915,-1,0.928,swing,24.71,0.0,15.0,16.71,5.0,-115.0,85.05,802,-1,87.94,212,-1,-131.03,801,-1,0.428,stance,-8.81,0.0,0.0,-16.81,-5.0,-130.0,85.05,527,-1,50.42,666,-1,-117.76,277,-1
25.572,0.936,1.0,0.0,walk,0.186,stance,28.46,0.0,0.0,53.46,5.0,-130.0,85.05,221,-1,91.15,822,-1,-102.32,163,-1,0.686,stance,-38.57,0.0,0.0,-13.57,-5.0,-130.0,85.05,802,-1,53.24,330,-1,-118.39,915,-1,0.936,swing,27.75,0.0,15.0,19.75,5.0,-115.0,85.05,802,-1,90.17,204,-1,-130.21,799,-1,0.436,stance,-10.11,0.0,0.0,-18.11,-5.0,-130.0,85.05,527,-1,49.27,662,-1,-117.48,278,-1
25.592,0.944,1.0,0.0,walk,0.194,stance,27.5,0.0,0.0,52.5,5.0,-130.0,85.05,221,-1,90.98,822,-1,-102.9,161,-1,0.694,stance,-38.9,0.0,0.0,-13.9,-5.0,-130.0,85.05,802,-1,52.95,331,-1,-118.33,915,-1,0.944,swing,30.5,0.0,15.0,22.5,5.0,-115.0,85.05,802,-1,92.05,198,-1,-129.36,796,-1,0.444,stance,-11.4,0.0,0.0,-19.4,-5.0,-130.0,85.05,527,-1,48.13,659,-1,-117.17,279,-1
25.622,0.952,1.0,0.0,walk,0.202,stance,26.52,0.0,0.0,51.52,5.0,-130.0,85.05,221,-1,90.8,821,-1,-103.49,159,-1,0.702,stance,-39.19,0.0,0.0,-14.19,-5.0,-130.0,85.05,802,-1,52.7,332,-1,-118.28,915,-1,0.952,swing,32.94,0.0,15.0,24.94,5.0,-115.0,85.05,802,-1,93.61,192,-1,-128.53,793,-1,0.452,stance,-12.68,0.0,0.0,-20.68,-5.0,-130.0,85.05,527,-1,47.0,655,-1,-116.85,280,-1
25.643,0.96,1.0,0.0,walk,0.21,stance,25.5,0.0,0.0,50.5,5.0,-130.0,85.05,221,219,90.6,820,819,-104.09,157,156,0.71,stance,-39.44,0.0,0.0,-14.44,-5.0,-130.0,85.05,802,801,52.49,333,332,-118.23,915,913,0.96,swing,35.05,0.0,15.0,27.05,5.0,-115.0,85.05,802,801,94.88,188,187,-127.74,790,764,0.46,stance,-13.94,0.0,0.0,-21.94,-5.0,-130.0,85.05,527,524,45.88,651,649,-116.51,281,280
25.852,0.968,1.0,0.0,walk,0.218,stance,24.45,0.0,0.0,49.45,5.0,-130.0,85.05,221,-1,90.38,820,-1,-104.7,154,-1,0.718,stance,-39.64,0.0,0.0,-14.64,-5.0,-130.0,85.05,802,-1,52.31,333,-1,-118.2,915,-1,0.968,swing,36.81,0.0,14.22,28.81,5.0,-115.78,85.05,802,-1,95.16,187,-1,-126.42,786,-1,0.468,stance,-15.19,0.0,0.0,-23.19,-5.0,-130.0,85.05,527,-1,44.77,647,-1,-116.15,283,-1
25.872,0.976,1.0,0.0,walk,0.226,stance,23.38,0.0,0.0,48.38,5.0,-130.0,85.05,221,-1,90.14,819,-1,-105.31,152,-1,0.726,stance,-39.8,0.0,0.0,-14.8,-5.0,-130.0,85.05,802,-1,52.18,334,-1,-118.17,914,-1,0.976,swing,38.19,0.0,10.69,30.19,5.0,-119.31,85.05,802,-1,92.78,195,-1,-122.98,774,-1,0.476,stance,-16.42,0.0,0.0,-24.42,-5.0,-130.0,85.05,527,-1,43.67,643,-1,-115.79,284,-1
25.892,0.984,1.0,0.0,walk,0.234,stance,22.28,0.0,0.0,47.28,5.0,-130.0,85.05,221,-1,89.89,818,-1,-105.93,150,-1,0.734,stance,-39.91,0.0,0.0,-14.91,-5.0,-130.0,85.05,802,-1,52.08,334,-1,-118.15,914,-1,0.984,swing,39.19,0.0,5.79,31.19,5.0,-124.21,85.05,802,-1,89.09,208,-1,-118.48,759,-1,0.484,stance,-17.64,0.0,0.0,-25.64,-5.0,-130.0,85.05,527,-1,42.59,640,-1,-115.41,285,-1
25.912,0.992,1.0,0.0,walk,0.242,stance,21.15,0.0,0.0,46.15,5.0,-130.0,85.05,221,-1,89.6,817,-1,-106.54,148,-1,0.742,stance,-39.98,0.0,0.0,-14.98,-5.0,-130.0,85.05,802,-1,52.02,334,-1,-118.13,914,-1,0.992,swing,39.8,0.0,1.62,31.8,5.0,-128.38,85.05,802,-1,85.94,218,-1,-114.65,746,-1,0.492,stance,-18.83,0.0,0.0,-26.83,-5.0,-130.0,85.05,527,-1,41.53,636,-1,-115.02,286,-1
25.932,0.0,1.0,0.0,walk,0.25,stance,20.0,0.0,0.0,45.0,5.0,-130.0,85.05,221,219,89.3,816,817,-107.16,146,145,0.75,swing,-40.0,0.0,0.0,-15.0,-5.0,-130.0,85.05,802,801,52.0,334,332,-118.13,914,913,0.0,stance,40.0,0.0,-0.0,32.0,5.0,-130.0,85.05,802,801,84.72,223,226,-113.15,740,739,0.5,stance,-20.0,0.0,0.0,-28.0,-5.0,-130.0,85.05,527,524,40.48,632,629,-114.62,288,287
26.142,0.008,1.0,0.0,walk,0.258,stance,18.83,0.0,0.0,43.83,5.0,-130.0,85.05,221,-1,88.98,815,-1,-107.77,144,-1,0.758,swing,-39.8,0.0,1.51,-14.8,-5.0,-128.49,85.05,802,-1,52.76,332,-1,-119.55,919,-1,0.008,stance,39.98,0.0,-0.33,31.98,5.0,-130.33,85.05,802,-1,84.44,224,-1,-112.86,740,-1,0.508,stance,-21.15,0.0,0.0,-29.15,-5.0,-130.0,85.05,527,-1,39.46,629,-1,-114.22,289,-1
26.162,0.016,1.0,0.0,walk,0.266,stance,17.64,0.0,0.0,42.64,5.0,-130.0,85.05,221,-1,88.63,814,-1,-108.38,142,-1,0.766,swing,-39.19,0.0,3.0,-14.19,-5.0,-127.0,85.05,802,-1,53.87,328,-1,-121.02,924,-1,0.016,stance,39.91,0.0,-0.66,31.91,5.0,-130.66,85.05,802,-1,84.15,225,-1,-112.6,739,-1,0.516,stance,-22.28,0.0,0.0,-30.28,-5.0,-130.0,85.05,527,-1,38.45,626,-1,-113.81,291,-1
26.182,0.024,1.0,0.0,walk,0.274,stance,16.42,0.0,0.0,41.42,5.0,-130.0,85.05,221,-1,88.25,812,-1,-108.98,140,-1,0.774,swing,-38.19,0.0,4.46,-13.19,-5.0,-125.54,85.05,802,-1,55.34,323,-1,-122.52,929,-1,0.024,stance,39.8,0.0,-0.96,31.8,5.0,-130.96,85.05,802,-1,83.85,226,-1,-112.37,738,-1,0.524,stance,-23.38,0.0,0.0,-31.38,-5.0,-130.0,85.05,527,-1,37.47,622,-1,-113.39,292,-1
26.212,0.032,1.0,0.0,walk,0.282,stance,15.19,0.0,0.0,40.19,5.0,-130.0,85.05,221,-1,87.86,811,-1,-109.58,138,-1,0.782,swing,-36.81,0.0,5.87,-11.81,-5.0,-124.13,85.05,802,-1,57.18,317,-1,-124.03,934,-1,0.032,stance,39.64,0.0,-1.24,31.64,5.0,-131.24,85.05,802,-1,83.56,227,-1,-112.19,737,-1,0.532,stance,-24.45,0.0,0.0,-32.45,-5.0,-130.0,85.05,527,-1,36.52,619,-1,-112.97,293,-1
26.232,0.04,1.0,0.0,walk,0.29,stance,13.94,0.0,0.0,38.94,5.0,-130.0,85.05,221,219,87.43,810,810,-110.17,136,135,0.79,swing,-35.05,0.0,7.23,-10.05,-5.0,-122.77,85.05,802,800,59.39,309,307,-125.51,939,923,0.04,stance,39.44,0.0,-1.49,31.44,5.0,-131.49,85.05,802,802,83.28,228,227,-112.05,737,738,0.54,stance,-25.5,0.0,0.0,-33.5,-5.0,-130.0,85.05,527,524,35.59,616,613,-112.55,295,293
26.442,0.048,1.0,0.0,walk,0.298,stance,12.68,0.0,0.0,37.68,5.0,-130.0,85.05,221,-1,86.98,808,-1,-110.75,134,-1,0.798,swing,-32.94,0.0,8.51,-7.94,-5.0,-121.49,85.05,802,-1,61.95,300,-1,-126.92,944,-1,0.048,stance,39.19,0.0,-1.69,31.19,5.0,-131.69,85.05,802,-1,83.01,228,-1,-111.96,736,-1,0.548,stance,-26.52,0.0,0.0,-34.52,-5.0,-130.0,85.05,527,-1,34.68,613,-1,-112.13,296,-1
26.472,0.056,1.0,0.0,walk,0.306,stance,11.4,0.0,0.0,36.4,5.0,-130.0,85.05,221,-1,86.51,806,-1,-111.32,132,-1,0.806,swing,-30.5,0.0,9.71,-5.5,-5.0,-120.29,85.05,802,-1,64.85,290,-1,-128.23,949,-1,0.056,stance,38.9,0.0,-1.84,30.9,5.0,-131.84,85.05,802,-1,82.76,229,-1,-111.93,736,-1,0.556,stance,-27.5,0.0,0.0,-35.5,-5.0,-130.0,85.05,527,-1,33.8,610,-1,-111.71,298,-1
26.475,0.064,1.0,0.0,walk,0.314,stance,10.11,0.0,0.0,35.11,5.0,-130.0,85.05,221,-1,86.01,805,-1,-111.88,130,-1,0.814,swing,-27.75,0.0,10.8,-2.75,-5.0,-119.2,85.05,802,-1,68.03,280,-1,-129.37,953,-1,0.064,stance,38.57,0.0,-1.95,30.57,5.0,-131.95,85.05,802,-1,82.53,230,-1,-111.96,736,-1,0.564,stance,-28.46,0.0,0.0,-36.46,-5.0,-130.0,85.05,527,-1,32.96,607,-1,-111.3,299,-1
26.512,0.072,1.0,0.0,walk,0.322,stance,8.81,0.0,0.0,33.81,5.0,-130.0,85.05,221,-1,85.48,803,-1,-112.42,128,-1,0.822,swing,-24.71,0.0,11.79,0.29,-5.0,-118.21,85.05,802,-1,71.46,268,-1,-130.31,956,-1,0.072,stance,38.19,0.0,-2.0,30.19,5.0,-132.0,85.05,802,-1,82.32,231,-1,-112.05,737,-1,0.572,stance,-29.39,0.0,0.0,-37.39,-5.0,-130.0,85.05,527,-1,32.14,604,-1,-110.88,300,-1
26.532,0.08,1.0,0.0,walk,0.33,stance,7.5,0.0,0.0,32.5,5.0,-130.0,85.05,221,219,84.93,801,802,-112.95,126,127,0.83,swing,-21.43,0.0,12.66,3.57,-5.0,-117.34,85.05,802,800,75.05,256,253,-130.99,958,930,0.08,stance,37.78,0.0,-1.99,29.78,5.0,-131.99,85.05,802,801,82.14,231,231,-112.21,737,738,0.58,stance,-30.28,0.0,0.0,-38.28,-5.0,-130.0,85.05,527,524,31.35,601,597,-110.48,302,300
26.752,0.088,1.0,0.0,walk,0.338,stance,6.17,0.0,0.0,31.17,5.0,-130.0,85.05,221,-1,84.35,799,-1,-113.47,125,-1,0.838,swing,-17.94,0.0,13.41,7.06,-5.0,-116.59,85.05,802,-1,78.72,243,-1,-131.36,959,-1,0.088,stance,37.31,0.0,-1.93,29.31,5.0,-131.93,85.05,802,-1,81.97,232,-1,-112.43,738,-1,0.588,stance,-31.14,0.0,0.0,-39.14,-5.0,-130.0,85.05,527,-1,30.59,599,-1,-110.08,303,-1
26.772,0.096,1.0,0.0,walk,0.346,stance,4.85,0.0,0.0,29.85,5.0,-130.0,85.05,221,-1,83.75,797,-1,-113.96,123,-1,0.846,swing,-14.26,0.0,14.01,10.74,-5.0,-115.99,85.05,802,-1,82.35,231,-1,-131.41,960,-1,0.096,stance,36.81,0.0,-1.81,28.81,5.0,-131.81,85.05,802,-1,81.83,232,-1,-112.72,739,-1,0.596,stance,-31.96,0.0,0.0,-39.96,-5.0,-130.0,85.05,527,-1,29.86,596,-1,-109.69,305,-1
26.792,0.104,1.0,0.0,walk,0.354,stance,3.51,0.0,0.0,28.51,5.0,-130.0,85.05,221,-1,83.12,795,-1,-114.44,121,-1,0.854,swing,-10.43,0.0,14.48,14.57,-5.0,-115.52,85.05,802,-1,85.85,219,-1,-131.09,959,-1,0.104,stance,36.26,0.0,-1.64,28.26,5.0,-131.64,85.05,802,-1,81.7,233,-1,-113.06,740,-1,0.604,stance,-32.75,0.0,0.0,-40.75,-5.0,-130.0,85.05,527,-1,29.17,594,-1,-109.31,306,-1
26.812,0.112,1.0,0.0,walk,0.362,stance,2.18,0.0,0.0,27.18,5.0,-130.0,85.05,221,-1,82.46,793,-1,-114.9,120,-1,0.862,swing,-6.51,0.0,14.8,18.49,-5.0,-115.2,85.05,802,-1,89.1,208,-1,-130.4,956,-1,0.112,stance,35.68,0.0,-1.43,27.68,5.0,-131.43,85.05,802,-1,81.59,233,-1,-113.45,742,-1,0.612,stance,-33.5,0.0,0.0,-41.5,-5.0,-130.0,85.05,527,-1,28.51,592,-1,-108.94,307,-1
26.842,0.12,1.0,0.0,walk,0.37,stance,0.84,0.0,0.0,25.84,5.0,-130.0,85.05,221,219,81.78,790,791,-115.34,118,118,0.87,swing,-2.51,0.0,14.97,22.49,-5.0,-115.03,85.05,802,800,92.02,198,192,-129.34,953,931,0.12,stance,35.05,0.0,-1.18,27.05,5.0,-131.18,85.05,802,801,81.48,234,233,-113.89,743,739,0.62,stance,-34.21,0.0,0.0,-42.21,-5.0,-130.0,85.05,527,524,27.88,590,588,-108.59,308,305
27.052,0.128,1.0,0.0,walk,0.378,stance,-0.5,0.0,0.0,24.5,5.0,-130.0,85.05,221,-1,81.08,788,-1,-115.76,117,-1,0.878,swing,1.51,0.0,15.0,26.51,-5.0,-115.0,85.05,802,-1,94.56,189,-1,-127.95,948,-1,0.128,stance,34.39,0.0,-0.89,26.39,5.0,-130.89,85.05,802,-1,81.37,234,-1,-114.37,745,-1,0.628,stance,-34.89,0.0,0.0,-42.89,-5.0,-130.0,85.05,527,-1,27.29,588,-1,-108.25,309,-1
27.072,0.136,1.0,0.0,walk,0.386,stance,-1.84,0.0,0.0,23.16,5.0,-130.0,85.05,221,-1,80.36,786,-1,-116.16,115,-1,0.886,swing,5.51,0.0,15.0,30.51,-5.0,-115.0,85.05,802,-1,96.77,182,-1,-126.34,942,-1,0.136,stance,33.68,0.0,-0.58,25.68,5.0,-130.58,85.05,802,-1,81.25,234,-1,-114.87,746,-1,0.636,stance,-35.53,0.0,0.0,-43.53,-5.0,-130.0,85.05,527,-1,26.73,586,-1,-107.93,311,-1
27.092,0.144,1.0,0.0,walk,0.394,stance,-3.18,0.0,0.0,21.82,5.0,-130.0,85.05,221,-1,79.61,783,-1,-116.54,114,-1,0.894,swing,9.46,0.0,15.0,34.46,-5.0,-115.0,85.05,802,-1,98.67,175,-1,-124.57,936,-1,0.144,stance,32.94,0.0,-0.25,24.94,5.0,-130.25,85.05,802,-1,81.12,235,-1,-115.4,748,-1,0.644,stance,-36.12,0.0,0.0,-44.12,-5.0,-130.0,85.05,527,-1,26.21,584,-1,-107.62,312,-1
27.112,0.152,1.0,0.0,walk,0.402,stance,-4.51,0.0,0.0,20.49,5.0,-130.0,85.05,221,-1,78.84,780,-1,-116.9,113,-1,0.902,swing,13.31,0.0,15.0,38.31,-5.0,-115.0,85.05,802,-1,100.26,170,-1,-122.68,930,-1,0.152,stance,32.16,0.0,0.0,24.16,5.0,-130.0,85.05,802,-1,80.9,236,-1,-115.87,750,-1,0.652,stance,-36.68,0.0,0.0,-44.68,-5.0,-130.0,85.05,527,-1,25.73,582,-1,-107.33,313,-1
27.132,0.16,1.0,0.0,walk,0.41,stance,-5.84,0.0,0.0,19.16,5.0,-130.0,85.05,221,219,78.06,778,779,-117.23,112,113,0.91,swing,17.03,0.0,15.0,42.03,-5.0,-115.0,85.05,802,800,101.57,165,162,-120.71,923,920,0.16,stance,31.35,0.0,0.0,23.35,5.0,-130.0,85.05,802,801,80.46,237,236,-116.11,751,748,0.66,stance,-37.19,0.0,0.0,-45.19,-5.0,-130.0,85.05,527,524,25.28,581,579,-107.06,314,312
27.342,0.168,1.0,0.0,walk,0.418,stance,-7.17,0.0,0.0,17.83,5.0,-130.0,85.05,221,-1,77.26,775,-1,-117.54,111,-1,0.918,swing,20.58,0.0,15.0,45.58,-5.0,-115.0,85.05,802,-1,102.61,162,-1,-118.7,916,-1,0.168,stance,30.5,0.0,0.0,22.5,5.0,-130.0,85.05,802,-1,79.99,239,-1,-116.35,751,-1,0.668,stance,-37.66,0.0,0.0,-45.66,-5.0,-130.0,85.05,527,-1,24.87,579,-1,-106.8,314,-1
27.363,0.176,1.0,0.0,walk,0.426,stance,-8.48,0.0,0.0,16.52,5.0,-130.0,85.05,221,-1,76.44,772,-1,-117.82,110,-1,0.926,swing,23.92,0.0,15.0,48.92,-5.0,-115.0,85.05,802,-1,103.42,159,-1,-116.7,909,-1,0.176,stance,29.61,0.0,0.0,21.61,5.0,-130.0,85.05,802,-1,79.49,240,-1,-116.6,752,-1,0.676,stance,-38.09,0.0,0.0,-46.09,-5.0,-130.0,85.05,527,-1,24.49,578,-1,-106.57,315,-1
27.382,0.184,1.0,0.0,walk,0.434,stance,-9.79,0.0,0.0,15.21,5.0,-130.0,85.05,221,-1,75.61,769,-1,-118.09,109,-1,0.934,swing,27.01,0.0,15.0,52.01,-5.0,-115.0,85.05,802,-1,104.02,157,-1,-114.75,903,-1,0.184,stance,28.7,0.0,0.0,20.7,5.0,-130.0,85.05,802,-1,78.97,242,-1,-116.84,753,-1,0.684,stance,-38.48,0.0,0.0,-46.48,-5.0,-130.0,85.05,527,-1,24.16,577,-1,-106.36,316,-1
27.403,0.192,1.0,0.0,walk,0.442,stance,-11.08,0.0,0.0,13.92,5.0,-130.0,85.05,221,-1,74.76,766,-1,-118.33,108,-1,0.942,swing,29.84,0.0,15.0,54.84,-5.0,-115.0,85.05,802,-1,104.45,155,-1,-112.89,896,-1,0.192,stance,27.75,0.0,0.0,19.75,5.0,-130.0,85.05,802,-1,78.41,244,-1,-117.08,754,-1,0.692,stance,-38.83,0.0,0.0,-46.83,-5.0,-130.0,85.05,527,-1,23.86,576,-1,-106.17,317,-1
27.422,0.2,1.0,0.0,walk,0.45,stance,-12.36,0.0,0.0,12.64,5.0,-130.0,85.05,221,220,73.91,764,766,-118.55,107,109,0.95,swing,32.36,0.0,15.0,57.36,-5.0,-115.0,85.05,802,799,104.75,154,156,-111.18,891,886,0.2,stance,26.77,0.0,0.0,18.77,5.0,-130.0,85.05,802,801,77.82,246,248,-117.32,755,749,0.7,stance,-39.13,0.0,0.0,-47.13,-5.0,-130.0,85.05,527,524,23.59,575,573,-106.01,317,314
27.632,0.208,1.0,0.0,walk,0.458,stance,-13.63,0.0,0.0,11.37,5.0,-130.0,85.05,221,-1,73.04,761,-1,-118.74,107,-1,0.958,swing,34.56,0.0,15.0,59.56,-5.0,-115.0,85.05,802,-1,104.94,154,-1,-109.64,885,-1,0.208,stance,25.75,0.0,0.0,17.75,5.0,-130.0,85.05,802,-1,77.21,248,-1,-117.56,756,-1,0.708,stance,-39.38,0.0,0.0,-47.38,-5.0,-130.0,85.05,527,-1,23.37,574,-1,-105.87,318,-1
27.652,0.216,1.0,0.0,walk,0.466,stance,-14.88,0.0,0.0,10.12,5.0,-130.0,85.05,221,-1,72.18,758,-1,-118.91,106,-1,0.966,swing,36.4,0.0,14.68,61.4,-5.0,-115.32,85.05,802,-1,104.77,154,-1,-108.1,880,-1,0.216,stance,24.71,0.0,0.0,16.71,5.0,-130.0,85.05,802,-1,76.56,250,-1,-117.78,756,-1,0.716,stance,-39.6,0.0,0.0,-47.6,-5.0,-130.0,85.05,527,-1,23.19,574,-1,-105.75,318,-1
27.672,0.224,1.0,0.0,walk,0.474,stance,-16.12,0.0,0.0,8.88,5.0,-130.0,85.05,221,-1,71.3,755,-1,-119.06,105,-1,0.974,swing,37.88,0.0,11.78,62.88,-5.0,-118.22,85.05,802,-1,102.29,163,-1,-105.01,870,-1,0.224,stance,23.65,0.0,0.0,15.65,5.0,-130.0,85.05,802,-1,75.88,253,-1,-118.0,757,-1,0.724,stance,-39.76,0.0,0.0,-47.76,-5.0,-130.0,85.05,527,-1,23.04,573,-1,-105.66,318,-1
27.692,0.232,1.0,0.0,walk,0.482,stance,-17.33,0.0,0.0,7.67,5.0,-130.0,85.05,221,-1,70.42,752,-1,-119.19,105,-1,0.982,swing,38.98,0.0,7.03,63.98,-5.0,-122.97,85.05,802,-1,98.23,177,-1,-100.77,855,-1,0.232,stance,22.55,0.0,0.0,14.55,5.0,-130.0,85.05,802,-1,75.18,255,-1,-118.21,758,-1,0.732,stance,-39.89,0.0,0.0,-47.89,-5.0,-130.0,85.05,527,-1,22.93,573,-1,-105.59,319,-1
27.712,0.24,1.0,0.0,walk,0.49,stance,-18.53,0.0,0.0,6.47,5.0,-130.0,85.05,221,220,69.55,749,750,-119.3,105,107,0.99,swing,39.68,0.0,2.48,64.68,-5.0,-127.52,85.05,802,801,94.39,190,193,-96.77,841,833,0.24,stance,21.43,0.0,0.0,13.43,5.0,-130.0,85.05,802,801,74.44,258,260,-118.41,758,755,0.74,stance,-39.96,0.0,0.0,-47.96,-5.0,-130.0,85.05,527,524,22.87,572,570,-105.54,319,314
27.923,0.248,1.0,0.0,walk,0.498,stance,-19.71,0.0,0.0,5.29,5.0,-130.0,85.05,221,-1,68.67,746,-1,-119.39,104,-1,0.998,swing,39.99,0.0,0.11,64.99,-5.0,-129.89,85.05,802,-1,92.39,196,-1,-94.64,834,-1,0.248,stance,20.29,0.0,0.0,12.29,5.0,-130.0,85.05,802,-1,73.67,260,-1,-118.6,759,-1,0.748,stance,-40.0,0.0,0.0,-48.0,-5.0,-130.0,85.05,527,-1,22.84,572,-1,-105.52,319,-1
27.942,0.256,1.0,0.0,walk,0.506,stance,-20.86,0.0,0.0,4.14,5.0,-130.0,85.05,221,-1,67.8,743,-1,-119.46,104,-1,0.006,stance,39.99,0.0,-0.25,64.99,-5.0,-130.25,85.05,802,-1,92.09,197,-1,-94.35,833,-1,0.256,stance,19.12,0.0,0.0,11.12,5.0,-130.0,85.05,802,-1,72.87,263,-1,-118.78,760,-1,0.756,swing,-39.89,0.0,1.13,-47.89,-5.0,-128.87,85.05,527,-1,23.05,573,-1,-106.53,315,-1
27.973,0.264,1.0,0.0,walk,0.514,stance,-22.0,0.0,0.0,3.0,5.0,-130.0,85.05,221,-1,66.94,740,-1,-119.51,104,-1,0.014,stance,39.93,0.0,-0.58,64.93,-5.0,-130.58,85.05,802,-1,91.81,198,-1,-94.13,832,-1,0.264,stance,17.94,0.0,0.0,9.94,5.0,-130.0,85.05,802,-1,72.05,266,-1,-118.94,760,-1,0.764,swing,-39.38,0.0,2.63,-47.38,-5.0,-127.37,85.05,527,-1,23.64,575,-1,-108.05,310,-1
27.992,0.272,1.0,0.0,walk,0.522,stance,-23.1,0.0,0.0,1.9,5.0,-130.0,85.05,221,-1,66.08,737,-1,-119.55,104,-1,0.022,stance,39.83,0.0,-0.89,64.83,-5.0,-130.89,85.05,802,-1,91.54,199,-1,-93.94,832,-1,0.272,stance,16.73,0.0,0.0,8.73,5.0,-130.0,85.05,802,-1,71.19,269,-1,-119.08,761,-1,0.772,swing,-38.48,0.0,4.09,-46.48,-5.0,-125.91,85.05,527,-1,24.55,578,-1,-109.76,304,-1
28.012,0.28,1.0,0.0,walk,0.53,stance,-24.18,0.0,0.0,0.82,5.0,-130.0,85.05,221,219,65.24,734,735,-119.57,104,104,0.03,stance,39.68,0.0,-1.18,64.68,-5.0,-131.18,85.05,802,801,91.29,200,200,-93.81,831,831,0.28,stance,15.5,0.0,0.0,7.5,5.0,-130.0,85.05,802,801,70.3,272,272,-119.21,761,755,0.78,swing,-37.19,0.0,5.52,-45.19,-5.0,-124.48,85.05,527,524,25.81,582,582,-111.62,298,298
28.233,0.288,1.0,0.0,walk,0.538,stance,-25.24,0.0,0.0,-0.24,5.0,-130.0,85.05,221,-1,64.4,731,-1,-119.57,104,-1,0.038,stance,39.49,0.0,-1.43,64.49,-5.0,-131.43,85.05,802,-1,91.07,201,-1,-93.74,831,-1,0.288,stance,14.26,0.0,0.0,6.26,5.0,-130.0,85.05,802,-1,69.39,275,-1,-119.32,762,-1,0.788,swing,-35.53,0.0,6.89,-43.53,-5.0,-123.11,85.05,527,-1,27.42,588,-1,-113.62,291,-1
28.262,0.296,1.0,0.0,walk,0.546,stance,-26.26,0.0,0.0,-1.26,5.0,-130.0,85.05,221,-1,63.58,728,-1,-119.56,104,-1,0.046,stance,39.26,0.0,-1.64,64.26,-5.0,-131.64,85.05,802,-1,90.88,202,-1,-93.74,831,-1,0.296,stance,13.0,0.0,0.0,5.0,5.0,-130.0,85.05,802,-1,68.45,278,-1,-119.41,762,-1,0.796,swing,-33.5,0.0,8.2,-41.5,-5.0,-121.8,85.05,527,-1,29.37,595,-1,-115.73,284,-1
28.293,0.304,1.0,0.0,walk,0.554,stance,-27.26,0.0,0.0,-2.26,5.0,-130.0,85.05,221,-1,62.78,726,-1,-119.54,104,-1,0.054,stance,38.98,0.0,-1.81,63.98,-5.0,-131.81,85.05,802,-1,90.73,202,-1,-93.8,831,-1,0.304,stance,11.72,0.0,0.0,3.72,5.0,-130.0,85.05,802,-1,67.49,281,-1,-119.48,762,-1,0.804,swing,-31.14,0.0,9.42,-39.14,-5.0,-120.58,85.05,527,-1,31.67,602,-1,-117.9,277,-1
28.313,0.312,1.0,0.0,walk,0.562,stance,-28.22,0.0,0.0,-3.22,5.0,-130.0,85.05,221,-1,61.99,723,-1,-119.5,104,-1,0.062,stance,38.66,0.0,-1.93,63.66,-5.0,-131.93,85.05,802,-1,90.62,202,-1,-93.93,832,-1,0.312,stance,10.43,0.0,0.0,2.43,5.0,-130.0,85.05,802,-1,66.5,285,-1,-119.53,762,-1,0.812,swing,-28.46,0.0,10.54,-36.46,-5.0,-119.46,85.05,527,-1,34.32,611,-1,-120.1,269,-1
28.332,0.32,1.0,0.0,walk,0.57,stance,-29.16,0.0,0.0,-4.16,5.0,-130.0,85.05,221,220,61.23,720,721,-119.46,104,104,0.07,stance,38.29,0.0,-1.99,63.29,-5.0,-131.99,85.05,802,800,90.55,203,202,-94.14,833,831,0.32,stance,9.13,0.0,0.0,1.13,5.0,-130.0,85.05,802,801,65.49,288,289,-119.56,762,755,0.82,swing,-25.5,0.0,11.56,-33.5,-5.0,-118.44,85.05,527,524,37.31,622,618,-122.28,262,284
28.542,0.328,1.0,0.0,walk,0.578,stance,-30.06,0.0,0.0,-5.06,5.0,-130.0,85.05,221,-1,60.48,718,-1,-119.41,104,-1,0.078,stance,37.88,0.0,-2.0,62.88,-5.0,-132.0,85.05,802,-1,90.52,203,-1,-94.43,833,-1,0.328,stance,7.82,0.0,0.0,-0.18,5.0,-130.0,85.05,802,-1,64.45,292,-1,-119.57,762,-1,0.828,swing,-22.28,0.0,12.46,-30.28,-5.0,-117.54,85.05,527,-1,40.63,633,-1,-124.39,254,-1
28.563,0.336,1.0,0.0,walk,0.586,stance,-30.93,0.0,0.0,-5.93,5.0,-130.0,85.05,221,-1,59.76,715,-1,-119.35,105,-1,0.086,stance,37.43,0.0,-1.95,62.43,-5.0,-131.95,85.05,802,-1,90.53,203,-1,-94.79,835,-1,0.336,stance,6.51,0.0,0.0,-1.49,5.0,-130.0,85.05,802,-1,63.4,295,-1,-119.56,762,-1,0.836,swing,-18.83,0.0,13.23,-26.83,-5.0,-116.77,85.05,527,-1,44.27,645,-1,-126.38,248,-1
28.582,0.344,1.0,0.0,walk,0.594,stance,-31.76,0.0,0.0,-6.76,5.0,-130.0,85.05,221,-1,59.07,713,-1,-119.28,105,-1,0.094,stance,36.94,0.0,-1.84,61.94,-5.0,-131.84,85.05,802,-1,90.59,203,-1,-95.22,836,-1,0.344,stance,5.18,0.0,0.0,-2.82,5.0,-130.0,85.05,802,-1,62.32,299,-1,-119.52,762,-1,0.844,swing,-15.19,0.0,13.88,-23.19,-5.0,-116.12,85.05,527,-1,48.18,659,-1,-128.2,241,-1
28.603,0.352,1.0,0.0,walk,0.602,stance,-32.56,0.0,0.0,-7.56,5.0,-130.0,85.05,221,-1,58.4,711,-1,-119.2,105,-1,0.102,stance,36.4,0.0,-1.69,61.4,-5.0,-131.69,85.05,802,-1,90.68,202,-1,-95.72,838,-1,0.352,stance,3.85,0.0,0.0,-4.15,5.0,-130.0,85.05,802,-1,61.23,303,-1,-119.46,762,-1,0.852,swing,-11.4,0.0,14.38,-19.4,-5.0,-115.62,85.05,527,-1,52.31,673,-1,-129.79,236,-1
28.622,0.36,1.0,0.0,walk,0.61,stance,-33.32,0.0,0.0,-8.32,5.0,-130.0,85.05,221,220,57.76,708,710,-119.13,105,104,0.11,stance,35.83,0.0,-1.49,60.83,-5.0,-131.49,85.05,802,801,90.8,202,203,-96.29,840,839,0.36,stance,2.51,0.0,0.0,-5.49,5.0,-130.0,85.05,802,801,60.13,306,308,-119.38,762,755,0.86,swing,-7.5,0.0,14.73,-15.5,-5.0,-115.27,85.05,527,524,56.61,687,685,-131.1,232,280
28.832,0.368,1.0,0.0,walk,0.618,stance,-34.04,0.0,0.0,-9.04,5.0,-130.0,85.05,221,-1,57.14,706,-1,-119.05,106,-1,0.118,stance,35.21,0.0,-1.24,60.21,-5.0,-131.24,85.05,802,-1,90.96,201,-1,-96.91,842,-1,0.368,stance,1.17,0.0,0.0,-6.83,5.0,-130.0,85.05,802,-1,59.01,310,-1,-119.27,761,-1,0.868,swing,-3.51,0.0,14.94,-11.51,-5.0,-115.06,85.05,527,-1,60.96,702,-1,-132.08,228,-1
28.862,0.376,1.0,0.0,walk,0.626,stance,-34.72,0.0,0.0,-9.72,5.0,-130.0,85.05,221,-1,56.56,704,-1,-118.96,106,-1,0.126,stance,34.56,0.0,-0.96,59.56,-5.0,-130.96,85.05,802,-1,91.13,201,-1,-97.59,844,-1,0.376,stance,-0.17,0.0,0.0,-8.17,5.0,-130.0,85.05,802,-1,57.88,314,-1,-119.14,761,-1,0.876,swing,0.5,0.0,15.0,-7.5,-5.0,-115.0,85.05,527,-1,65.27,717,-1,-132.71,226,-1
28.893,0.384,1.0,0.0,walk,0.634,stance,-35.37,0.0,0.0,-10.37,5.0,-130.0,85.05,221,-1,56.01,702,-1,-118.88,106,-1,0.134,stance,33.86,0.0,-0.66,58.86,-5.0,-130.66,85.05,802,-1,91.32,200,-1,-98.31,847,-1,0.384,stance,-1.51,0.0,0.0,-9.51,5.0,-130.0,85.05,802,-1,56.74,318,-1,-118.99,760,-1,0.884,swing,4.51,0.0,15.0,-3.49,-5.0,-115.0,85.05,527,-1,69.47,731,-1,-133.05,225,-1
28.923,0.392,1.0,0.0,walk,0.642,stance,-35.98,0.0,0.0,-10.98,5.0,-130.0,85.05,221,-1,55.49,701,-1,-118.8,106,-1,0.142,stance,33.13,0.0,-0.33,58.13,-5.0,-130.33,85.05,802,-1,91.52,199,-1,-99.06,849,-1,0.392,stance,-2.85,0.0,0.0,-10.85,5.0,-130.0,85.05,802,-1,55.6,322,-1,-118.81,760,-1,0.892,swing,8.48,0.0,15.0,0.48,-5.0,-115.0,85.05,527,-1,73.5,745,-1,-133.14,225,-1
28.942,0.4,1.0,0.0,walk,0.65,stance,-36.54,0.0,0.0,-11.54,5.0,-130.0,85.05,221,219,55.0,699,699,-118.72,107,104,0.15,stance,32.36,0.0,0.0,57.36,-5.0,-130.0,85.05,802,800,91.71,199,201,-99.84,852,850,0.4,stance,-4.18,0.0,0.0,-12.18,5.0,-130.0,85.05,802,801,54.45,326,328,-118.62,759,755,0.9,swing,12.36,0.0,15.0,4.36,-5.0,-115.0,85.05,527,524,77.28,758,756,-133.0,225,273
29.152,0.408,1.0,0.0,walk,0.658,stance,-37.07,0.0,0.0,-12.07,5.0,-130.0,85.05,221,-1,54.55,698,-1,-118.64,107,-1,0.158,stance,31.55,0.0,0.0,56.55,-5.0,-130.0,85.05,802,-1,91.61,199,-1,-100.37,854,-1,0.408,stance,-5.51,0.0,0.0,-13.51,5.0,-130.0,85.05,802,-1,53.3,330,-1,-118.4,758,-1,0.908,swing,16.12,0.0,15.0,8.12,-5.0,-115.0,85.05,527,-1,80.76,770,-1,-132.64,226,-1
29.172,0.416,1.0,0.0,walk,0.666,stance,-37.55,0.0,0.0,-12.55,5.0,-130.0,85.05,221,-1,54.13,696,-1,-118.56,107,-1,0.166,stance,30.71,0.0,0.0,55.71,-5.0,-130.0,85.05,802,-1,91.5,200,-1,-100.91,856,-1,0.416,stance,-6.84,0.0,0.0,-14.84,5.0,-130.0,85.05,802,-1,52.14,334,-1,-118.16,758,-1,0.916,swing,19.71,0.0,15.0,11.71,-5.0,-115.0,85.05,527,-1,83.9,781,-1,-132.1,228,-1
29.192,0.424,1.0,0.0,walk,0.674,stance,-37.99,0.0,0.0,-12.99,5.0,-130.0,85.05,221,-1,53.75,695,-1,-118.49,107,-1,0.174,stance,29.84,0.0,0.0,54.84,-5.0,-130.0,85.05,802,-1,91.37,200,-1,-101.46,857,-1,0.424,stance,-8.15,0.0,0.0,-16.15,5.0,-130.0,85.05,802,-1,50.99,338,-1,-117.9,757,-1,0.924,swing,23.1,0.0,15.0,15.1,-5.0,-115.0,85.05,527,-1,86.68,790,-1,-131.41,230,-1
29.212,0.432,1.0,0.0,walk,0.682,stance,-38.39,0.0,0.0,-13.39,5.0,-130.0,85.05,221,-1,53.4,694,-1,-118.42,108,-1,0.182,stance,28.93,0.0,0.0,53.93,-5.0,-130.0,85.05,802,-1,91.23,200,-1,-102.03,859,-1,0.432,stance,-9.46,0.0,0.0,-17.46,5.0,-130.0,85.05,802,-1,49.84,342,-1,-117.62,756,-1,0.932,swing,26.26,0.0,15.0,18.26,-5.0,-115.0,85.05,527,-1,89.1,798,-1,-130.63,233,-1
29.232,0.44,1.0,0.0,walk,0.69,stance,-38.74,0.0,0.0,-13.74,5.0,-130.0,85.05,221,219,53.1,693,694,-118.36,108,106,0.19,stance,27.99,0.0,0.0,52.99,-5.0,-130.0,85.05,802,800,91.07,201,201,-102.61,861,859,0.44,stance,-10.76,0.0,0.0,-18.76,5.0,-130.0,85.05,802,801,48.7,345,346,-117.32,755,755,0.94,swing,29.16,0.0,15.0,21.16,-5.0,-115.0,85.05,527,524,91.15,805,803,-129.79,236,273
29.442,0.448,0.92,0.0,walk,0.698,stance,-35.93,0.0,0.0,-10.93,5.0,-130.0,85.05,221,-1,55.53,701,-1,-118.8,106,-1,0.198,stance,24.85,0.0,0.0,49.85,-5.0,-130.0,85.05,802,-1,90.47,203,-1,-104.47,868,-1,0.448,stance,-11.08,0.0,0.0,-19.08,5.0,-130.0,85.05,802,-1,48.41,346,-1,-117.25,754,-1,0.948,swing,29.22,0.0,15.0,21.22,-5.0,-115.0,85.05,527,-1,91.19,805,-1,-129.77,236,-1
29.462,0.456,0.85,0.0,walk,0.706,stance,-33.28,0.0,0.0,-8.28,5.0,-130.0,85.05,221,-1,57.78,709,-1,-119.13,105,-1,0.206,stance,22.01,0.0,0.0,47.01,-5.0,-130.0,85.05,802,-1,89.82,205,-1,-106.07,873,-1,0.456,stance,-11.27,0.0,0.0,-19.27,5.0,-130.0,85.05,802,-1,48.25,347,-1,-117.2,754,-1,0.956,swing,28.81,0.0,15.0,20.81,-5.0,-115.0,85.05,527,-1,90.91,804,-1,-129.9,236,-1
29.482,0.464,0.78,0.0,walk,0.714,stance,-30.79,0.0,0.0,-5.79,5.0,-130.0,85.05,221,-1,59.87,716,-1,-119.36,104,-1,0.214,stance,19.45,0.0,0.0,44.45,-5.0,-130.0,85.05,802,-1,89.15,207,-1,-107.45,878,-1,0.464,stance,-11.34,0.0,0.0,-19.34,5.0,-130.0,85.05,802,-1,48.18,347,-1,-117.18,754,-1,0.964,swing,28.01,0.0,14.94,20.01,-5.0,-115.06,85.05,527,-1,90.31,802,-1,-130.08,235,-1
29.502,0.472,0.72,0.0,walk,0.722,stance,-28.46,0.0,0.0,-3.46,5.0,-130.0,85.05,221,-1,61.8,722,-1,-119.49,104,-1,0.222,stance,17.13,0.0,0.0,42.13,-5.0,-130.0,85.05,802,-1,88.48,210,-1,-108.63,882,-1,0.472,stance,-11.33,0.0,0.0,-19.33,5.0,-130.0,85.05,802,-1,48.2,347,-1,-117.19,754,-1,0.972,swing,26.9,0.0,12.75,18.9,-5.0,-117.25,85.05,527,-1,87.7,794,-1,-128.54,240,-1
29.522,0.48,0.66,0.0,walk,0.73,stance,-26.27,0.0,0.0,-1.27,5.0,-130.0,85.05,221,219,63.58,728,720,-119.56,104,104,0.23,stance,15.05,0.0,0.0,40.05,-5.0,-130.0,85.05,802,800,87.81,212,212,-109.65,885,886,0.48,stance,-11.22,0.0,0.0,-19.22,5.0,-130.0,85.05,802,801,48.28,347,345,-117.21,754,755,0.98,swing,25.54,0.0,8.28,17.54,-5.0,-121.72,85.05,527,524,83.23,778,773,-125.03,252,273
29.732,0.488,0.61,0.0,walk,0.738,stance,-24.22,0.0,0.0,0.78,5.0,-130.0,85.05,221,-1,65.2,734,-1,-119.57,104,-1,0.238,stance,13.17,0.0,0.0,38.17,-5.0,-130.0,85.05,802,-1,87.16,214,-1,-110.53,888,-1,0.488,stance,-11.06,0.0,0.0,-19.06,5.0,-130.0,85.05,802,-1,48.43,346,-1,-117.25,754,-1,0.988,swing,23.98,0.0,3.48,15.98,-5.0,-126.52,85.05,527,-1,78.59,762,-1,-121.1,266,-1
29.752,0.496,0.56,0.0,walk,0.746,stance,-22.31,0.0,0.0,2.69,5.0,-130.0,85.05,221,-1,66.7,739,-1,-119.53,104,-1,0.246,stance,11.48,0.0,0.0,36.48,-5.0,-130.0,85.05,802,-1,86.54,216,-1,-111.29,891,-1,0.496,stance,-10.83,0.0,0.0,-18.83,5.0,-130.0,85.05,802,-1,48.63,346,-1,-117.31,755,-1,0.996,swing,22.29,0.0,0.42,14.29,-5.0,-129.58,85.05,527,-1,75.29,751,-1,-118.65,274,-1
29.772,0.504,0.51,0.0,walk,0.754,swing,-20.5,0.0,0.75,4.5,5.0,-129.25,85.05,221,-1,68.53,745,-1,-120.14,102,-1,0.254,stance,9.97,0.0,0.0,34.97,-5.0,-130.0,85.05,802,-1,85.95,218,-1,-111.94,893,-1,0.504,stance,-10.56,0.0,0.0,-18.56,5.0,-130.0,85.05,802,-1,48.87,345,-1,-117.37,755,-1,0.004,stance,20.53,0.0,-0.17,12.53,-5.0,-130.17,85.05,527,-1,73.72,746,-1,-118.41,275,-1
29.792,0.512,0.47,0.0,walk,0.762,swing,-18.67,0.0,2.25,6.33,5.0,-127.75,85.05,221,-1,70.85,753,-1,-121.4,98,-1,0.262,stance,8.61,0.0,0.0,33.61,-5.0,-130.0,85.05,802,-1,85.4,220,-1,-112.51,895,-1,0.512,stance,-10.25,0.0,0.0,-18.25,5.0,-130.0,85.05,802,-1,49.14,344,-1,-117.44,755,-1,0.012,stance,18.86,0.0,-0.5,10.86,-5.0,-130.5,85.05,527,-1,72.36,741,-1,-118.35,275,-1
29.812,0.52,0.43,0.0,walk,0.77,swing,-16.83,0.0,3.73,8.17,5.0,-126.27,85.05,221,219,73.2,761,751,-122.58,94,97,0.27,stance,7.4,0.0,0.0,32.4,-5.0,-130.0,85.05,802,801,84.89,222,222,-112.99,897,896,0.52,stance,-9.92,0.0,0.0,-17.92,5.0,-130.0,85.05,802,801,49.44,343,344,-117.52,755,755,0.02,stance,17.31,0.0,-0.81,9.31,-5.0,-130.81,85.05,527,524,71.08,737,733,-118.26,275,273
30.022,0.528,0.4,0.0,walk,0.778,swing,-15.01,0.0,5.17,9.99,5.0,-124.83,85.05,221,-1,75.53,769,-1,-123.66,90,-1,0.278,stance,6.32,0.0,0.0,31.32,-5.0,-130.0,85.05,802,-1,84.41,224,-1,-113.41,898,-1,0.528,stance,-9.56,0.0,0.0,-17.56,5.0,-130.0,85.05,802,-1,49.76,342,-1,-117.6,756,-1,0.028,stance,15.88,0.0,-1.11,7.88,-5.0,-131.11,85.05,527,-1,69.87,733,-1,-118.14,276,-1
30.042,0.536,0.37,0.0,walk,0.786,swing,-13.23,0.0,6.56,11.77,5.0,-123.44,85.05,221,-1,77.82,777,-1,-124.65,86,-1,0.286,stance,5.36,0.0,0.0,30.36,-5.0,-130.0,85.05,802,-1,83.98,225,-1,-113.78,899,-1,0.536,stance,-9.18,0.0,0.0,-17.18,5.0,-130.0,85.05,802,-1,50.09,341,-1,-117.68,756,-1,0.036,stance,14.54,0.0,-1.37,6.54,-5.0,-131.37,85.05,527,-1,68.75,729,-1,-118.02,276,-1
30.062,0.544,0.34,0.0,walk,0.794,swing,-11.51,0.0,7.88,13.49,5.0,-122.12,85.05,221,-1,80.04,784,-1,-125.53,83,-1,0.294,stance,4.5,0.0,0.0,29.5,-5.0,-130.0,85.05,802,-1,83.59,226,-1,-114.09,901,-1,0.544,stance,-8.8,0.0,0.0,-16.8,5.0,-130.0,85.05,802,-1,50.42,340,-1,-117.77,756,-1,0.044,stance,13.3,0.0,-1.59,5.3,-5.0,-131.59,85.05,527,-1,67.71,725,-1,-117.9,277,-1
30.082,0.552,0.31,0.0,walk,0.802,swing,-9.88,0.0,9.12,15.12,5.0,-120.88,85.05,221,-1,82.15,792,-1,-126.31,81,-1,0.302,stance,3.75,0.0,0.0,28.75,-5.0,-130.0,85.05,802,-1,83.23,228,-1,-114.36,901,-1,0.552,stance,-8.41,0.0,0.0,-16.41,5.0,-130.0,85.05,802,-1,50.77,338,-1,-117.85,757,-1,0.052,stance,12.15,0.0,-1.77,4.15,-5.0,-131.77,85.05,527,-1,66.75,722,-1,-117.8,277,-1
30.102,0.56,0.29,0.0,walk,0.81,swing,-8.35,0.0,10.27,16.65,5.0,-119.73,85.05,221,219,84.13,798,787,-126.97,79,92,0.31,stance,3.08,0.0,0.0,28.08,-5.0,-130.0,85.05,802,800,82.91,229,228,-114.6,902,902,0.56,stance,-8.01,0.0,0.0,-16.01,5.0,-130.0,85.05,802,801,51.11,337,338,-117.93,757,754,0.06,stance,11.09,0.0,-1.9,3.09,-5.0,-131.9,85.05,527,524,65.89,719,716,-117.73,277,275
30.312,0.568,0.26,0.0,walk,0.818,swing,-6.92,0.0,11.31,18.08,5.0,-118.69,85.05,221,-1,85.97,805,-1,-127.53,77,-1,0.318,stance,2.49,0.0,0.0,27.49,-5.0,-130.0,85.05,802,-1,82.62,230,-1,-114.8,903,-1,0.568,stance,-7.62,0.0,0.0,-15.62,5.0,-130.0,85.05,802,-1,51.46,336,-1,-118.01,757,-1,0.068,stance,10.11,0.0,-1.98,2.11,-5.0,-131.98,85.05,527,-1,65.1,716,-1,-117.69,277,-1
30.332,0.576,0.24,0.0,walk,0.826,swing,-5.6,0.0,12.25,19.4,5.0,-117.75,85.05,221,-1,87.64,810,-1,-127.97,75,-1,0.326,stance,1.98,0.0,0.0,26.98,-5.0,-130.0,85.05,802,-1,82.36,231,-1,-114.97,904,-1,0.576,stance,-7.23,0.0,0.0,-15.23,5.0,-130.0,85.05,802,-1,51.8,335,-1,-118.08,757,-1,0.076,stance,9.21,0.0,-2.0,1.21,-5.0,-132.0,85.05,527,-1,64.4,714,-1,-117.69,277,-1
30.352,0.584,0.22,0.0,walk,0.834,swing,-4.39,0.0,13.05,20.61,5.0,-116.95,85.05,221,-1,89.13,815,-1,-128.32,74,-1,0.334,stance,1.52,0.0,0.0,26.52,-5.0,-130.0,85.05,802,-1,82.13,231,-1,-115.12,904,-1,0.584,stance,-6.85,0.0,0.0,-14.85,5.0,-130.0,85.05,802,-1,52.13,334,-1,-118.16,758,-1,0.084,stance,8.37,0.0,-1.96,0.37,-5.0,-131.96,85.05,527,-1,63.78,712,-1,-117.73,277,-1
30.372,0.592,0.21,0.0,walk,0.842,swing,-3.31,0.0,13.73,21.69,5.0,-116.27,85.05,221,-1,90.43,820,-1,-128.56,73,-1,0.342,stance,1.13,0.0,0.0,26.13,-5.0,-130.0,85.05,802,-1,81.93,232,-1,-115.25,905,-1,0.592,stance,-6.47,0.0,0.0,-14.47,5.0,-130.0,85.05,802,-1,52.46,333,-1,-118.23,758,-1,0.092,stance,7.6,0.0,-1.87,-0.4,-5.0,-131.87,85.05,527,-1,63.24,710,-1,-117.81,277,-1
30.392,0.6,0.19,0.0,walk,0.85,swing,-2.33,0.0,14.27,22.67,5.0,-115.73,85.05,221,220,91.53,824,817,-128.7,73,88,0.35,stance,0.79,0.0,0.0,25.79,-5.0,-130.0,85.05,802,801,81.76,233,230,-115.36,905,903,0.6,stance,-6.11,0.0,0.0,-14.11,5.0,-130.0,85.05,802,801,52.78,332,-1,-118.29,758,-1,0.1,stance,6.9,0.0,-1.73,-1.1,-5.0,-131.73,85.05,527,524,62.77,708,-1,-117.94,276,275
30.602,0.608,0.17,0.0,walk,0.858,swing,-1.47,0.0,14.66,23.53,5.0,-115.34,85.05,221,-1,92.43,827,-1,-128.74,73,-1,0.358,stance,0.49,0.0,0.0,25.49,-5.0,-130.0,85.05,802,-1,81.6,233,-1,-115.45,905,-1,0.608,stance,-5.75,0.0,0.0,-13.75,5.0,-130.0,85.05,802,-1,53.09,330,-1,-118.36,758,-1,0.108,stance,6.25,0.0,-1.54,-1.75,-5.0,-131.54,85.05,527,-1,62.36,707,-1,-118.11,276,-1
30.622,0.616,0.16,0.0,walk,0.866,swing,-0.72,0.0,14.9,24.28,5.0,-115.1,85.05,221,-1,93.12,829,-1,-128.68,73,-1,0.366,stance,0.24,0.0,0.0,25.24,-5.0,-130.0,85.05,802,-1,81.47,234,-1,-115.53,905,-1,0.616,stance,-5.41,0.0,0.0,-13.41,5.0,-130.0,85.05,802,-1,53.39,329,-1,-118.42,758,-1,0.116,stance,5.65,0.0,-1.31,-2.35,-5.0,-131.31,85.05,527,-1,62.01,706,-1,-118.31,275,-1
30.642,0.624,0.15,0.0,walk,0.874,swing,-0.07,0.0,15.0,24.93,5.0,-115.0,85.05,221,-1,93.6,831,-1,-128.53,73,-1,0.374,stance,0.02,0.0,0.0,25.02,-5.0,-130.0,85.05,802,-1,81.36,234,-1,-115.6,906,-1,0.624,stance,-5.08,0.0,0.0,-13.08,5.0,-130.0,85.05,802,-1,53.67,328,-1,-118.47,759,-1,0.124,stance,5.1,0.0,-1.04,-2.9,-5.0,-131.04,85.05,527,-1,61.72,705,-1,-118.55,274,-1
30.662,0.632,0.14,0.0,walk,0.882,swing,0.48,0.0,15.0,25.48,5.0,-115.0,85.05,221,-1,93.94,832,-1,-128.33,74,-1,0.382,stance,-0.16,0.0,0.0,24.84,-5.0,-130.0,85.05,802,-1,81.26,234,-1,-115.66,906,-1,0.632,stance,-4.76,0.0,0.0,-12.76,5.0,-130.0,85.05,802,-1,53.95,328,-1,-118.53,759,-1,0.132,stance,4.6,0.0,-0.74,-3.4,-5.0,-130.74,85.05,527,-1,61.47,704,-1,-118.81,273,-1
30.682,0.64,0.12,0.0,walk,0.89,swing,0.93,0.0,15.0,25.93,5.0,-115.0,85.05,221,219,94.22,833,828,-128.16,74,87,0.39,stance,-0.31,0.0,0.0,24.69,-5.0,-130.0,85.05,802,801,81.18,235,234,-115.71,906,902,0.64,stance,-4.46,0.0,0.0,-12.46,5.0,-130.0,85.05,802,802,54.21,327,329,-118.57,759,755,0.14,stance,4.14,0.0,-0.42,-3.86,-5.0,-130.42,85.05,527,524,61.26,703,703,-119.09,272,273
30.892,0.648,0.11,0.0,walk,0.898,swing,1.3,0.0,15.0,26.3,5.0,-115.0,85.05,221,-1,94.44,834,-1,-128.03,75,-1,0.398,stance,-0.44,0.0,0.0,24.56,-5.0,-130.0,85.05,802,-1,81.11,235,-1,-115.75,906,-1,0.648,stance,-4.17,0.0,0.0,-12.17,5.0,-130.0,85.05,802,-1,54.46,326,-1,-118.62,759,-1,0.148,stance,3.72,0.0,-0.08,-4.28,-5.0,-130.08,85.05,527,-1,61.09,703,-1,-119.38,272,-1
30.912,0.656,0.11,0.0,walk,0.906,swing,1.6,0.0,15.0,26.6,5.0,-115.0,85.05,221,-1,94.61,834,-1,-127.92,75,-1,0.406,stance,-0.55,0.0,0.0,24.45,-5.0,-130.0,85.05,802,-1,81.06,235,-1,-115.78,906,-1,0.656,stance,-3.89,0.0,0.0,-11.89,5.0,-130.0,85.05,802,-1,54.7,325,-1,-118.66,759,-1,0.156,stance,3.34,0.0,0.0,-4.66,-5.0,-130.0,85.05,527,-1,60.82,702,-1,-119.43,271,-1
30.932,0.664,0.1,0.0,walk,0.914,swing,1.82,0.0,15.0,26.82,5.0,-115.0,85.05,221,-1,94.74,835,-1,-127.83,76,-1,0.414,stance,-0.63,0.0,0.0,24.37,-5.0,-130.0,85.05,802,-1,81.01,235,-1,-115.8,906,-1,0.664,stance,-3.63,0.0,0.0,-11.63,5.0,-130.0,85.05,802,-1,54.93,324,-1,-118.7,759,-1,0.164,stance,3.0,0.0,0.0,-5.0,-5.0,-130.0,85.05,527,-1,60.53,701,-1,-119.41,271,-1
30.952,0.672,0.09,0.0,walk,0.922,swing,1.98,0.0,15.0,26.98,5.0,-115.0,85.05,221,-1,94.84,835,-1,-127.77,76,-1,0.422,stance,-0.7,0.0,0.0,24.3,-5.0,-130.0,85.05,802,-1,80.98,235,-1,-115.82,906,-1,0.672,stance,-3.38,0.0,0.0,-11.38,5.0,-130.0,85.05,802,-1,55.14,323,-1,-118.74,760,-1,0.172,stance,2.68,0.0,0.0,-5.32,-5.0,-130.0,85.05,527,-1,60.27,700,-1,-119.39,271,-1
30.972,0.68,0.08,0.0,walk,0.93,swing,2.09,0.0,15.0,27.09,5.0,-115.0,85.05,221,220,94.9,835,829,-127.73,76,87,0.43,stance,-0.75,0.0,0.0,24.25,-5.0,-130.0,85.05,802,801,80.95,235,233,-115.84,907,904,0.68,stance,-3.14,0.0,0.0,-11.14,5.0,-130.0,85.05,802,801,55.35,323,324,-118.77,760,754,0.18,stance,2.39,0.0,0.0,-5.61,-5.0,-130.0,85.05,527,524,60.03,699,700,-119.37,272,272
31.182,0.688,0.08,0.0,walk,0.938,swing,2.15,0.0,15.0,27.15,5.0,-115.0,85.05,221,-1,94.93,835,-1,-127.71,76,-1,0.438,stance,-0.79,0.0,0.0,24.21,-5.0,-130.0,85.05,802,-1,80.93,236,-1,-115.85,907,-1,0.688,stance,-2.92,0.0,0.0,-10.92,5.0,-130.0,85.05,802,-1,55.54,322,-1,-118.81,760,-1,0.188,stance,2.13,0.0,0.0,-5.87,-5.0,-130.0,85.05,527,-1,59.81,698,-1,-119.35,272,-1
31.202,0.696,0.07,0.0,walk,0.946,swing,2.16,0.0,15.0,27.16,5.0,-115.0,85.05,221,-1,94.94,835,-1,-127.7,76,-1,0.446,stance,-0.81,0.0,0.0,24.19,-5.0,-130.0,85.05,802,-1,80.91,236,-1,-115.86,907,-1,0.696,stance,-2.7,0.0,0.0,-10.7,5.0,-130.0,85.05,802,-1,55.72,321,-1,-118.83,760,-1,0.196,stance,1.89,0.0,0.0,-6.11,-5.0,-130.0,85.05,527,-1,59.61,698,-1,-119.33,272,-1
31.222,0.704,0.06,0.0,walk,0.954,swing,2.14,0.0,15.0,27.14,5.0,-115.0,85.05,221,-1,94.92,835,-1,-127.71,76,-1,0.454,stance,-0.83,0.0,0.0,24.17,-5.0,-130.0,85.05,802,-1,80.9,236,-1,-115.86,907,-1,0.704,stance,-2.51,0.0,0.0,-10.51,5.0,-130.0,85.05,802,-1,55.89,321,-1,-118.86,760,-1,0.204,stance,1.68,0.0,0.0,-6.32,-5.0,-130.0,85.05,527,-1,59.43,697,-1,-119.31,272,-1
31.242,0.712,0.06,0.0,walk,0.962,swing,2.09,0.0,15.0,27.09,5.0,-115.0,85.05,221,-1,94.89,835,-1,-127.73,76,-1,0.462,stance,-0.84,0.0,0.0,24.16,-5.0,-130.0,85.05,802,-1,80.9,236,-1,-115.87,907,-1,0.712,stance,-2.32,0.0,0.0,-10.32,5.0,-130.0,85.05,802,-1,56.05,320,-1,-118.89,760,-1,0.212,stance,1.48,0.0,0.0,-6.52,-5.0,-130.0,85.05,527,-1,59.27,697,-1,-119.3,272,-1
31.262,0.72,0.05,0.0,walk,0.97,swing,2.01,0.0,13.57,27.01,5.0,-116.43,85.05,221,220,93.58,831,830,-126.59,80,88,0.47,stance,-0.84,0.0,0.0,24.16,-5.0,-130.0,85.05,802,801,80.9,236,235,-115.87,907,905,0.72,stance,-2.14,0.0,0.0,-10.14,5.0,-130.0,85.05,802,801,56.2,320,321,-118.91,760,754,0.22,stance,1.31,0.0,0.0,-6.69,-5.0,-130.0,85.05,527,524,59.12,696,695,-119.28,272,273
31.456,0.728,0.05,0.0,walk,0.978,swing,1.91,0.0,9.52,26.91,5.0,-120.48,85.05,221,-1,90.04,819,-1,-123.26,91,-1,0.478,stance,-0.83,0.0,0.0,24.17,-5.0,-130.0,85.05,802,-1,80.9,236,-1,-115.86,907,-1,0.728,stance,-1.98,0.0,0.0,-9.98,5.0,-130.0,85.05,802,-1,56.34,319,-1,-118.93,760,-1,0.228,stance,1.15,0.0,0.0,-6.85,-5.0,-130.0,85.05,527,-1,58.99,696,-1,-119.27,272,-1
