o obj1
v 3.67799997 -1.05400002 0
v 34 59.59438324 0
v 8.01099968 -4.86600018 0
v -27.93499947 76.84500122 0
v -20.88899994 65.75099945 0
v -28.56299973 72.9280014 0
v 49.27899933 59.87799835 0
v 50.6269989 59.71099854 0
v 16.04999924 -13.32800007 0
v 12.2159996 -9.03800011 0
v -3.15100002 -116.48899841 0
v -3.08800006 -116.67500305 4
v -3.08800006 -116.67500305 0
v 37.19900131 66.9489975 0
v 37.19900131 66.9489975 4
v 37.30799866 66.78500366 0
v 37.11199951 67.125 0
v 71.86499786 36.09899902 0
v 72.03500366 39.78499985 0
v 77.26699829 44.00899887 0
v 23.44199944 -26.55599976 0
v 23.19799995 -24.98999977 0
v 71.61799622 -30.35000038 0
v 55.76200104 59.56700134 0
v 79.0490036 51.4109993 0
v 74.07900238 43.76300049 0
v 21.70700073 -21.29700089 0
v 19.29400063 -17.49600029 0
v 71.6190033 9.46199989 0
v 39.69200134 -123.41500092 4
v 46.88600159 -130.69599915 4
v 39.80099869 -123.25099945 4
v 22.37299919 -28.62400055 0
v 17.88800049 -42.22999954 0
v 21.2140007 -28.83799934 0
v 79.11199951 51.22499847 0
v 75 43.88714981 0
v 39.56200027 -123.56199646 4
v 17.61100006 -28.08099937 0
v 20.02300072 -28.8390007 0
v 12.86100006 -37.51699829 0
v 39.41500092 -123.69200134 4
v 71.66300201 21.4829998 0
v 75 -97.79331207 0
v 72.00299835 -90.61100006 0
v 75.03600311 -97.80000305 0
v 71.97720337 -88.97720337 0
v 80.7371521 -98.30400085 0
v -3.00099993 -115.34899902 0
v -3.00099993 -115.34899902 4
v -3.08800006 -115.52500153 0
v 39.25099945 -123.8010025 4
v 39.88800049 -123.07499695 4
v 71.74299622 30.18199921 0
v 39.07500076 -123.88800049 4
v -2.89199996 -115.18499756 0
v 37.92499924 -156.21200562 4
v 38.11100006 -156.14900208 4
v 37.92499924 -123.88800049 4
v 4.30900002 -18.84900093 0
v 9.04899979 -22.81399918 0
v 2.2019999 -30.1760006 0
v -29.50699997 30.63400078 0
v -21.88800049 32.42499924 0
v -29.1779995 27.23699951 0
v 39.95100021 -122.88899994 4
v 46.94599915 -123.14199829 4
v -2.45099998 -114.7990036 0
v -2.45099998 -114.7990036 4
v -2.61500001 -114.90799713 0
v 13.58399963 -25.97999954 0
v 7.68599987 -33.45800018 0
v 80.69599915 -104.30999756 0
v 80.69599915 -104.30999756 4
v 80.5 -104.29799652 0
v -2.2750001 -114.71199799 0
v 80.88899994 -104.34899902 0
v 39.80099869 66.9489975 0
v 39.69200134 66.78500366 0
v 39.69200134 66.78500366 4
v 75 43.88714981 4
v 72.03500366 39.78499985 4
v 75.53299713 43.95899963 4
v 77.26699829 44.00899887 4
v 37.74900055 -156.29899597 4
v 37.58499908 -156.40800476 4
v 37.58499908 -123.69200134 4
v 37.30799866 -123.41500092 4
v 37.19900131 -123.25099945 4
v -0.78500003 -117.29199982 4
v 39.56200027 66.63800049 0
v 7.11100006 127.9509964 4
v 7.62300014 134.14300537 4
v 6.92500019 127.88800049 4
v 3.96700001 -31.06299973 0
v -0.63800001 -117.16200256 4
v 79.0490036 -106.18900299 0
v 79.0490036 -106.18900299 4
v 79.11199951 -106.375 4
v 79.01000214 -105.9960022 4
v 75.03600311 -97.80000305 4
v 76 -97.86680603 4
v 72.00299835 -90.61100006 4
v 78.6289978 -98.0490036 4
v 23.22999954 -27.89699936 0
v 22.45899963 -47.23600006 0
v -1.31099999 -117.5510025 0
v -1.50399995 -117.58999634 0
v -1.50399995 -117.58999634 4
v -1.70000005 -117.60299683 0
v -0.69499999 134.08399963 4
v 22.37000084 -62.07099915 0
v 19.21199989 -69.54499817 0
v 19.94599915 -60.54399872 0
v 23.75399971 -62.77600098 0
v 16.3560009 -57.89699936 0
v 14.19299984 -65.90200043 0
v 25.45999908 -63.41999817 0
v 23.49200058 -73.26499939 0
v 37.19900131 -156.84899902 4
v 37.30799866 -156.68499756 4
v 27.49200058 -63.82400131 0
v -20.88899994 65.75099945 4
v -20.69599915 65.79000092 4
v -27.93499947 76.84500122 4
v 79.74900055 -104.49900055 4
v 79.74900055 -104.49900055 0
v 79.92500305 -104.41200256 4
v 71.63500214 -41.20399857 0
v 26.2689991 -52.17300034 0
v -28.56299973 72.9280014 4
v 81.07499695 -104.41200256 4
v 81.25099945 -104.49900055 0
v 81.25099945 -104.49900055 4
v 12.61299992 -54.71900177 0
v 9.97399998 -63.75299835 0
v 81.41500092 -104.60800171 0
v 81.41500092 -104.60800171 4
v 81.56199646 -104.73799896 4
v 81.56199646 -104.73799896 0
v 81.69200134 -104.88500214 0
v 81.69200134 -104.88500214 4
v 81.8010025 -105.0490036 0
v 81.8010025 -105.0490036 4
v 81.88800049 -105.22499847 0
v 81.88800049 -105.22499847 4
v -2.61500001 -117.29199982 0
v -2.61500001 -117.29199982 4
v -2.45099998 -117.40100098 4
v 81.9509964 -105.41100311 0
v -2.76200008 -117.16200256 0
v -2.76200008 -117.16200256 4
v -2.89199996 -117.01499939 4
v -2.89199996 -117.01499939 0
v 81.88800049 -106.375 4
v 81.88800049 -106.375 0
v 81.8010025 -106.5510025 4
v -3.00099993 -116.85099792 0
v -3.00099993 -116.85099792 4
v 7.51300001 -63.11700058 0
v 6.46700001 -63.22700119 0
v 8.875 -51.17200089 0
v 5.30900002 -47.42399979 0
v 5.70100021 -63.3730011 0
v 5.07299995 -63.69300079 0
v -19.39100075 -46.97000122 0
v 4.72900009 -64.27799988 0
v 4.57399988 -65.01100159 0
v 80.11100006 -104.34899902 0
v 80.11100006 -104.34899902 4
v 79.92500305 -104.41200256 0
v 80.30400085 -104.30999756 4
v 80.30400085 -104.30999756 0
v 66.22299957 134.14300537 0
v 72.16999817 134.04899597 0
v 76.43800354 123.16200256 0
v -27.94000053 17.67000008 4
v -21.41500092 31.80800056 4
v -29.1779995 27.23699951 4
v 80.5 -104.29799652 4
v -3.15100002 -116.48899841 4
v 80.88899994 -104.34899902 4
v -26.55800056 84.98300171 0
v -24.80599976 94.93299866 4
v -24.80599976 94.93299866 0
v -3.19000006 -116.29599762 0
v -3.19000006 -116.29599762 4
v 81.07499695 -104.41200256 0
v -3.20300007 -116.09999847 0
v -3.20300007 -116.09999847 4
v -3.19000006 -115.90399933 4
v -3.19000006 -115.90399933 0
v -26.55800056 84.98300171 4
v -3.15100002 -115.71099854 0
v -3.15100002 -115.71099854 4
v 79.58499908 -106.99199677 0
v 79.43800354 -106.86199951 0
v 79.43800354 -106.86199951 4
v -29.04199982 69.09600067 0
v -29.04199982 69.09600067 4
v -3.08800006 -115.52500153 4
v 36.9980011 67.69999695 4
v 36.9980011 67.69999695 0
v 37.00999832 67.89600372 4
v 37.00999832 67.89600372 0
v 79.30799866 -106.71499634 0
v 37.04899979 68.08899689 0
v 37.04899979 68.08899689 4
v 5.94899988 -70.48100281 0
v -1.33500004 -111.84700012 0
v 5.39099979 -69.26899719 0
v -29.6060009 61.48199844 4
v -29.6060009 61.48199844 0
v -2.89199996 -115.18499756 4
v 7.56400013 -72.99199677 0
v -30 49.97700119 4
v -30 49.97700119 0
v -29.88699913 38.39899826 0
v -29.88699913 38.39899826 4
v 37.11199951 68.27500153 0
v -2.76200008 -115.03800201 0
v -2.76200008 -115.03800201 4
v 80.5 -107.3030014 0
v 80.30400085 -107.29000092 0
v 80.5 -107.3030014 4
v 10.73999977 -77.33799744 0
v 68.95600128 110.60700226 0
v 76.01000214 121.90399933 0
v 75.9980011 122.09999847 0
v 76.01000214 122.29599762 0
v 76.11199951 122.67500305 0
v 76.1989975 122.85099792 0
v 14.42300034 -81.8010025 0
v 37.43799973 68.76200104 0
v 37.43799973 68.76200104 4
v 37.30799866 68.61499786 0
v 26.44799995 -76.09899902 0
v 29.1079998 -63.68999863 0
v 37.58499908 68.89199829 0
v 37.74900055 69.00099945 0
v 37.74900055 69.00099945 4
v 31.01600075 -80.92299652 0
v 30.43899918 -62.50799942 0
v 71.70800018 -60.2480011 0
v 29.96999931 -63.23500061 0
v -2.61500001 -114.90799713 4
v 19.375 -86.90200043 0
v 17.02000046 -84.64499664 0
v 81.69200134 -106.71499634 0
v 81.56199646 -106.86199951 0
v 81.56199646 -106.86199951 4
v 81.41500092 -106.99199677 0
v -2.2750001 -114.71199799 4
v 37.11199951 -121.92500305 0
v 37.11199951 -121.92500305 4
v 37.04899979 -122.11100006 0
v -27.26499939 12.49800014 0
v -29.50699997 30.63400078 4
v 37.19900131 -121.74900055 0
v 37.92499924 69.08799744 0
v 81.07499695 -107.18800354 0
v 80.88899994 -107.25099945 0
v 80.88899994 -107.25099945 4
v 80.69599915 -107.29000092 0
v 38.11100006 69.15100098 0
v 38.11100006 69.15100098 4
v 77.11100006 123.5510025 4
v 72.16999817 134.04899597 4
v 76.92500305 123.48799896 4
v -1.89600003 -117.58999634 0
v -1.89600003 -117.58999634 4
v -1.70000005 -117.60299683 4
v 37.43799973 -121.43800354 4
v 37.30799866 -121.58499908 0
v 37.43799973 -121.43800354 0
v 38.30400085 69.19000244 0
v 38.30400085 69.19000244 4
v 79.92500305 -107.18800354 4
v 79.92500305 -107.18800354 0
v 79.74900055 -107.10099792 4
v 37.58499908 -121.30799866 0
v 37.58499908 -121.30799866 4
v 79.58499908 -106.99199677 4
v 79.74900055 -107.10099792 0
v -1.125 -117.48799896 4
v -1.125 -117.48799896 0
v -1.31099999 -117.5510025 4
v 37.74900055 -121.1989975 0
v 79.30799866 -106.71499634 4
v 38.88899994 69.15100098 0
v 38.88899994 69.15100098 4
v 38.69599915 69.19000244 0
v 79.1989975 -106.5510025 0
v 79.1989975 -106.5510025 4
v 6.4380002 127.56199646 4
v 6.30800009 127.41500092 4
v -0.56300002 2.14299989 0
v -3.4519999 3.98099995 0
v -4.99900007 4.7579999 0
v 80.30400085 -107.29000092 4
v -20.5 31.49799919 0
v -20.69599915 31.51000023 0
v 80.11100006 -107.25099945 0
v 80.11100006 -107.25099945 4
v -2.08899999 -114.64900208 4
v -2.08899999 -114.64900208 0
v 37.92499924 -121.11199951 0
v 38.11100006 -121.0490036 0
v 37.92499924 -121.11199951 4
v 38.11100006 -121.0490036 4
v -0.162 -29.29999924 0
v -1.89600003 -114.61000061 0
v -1.89600003 -114.61000061 4
v -21.07500076 31.61199951 0
v -20.88899994 31.54899979 0
v 38.30400085 -121.01000214 0
v -1.70000005 -114.59799957 0
v -1.70000005 -114.59799957 4
v 76.0490036 122.48899841 4
v 76.11199951 122.67500305 4
v 66.22299957 134.14300537 4
v -21.25099945 31.6989994 0
v -1.50399995 -114.61000061 4
v -1.50399995 -114.61000061 0
v 2.07299995 -43.63399887 0
v 76.0490036 121.71099854 4
v 76.01000214 121.90399933 4
v 68.95600128 110.60700226 4
v 76.01000214 122.29599762 4
v 75.9980011 122.09999847 4
v 81.8010025 -106.5510025 0
v 4.53299999 -65.50499725 0
v -21.56200027 31.93799973 0
v -21.41500092 31.80800056 0
v -1.31099999 -114.64900208 0
v -1.31099999 -114.64900208 4
v 39.56200027 68.76200104 0
v 39.69200134 68.61499786 0
v 39.69200134 68.61499786 4
v -1.125 -114.71199799 4
v -1.125 -114.71199799 0
v -4.00600004 -161.46600342 4
v -4.00600004 -161.46600342 0
v -1.977 -176.147995 0
v -1.977 -176.147995 4
v -1.83899999 -176.95300293 0
v -1.403 -179.7539978 0
v -1.403 -179.7539978 4
v -1.83899999 -176.95300293 4
v 39.80099869 68.4509964 0
v -21.95100021 32.61100006 0
v -2.08899999 -28.95100021 0
v -0.33199999 -14.37100029 0
v 6.19899988 127.25099945 4
v 39.95100021 68.08899689 0
v 39.99000168 67.89600372 0
v 39.99000168 67.89600372 4
v -0.66799998 -39.9659996 0
v 81.69200134 -106.71499634 4
v 40.00299835 67.69999695 0
v -6.65199995 5.43200016 0
v 81.41500092 -106.99199677 4
v 38.5 66.19799805 0
v 38.30400085 66.20999908 4
v 38.5 66.19799805 4
v 39.56200027 -121.43800354 0
v 39.56200027 -121.43800354 4
v 39.41500092 -121.30799866 0
v 81.25099945 -107.10099792 0
v 81.25099945 -107.10099792 4
v 39.69200134 -121.58499908 0
v 81.07499695 -107.18800354 4
v 5.99800014 126.5 4
v 6.01000023 126.69599915 4
v -20.96699905 115.87599945 4
v 86.49099731 -177.30799866 4
v 86.49099731 -177.30799866 0
v 87.98699951 -174.73899841 0
v 83.55699921 -180 4
v 83.55699921 -180 0
v -23.84900093 -13.42500019 0
v -4.22100019 -31.70899963 0
v 80.69599915 -107.29000092 4
v -3.91899991 -33.7519989 0
v -3.02200007 -36.07799911 0
v 41.11000061 -179.91000366 4
v 39.88800049 -121.92500305 0
v 39.95100021 -122.11100006 0
v 39.95100021 -122.11100006 4
v -4.57200003 -9.64299965 0
v -4.0250001 -30.21899986 0
v -3.72799993 -29.5340004 0
v -4.16499996 -31.06500053 0
v 37.43799973 66.63800049 0
v 37.43799973 66.63800049 4
v 37.58499908 66.50800323 4
v -2.54399991 -29.01000023 0
v -3.1960001 -29.16900063 0
v 39.99000168 -122.30400085 0
v 37.30799866 66.78500366 4
v 86.81600189 47.43999863 0
v 81.8010025 51.04899979 0
v 87.51799774 48.5890007 0
v -2.28800011 -37.45100021 0
v 37.11199951 67.125 4
v 37.04899979 67.31099701 0
v 37.04899979 67.31099701 4
v 33.55699921 -97.08699799 0
v -0.20999999 -115.90399933 0
v 29.09900093 -94.70200348 0
v 6.30800009 125.58499908 4
v 6.4380002 125.43800354 4
v 6.58500004 125.30799866 4
v -22.875 105.59700012 4
v 6.74900007 125.1989975 4
v 37.00999832 67.5039978 4
v 37.00999832 67.5039978 0
v 6.19899988 125.74900055 4
v 76.76000214 110.94999695 0
v 77.5 120.59799957 0
v 79.3010025 111.35299683 0
v 39.07500076 66.31199646 4
v 38.88899994 66.24900055 0
v 38.88899994 66.24900055 4
v 23.8560009 -90.82099915 0
v 86.72000122 56.19800186 0
v 87.36100006 55.24599838 0
v 81.8010025 52.55099869 0
v 81.69200134 52.71500015 0
v 38.69599915 66.20999908 0
v 38.69599915 66.20999908 4
v 40.00299835 67.69999695 4
v 39.99000168 67.5039978 0
v 39.99000168 67.5039978 4
v 88.36299896 -171.20700073 0
v 81.88800049 -171.92500305 0
v 87.00299835 -167.93499756 0
v 39.95100021 67.31099701 0
v 39.95100021 67.31099701 4
v 6.11199999 127.07499695 4
v -19.11199951 32.42499924 0
v -19.1989994 32.24900055 0
v 39.88800049 67.125 0
v 39.88800049 67.125 4
v 80.54399872 133.10699463 0
v 81.92700195 132.40800476 0
v 78.07499695 123.48799896 0
v 39.80099869 66.9489975 4
v -8.47900009 5.88800001 0
v -19.30800056 32.08499908 0
v -19.43799973 31.93799973 0
v 78.25099945 123.40100098 0
v -19.58499908 31.80800056 0
v 7.3039999 125.01000214 4
v -19.43799973 65.36199951 4
v 7.5 124.9980011 4
v 6.92500019 125.11199951 4
v 7.11100006 125.0490036 4
v 6.11199999 125.92500305 4
v -19.30800056 65.21499634 4
v 7.6960001 125.01000214 4
v 16.04999924 -13.32800007 4
v 71.6190033 9.46199989 4
v 12.2159996 -9.03800011 4
v -9.92099953 5.87900019 0
v -19.74900055 31.6989994 0
v 39.56200027 66.63800049 4
v -19.92499924 31.61199951 0
v 19.29400063 -17.49600029 4
v 71.66300201 21.4829998 4
v 71.74299622 30.18199921 4
v 39.41500092 66.50800323 0
v 39.41500092 66.50800323 4
v 6.04899979 126.88899994 4
v -10.95699978 5.41699982 0
v -20.11100006 31.54899979 0
v 37.74900055 -121.1989975 4
v 39.25099945 66.39900208 0
v 39.25099945 66.39900208 4
v 81.56199646 -171.43800354 0
v 84.83300018 -165.90400696 0
v 81.69200134 -171.58500671 0
v 39.07500076 66.31199646 0
v 81.41500092 -171.30799866 0
v 81.25099945 -171.19900513 0
v 23.44199944 -26.55599976 4
v 23.22999954 -27.89699936 4
v 71.61499786 -26.0170002 4
v 71.65599823 -47.78300095 4
v 17.61100006 -28.08099937 4
v 12.86100006 -37.51699829 4
v 20.02300072 -28.8390007 4
v 22.37299919 -28.62400055 4
v 21.2140007 -28.83799934 4
v 17.88800049 -42.22999954 4
v 78.56199646 123.16200256 0
v 84.92199707 129.67700195 0
v 78.69200134 123.01499939 0
v 38.5 -120.9980011 4
v 38.30400085 -121.01000214 4
v 38.5 -120.9980011 0
v 23.19799995 -24.98999977 4
v 21.70700073 -21.29700089 4
v 22.84399986 -23.65600014 4
v -21.56200027 34.06200027 0
v -21.41500092 34.19200134 0
v 38.69599915 -121.01000214 4
v 38.69599915 -121.01000214 0
v 81.8010025 -171.74899292 0
v -21.07500076 34.38800049 0
v -21.25099945 34.30099869 0
v 37.11199951 68.27500153 4
v -20.88899994 34.45100021 0
v 38.88899994 -121.0490036 0
v 38.88899994 -121.0490036 4
v -20.69599915 34.49000168 0
v 37.19900131 68.4509964 0
v 37.19900131 68.4509964 4
v 39.07500076 -121.11199951 0
v 39.07500076 -121.11199951 4
v -20.88899994 62.84899902 0
v -20.69599915 62.81000137 0
v 37.30799866 68.61499786 4
v 13.58399963 -25.97999954 4
v 2.2019999 -30.1760006 4
v 3.96700001 -31.06299973 4
v 9.04899979 -22.81399918 4
v 7.68599987 -33.45800018 4
v 37.04899979 -122.88899994 4
v 37.04899979 -122.88899994 0
v 37.00999832 -122.69599915 4
v 77.88899994 123.5510025 0
v 77.69599915 123.58999634 0
v 80.11100006 -171.04899597 0
v 79.92500305 -171.11199951 0
v 79.25 -164.625 0
v 37.00999832 -122.69599915 0
v 36.9980011 -122.5 0
v 36.9980011 -122.5 4
v -0.66799998 -39.9659996 4
v -19.95299911 -42.73799896 4
v 2.07299995 -43.63399887 4
v 37.00999832 -122.30400085 0
v 37.00999832 -122.30400085 4
v 78.41500092 123.29199982 0
v 5.07299995 -63.69300079 4
v 5.70100021 -63.3730011 4
v 37.04899979 -122.11100006 4
v 79.84300232 133.38499451 0
v 4.79099989 -67.29399872 0
v 22.45899963 -47.23600006 4
v 37.19900131 -121.74900055 4
v 87.12599945 125.26699829 0
v 78.8010025 122.85099792 0
v 37.30799866 -121.58499908 4
v 26.2689991 -52.17300034 4
v 30.43899918 -62.50799942 4
v 71.73899841 -66.09899902 4
v 30.40500069 -60.41500092 4
v 78.45500183 133.68200684 0
v 37.92499924 69.08799744 4
v 77.5 123.60299683 0
v 76.06900024 133.90100098 0
v 79.30799866 -171.58500671 0
v 79.1989975 -171.74899292 0
v 73.94999695 -164.48599243 0
v 76.92500305 123.48799896 0
v 77.11100006 123.5510025 0
v 38.5 69.20300293 0
v 38.5 69.20300293 4
v -19.43799973 34.06200027 0
v -19.30800056 33.91500092 0
v -20.5 62.79800034 0
v -20.5 34.50299835 0
v -20.30400085 34.49000168 0
v -20.30400085 62.81000137 0
v 23.75399971 -62.77600098 4
v 22.37000084 -62.07099915 4
v 19.21199989 -69.54499817 4
v 19.94599915 -60.54399872 4
v -20.30400085 31.51000023 0
v -11.56900024 4.53000021 0
v -11.73400021 3.22799993 0
v 76.30799866 123.01499939 0
v 29.01799965 -56.68500137 4
v 27.49200058 -63.82400131 4
v 26.44799995 -76.09899902 4
v 29.1079998 -63.68999863 4
v -21.69199944 33.91500092 0
v -21.8010006 33.75099945 0
v -21.88800049 33.57500076 0
v -21.95100021 33.38899994 0
v -21.98999977 33.19599915 0
v -22.00300026 33 0
v -21.98999977 32.80400085 0
v -21.69199944 32.08499908 0
v -21.8010006 32.24900055 0
v 31.01600075 -80.92299652 4
v 76.58499908 123.29199982 0
v 63.74000168 -164.46000671 0
v 79.11199951 -171.92500305 0
v 76.74900055 123.40100098 0
v -3.1960001 -29.16900063 4
v -4.57200003 -9.64299965 4
v -3.72799993 -29.5340004 4
v -2.54399991 -29.01000023 4
v -0.33199999 -14.37100029 4
v -20.88899994 31.54899979 4
v -20.69599915 31.51000023 4
v -21.07500076 31.61199951 4
v -4.22100019 -31.70899963 4
v -3.91899991 -33.7519989 4
v 77.30400085 123.58999634 0
v -21.25099945 31.6989994 4
v 8.875 -51.17200089 4
v 5.30900002 -47.42399979 4
v -3.02200007 -36.07799911 4
v 78.41500092 120.90799713 0
v 78.56199646 121.03800201 0
v 83.9260025 114.03700256 0
v 4.57399988 -65.01100159 4
v 4.72900009 -64.27799988 4
v 80.30400085 -171.00999451 0
v -21.69199944 32.08499908 4
v -21.56200027 31.93799973 4
v 6.46700001 -63.22700119 4
v 16.3560009 -57.89699936 4
v 12.61299992 -54.71900177 4
v 9.97399998 -63.75299835 4
v 14.19299984 -65.90200043 4
v 7.51300001 -63.11700058 4
v 37.58499908 68.89199829 4
v -3.4519999 3.98099995 4
v -4.99900007 4.7579999 4
v 78.88800049 121.52500153 0
v 78.9509964 121.71099854 0
v 87.24299622 120.36399841 0
v -6.65199995 5.43200016 4
v -21.88800049 32.42499924 4
v -21.8010006 32.24900055 4
v 4.53299999 -65.50499725 4
v 4.79099989 -67.29399872 4
v 85.8809967 116.61100006 0
v -4.0250001 -30.21899986 4
v -4.16499996 -31.06500053 4
v 81.07499695 -171.11199951 0
v 83.58499908 -165.30299377 0
v -19.30800056 32.08499908 4
v -19.43799973 31.93799973 4
v -8.47900009 5.88800001 4
v -19.58499908 31.80800056 4
v -9.92099953 5.87900019 4
v -2.08899999 -28.95100021 4
v -19.74900055 31.6989994 4
v 38.69599915 69.19000244 4
v -10.95699978 5.41699982 4
v -20.11100006 31.54899979 4
v -19.1989994 32.24900055 4
v -12.23317337 -100.43639374 4
v -20.30400085 31.51000023 4
v 5.39099979 -69.26899719 4
v -20.5 31.49799919 4
v -2.28800011 -37.45100021 4
v 7.56400013 -72.99199677 4
v 5.94899988 -70.48100281 4
v 80.88899994 -171.04899597 0
v 82.26399994 -164.94299316 0
v 80.69599915 -171.00999451 0
v 80.5 -170.9980011 0
v 39.07500076 69.08799744 4
v 39.07500076 69.08799744 0
v 14.42300034 -81.8010025 4
v 10.73999977 -77.33799744 4
v 39.25099945 69.00099945 4
v 39.25099945 69.00099945 0
v 39.41500092 68.89199829 0
v 39.41500092 68.89199829 4
v 79.74900055 -171.19900513 0
v 79.43800354 -171.43800354 0
v 79.58499908 -171.30799866 0
v 79.0490036 -172.11099243 0
v 79.01000214 -172.30400085 0
v 23.49200058 -73.26499939 4
v 25.45999908 -63.41999817 4
v 80.88899994 -173.95100403 0
v 81.07499695 -173.88800049 0
v 81.25099945 -173.80099487 0
v 81.41500092 -173.69200134 0
v 39.56200027 68.76200104 4
v 29.96999931 -63.23500061 4
v 76.0490036 121.71099854 0
v 76.11199951 121.52500153 0
v 76.1989975 121.34899902 0
v 76.30799866 121.18499756 0
v 76.74900055 120.7990036 0
v 73.37799835 110.71800232 0
v 76.58499908 120.90799713 0
v 76.92500305 120.71199799 0
v 76.43800354 121.03800201 0
v 39.80099869 68.4509964 4
v 17.02000046 -84.64499664 4
v 39.88800049 68.27500153 0
v 39.88800049 68.27500153 4
v -21.41500092 34.19200134 4
v -21.56200027 34.06200027 4
v -19.92499924 34.38800049 4
v -19.74900055 34.30099869 4
v -19.74900055 62.99900055 4
v 39.95100021 68.08899689 4
v 39.25099945 -121.1989975 4
v 39.25099945 -121.1989975 0
v 81.98999786 -172.30400085 0
v 81.9509964 -172.11099243 0
v 7.88899994 127.9509964 0
v 8.07499981 127.88800049 0
v 7.88899994 127.9509964 4
v 39.41500092 -121.30799866 4
v 82.00299835 -172.5 0
v -19.58499908 34.19200134 4
v 35 64 4
v 54.85499954 110.55000305 0
v -19.43799973 34.06200027 4
v 39.69200134 -121.58499908 4
v 57.70100021 134.19000244 0
v 81.98999786 -172.69599915 0
v -19.11199951 33.57500076 4
v -19.1989994 33.75099945 4
v 48.4129982 109.98799896 0
v 39.56200027 125.43800354 0
v 50.36100006 110.39900208 0
v 39.80099869 -121.74900055 0
v 39.80099869 -121.74900055 4
v 39.88800049 -121.92500305 4
v 7.88899994 125.0490036 4
v 7.88899994 125.0490036 0
v 76.0490036 122.48899841 0
v 81.9509964 -172.88900757 0
v 7.3039999 127.98999786 4
v 7.11100006 127.9509964 0
v 41.11000061 -179.91000366 0
v 79.92500305 -173.88800049 0
v 47.26399994 108.70800018 0
v 38.69599915 125.01000214 0
v 47.76100159 109.42700195 0
v 39.99000168 -122.30400085 4
v -18.99799919 64.30000305 4
v -19.58499908 63.10800171 4
v -19.43799973 63.23799896 4
v -19.30800056 33.91500092 4
v 7.5 128.00300598 4
v 7.5 128.00300598 0
v 7.6960001 127.98999786 4
v 40.00299835 -122.5 0
v 40.00299835 -122.5 4
v 7.6960001 127.98999786 0
v 39.99000168 -122.69599915 0
v 39.99000168 -122.69599915 4
v -21.95100021 32.61100006 4
v -21.98999977 32.80400085 4
v -19.92499924 31.61199951 4
v -11.42399979 1.52600002 4
v -11.56900024 4.53000021 4
v 78.07499695 120.71199799 0
v 78.25099945 120.7990036 0
v 82.68399811 112.85099792 0
v 81.20999908 111.97000122 0
v 3.67799997 -1.05400002 4
v -0.56300002 2.14299989 4
v 8.01099968 -4.86600018 4
v -22.00300026 33 4
v -21.98999977 33.19599915 4
v -21.88800049 33.57500076 4
v -21.95100021 33.38899994 4
v -21.8010006 33.75099945 4
v -21.69199944 33.91500092 4
v -8.10499954 -4.94700003 4
v -10.09899998 -1.69599998 4
v 6.74900007 127.8010025 4
v 6.74900007 127.8010025 0
v 78.88800049 122.67500305 0
v 6.92500019 127.88800049 0
v 78.9509964 122.48899841 0
v 78.98999786 122.29599762 0
v 7.3039999 127.98999786 0
v 79.00299835 122.09999847 0
v 22.84399986 -23.65600014 0
v 37.43799973 125.43800354 0
v 34 119 0
v 37.30799866 125.58499908 0
v 37.19900131 125.74900055 0
v 37.11199951 125.92500305 0
v 6.58500004 127.69200134 4
v 6.4380002 127.56199646 0
v 6.58500004 127.69200134 0
v 78.8010025 121.34899902 0
v 78.69200134 121.18499756 0
v 84.84899902 115.1780014 0
v 79.43800354 -173.56199646 0
v 79.30799866 -173.41499329 0
v 18.07900047 134.18200684 0
v 37.04899979 126.11100006 0
v 37.00999832 126.30400085 0
v 79.11199951 -173.07499695 0
v 79.1989975 -173.25100708 0
v 37.00999832 126.69599915 0
v 37.04899979 126.88899994 0
v 78.98999786 121.90399933 0
v 4.30900002 -18.84900093 4
v 6.19899988 127.25099945 0
v 79.0490036 -172.88900757 0
v 6.30800009 127.41500092 0
v -19.43799973 63.23799896 0
v -19.30800056 63.38499832 0
v 39.95100021 126.88899994 0
v 39.99000168 126.69599915 0
v 77.69599915 120.61000061 0
v 77.88899994 120.64900208 0
v 77.30400085 120.61000061 0
v 77.11100006 120.64900208 0
v 78.9980011 -172.5 0
v 39.95100021 -122.88899994 0
v 39.80099869 125.74900055 0
v 39.69200134 125.58499908 0
v 86.06700134 57.07699966 0
v 39.41500092 125.30799866 0
v 80.11100006 -173.95100403 0
v 81.88800049 -173.07499695 0
v 81.8010025 -173.25100708 0
v 80.88899994 53.25099945 0
v 80.69599915 53.29000092 0
v 82.26399994 59.06399918 0
v 37.11199951 127.07499695 0
v 37.19900131 127.25099945 0
v 37.58499908 -123.69200134 0
v 37.43799973 -123.56199646 0
v 37.43799973 -123.56199646 4
v 81.88800049 52.375 0
v 37.30799866 127.41500092 0
v 29.01799965 -56.68500137 0
v 30.40500069 -60.41500092 0
v 37.43799973 127.56199646 0
v 35 134.18540955 0
v 37.58499908 127.69200134 0
v 81.56199646 -173.56199646 0
v 81.69200134 -173.41499329 0
v 37.74900055 127.8010025 0
v 37.92499924 127.88800049 0
v 38.30400085 127.98999786 0
v 38.11100006 127.9509964 0
v 81.98999786 51.60400009 0
v 88.27999878 51.91699982 0
v 81.9509964 51.4109993 0
v 81.41500092 50.60800171 0
v 81.56199646 50.73799896 0
v 85.65000153 46.11500168 0
v 81.88800049 51.22499847 0
v -19.01000023 64.4960022 0
v -19.04899979 64.68900299 0
v -19.74900055 62.99900055 0
v -19.58499908 63.10800171 0
v -19.74900055 34.30099869 0
v 79.74900055 -173.80099487 0
v 79.58499908 -173.69200134 0
v 80.30400085 -173.99000549 0
v 80.5 -174.00300598 0
v 80.69599915 -173.99000549 0
v 39.25099945 127.8010025 0
v 39.41500092 127.69200134 0
v 39.56200027 127.56199646 0
v 7.3039999 125.01000214 0
v 7.11100006 125.0490036 0
v 82.00299835 51.79999924 0
v 81.9509964 52.18899918 0
v 81.56199646 52.86199951 0
v 81.98999786 51.99599838 0
v -19.01000023 33.19599915 0
v -19.04899979 33.38899994 0
v 6.92500019 125.11199951 0
v 39.69200134 127.41500092 0
v 39.80099869 127.25099945 0
v 79.42311859 44.07117081 0
v 78.68199921 44.00999832 0
v 80.11100006 50.34899902 0
v 81.25099945 50.49900055 0
v 83.74199677 44.89799881 0
v 79.01000214 -172.69599915 0
v 39.88800049 127.07499695 0
v 39.07500076 127.88800049 0
v 38.88899994 127.9509964 0
v 38.69599915 127.98999786 0
v 38.5 128.00300598 0
v 79.79599762 59.33800125 0
v 80.5 53.3030014 0
v 6.58500004 125.30799866 0
v 6.4380002 125.43800354 0
v 39.88800049 125.92500305 0
v 39.95100021 126.11100006 0
v 39.99000168 126.30400085 0
v 40.00299835 126.5 0
v 37.30799866 -123.41500092 0
v 6.30800009 125.58499908 0
v 80.30400085 53.29000092 0
v 37.58499908 125.30799866 0
v 37.74900055 125.1989975 0
v 37.92499924 125.11199951 0
v 38.11100006 125.0490036 0
v 38.30400085 125.01000214 0
v 38.5 124.9980011 0
v 39.07500076 125.11199951 0
v 38.88899994 125.0490036 0
v 39.25099945 125.1989975 0
v 88.36299896 -171.20700073 4
v 82.00299835 -172.5 4
v 87.98699951 -174.73899841 4
v 85.55699921 -112.07800293 0
v 86.4469986 -111.1740036 0
v 86.4469986 -111.1740036 4
v 85.55699921 -112.07800293 4
v 80.30400085 50.31000137 0
v 36.9980011 126.5 0
v 87.04799652 -110.2990036 4
v 79.92500305 50.41199875 0
v 87.00299835 -167.93499756 4
v 84.83300018 -165.90400696 4
v 81.22384644 44.22385025 0
v 81.20200348 44.2179985 0
v 80.5 50.29800034 0
v 83.9857254 -106.27951813 4
v 6.11199999 125.92500305 0
v 6.04899979 126.11100006 0
v 6.04899979 126.11100006 4
v -19.58499908 34.19200134 0
v 6.01000023 126.30400085 4
v 6.01000023 126.30400085 0
v 81.69200134 50.88499832 0
v 5.99800014 126.5 0
v 39.88800049 98.375 0
v 39.80099869 98.5510025 0
v 46.77600098 101.05699921 0
v 6.01000023 126.69599915 0
v 6.04899979 126.88899994 0
v 19.375 -86.90200043 4
v 79.25 -164.625 4
v 80.5 -170.9980011 4
v 82.26399994 -164.94299316 4
v 84.33499908 -112.74700165 0
v 84.33499908 -112.74700165 4
v 80.88899994 50.34899902 0
v 81.07499695 50.41199875 0
v -19.11199951 33.57500076 0
v -19.1989994 33.75099945 0
v 82.55500031 -113.21800232 4
v 82.55500031 -113.21800232 0
v 7.5 124.9980011 0
v 79.98899841 -113.53500366 0
v 79.98899841 -113.53500366 4
v 39.69200134 98.71499634 0
v 76.40399933 -113.73100281 4
v 76.40399933 -113.73100281 0
v 79.01000214 51.60400009 0
v 83.58499908 -165.30299377 4
v 6.74900007 125.1989975 0
v -19.01000023 33.19599915 4
v -18.99799919 33 4
v -19.04899979 33.38899994 4
v -19.01000023 32.80400085 4
v 79.1989975 52.55099869 0
v 79.11199951 52.375 0
v 71.65699768 59.54700089 0
v 79.0490036 52.18899918 0
v 81.25099945 -171.19900513 4
v 76.34100342 59.48699951 0
v 79.30799866 52.71500015 0
v 79.58499908 52.99200058 0
v 79.43800354 52.86199951 0
v 6.19899988 125.74900055 0
v 80.88899994 -171.04899597 4
v 38.5 -124.00299835 0
v 38.30400085 -123.98999786 0
v 38.30400085 -123.98999786 4
v 38.5 -124.00299835 4
v -19.11199951 63.72499847 4
v -19.04899979 63.9109993 4
v 7.6960001 125.01000214 0
v 83.97100067 58.61800003 0
v 81.07499695 53.18799973 0
v 38.11100006 -123.9509964 0
v 38.11100006 -123.9509964 4
v 81.25099945 53.10100174 0
v 37.92499924 -123.88800049 0
v 81.41500092 52.99200058 0
v 85.16000366 57.96500015 0
v 6.11199999 127.07499695 0
v 37.74900055 -123.8010025 0
v 37.74900055 -123.8010025 4
v 23.8560009 -90.82099915 4
v 81.69200134 -171.58500671 4
v 81.56199646 -171.43800354 4
v 81.8010025 -171.74899292 4
v 81.88800049 -171.92500305 4
v 29.09900093 -94.70200348 4
v -19.01000023 32.80400085 0
v -19.04899979 32.61100006 4
v 35.55099869 -86.63200378 4
v 79.92500305 53.18799973 0
v 80.11100006 53.25099945 0
v 79.74900055 53.10100174 0
v -18.99799919 64.30000305 0
v -19.01000023 64.10399628 0
v -19.11199951 32.42499924 4
v -19.04899979 32.61100006 0
v 33.55699921 -97.08699799 4
v 49.68600082 -164.10299683 0
v 48.18999863 -163.94299316 0
v 47.86399841 -163.72599792 0
v 79.58499908 50.60800171 0
v 79.74900055 50.49900055 0
v 79.1989975 51.04899979 0
v 80.69599915 50.31000137 0
v 58.84999847 -164.41900635 0
v 53.45100021 -164.29699707 0
v 79.01000214 51.99599838 0
v 78.9980011 51.79999924 0
v 79.43800354 50.73799896 0
v 75.53299713 43.95899963 0
v -0.162 -29.29999924 4
v 37.43799973 98.86199951 0
v 37.30799866 98.71499634 0
v 8.56200027 125.43800354 0
v 37.74900055 99.10099792 0
v 37.58499908 98.99199677 0
v 37.92499924 99.18800354 0
v 38.88899994 99.25099945 0
v 38.11100006 99.25099945 0
v 48.18999863 -163.94299316 4
v 47.86399841 -163.72599792 4
v 79.1989975 -171.74899292 4
v 79.30799866 -171.58500671 4
v 73.94999695 -164.48599243 4
v 86.81600189 47.43999863 4
v 81.69200134 50.88499832 4
v 85.65000153 46.11500168 4
v 38.30400085 99.29000092 0
v 38.5 99.3030014 0
v 49.68600082 -164.10299683 4
v 53.45100021 -164.29699707 4
v 87.24299622 120.36399841 4
v 85.8809967 116.61100006 4
v 79.43800354 -171.43800354 4
v 79.58499908 -171.30799866 4
v 87.12599945 125.26699829 4
v 63.74000168 -164.46000671 4
v 58.84999847 -164.41900635 4
v 37.19900131 -123.25099945 0
v 79.74900055 -171.19900513 4
v 86.06700134 57.07699966 4
v 85.16000366 57.96500015 4
v 37.11199951 -123.07499695 4
v 37.11199951 -123.07499695 0
v 88.27999878 51.91699982 4
v 87.51799774 48.5890007 4
v 87.36100006 55.24599838 4
v 39.07500076 99.18800354 0
v 39.25099945 99.10099792 0
v 86.72000122 56.19800186 4
v 47.57600021 -162.72200012 0
v 47.57600021 -162.72200012 4
v 39.56200027 98.86199951 0
v 39.41500092 98.99199677 0
v -21.25099945 34.30099869 4
v 80.30400085 -171.00999451 4
v 80.11100006 -171.04899597 4
v 39.95100021 98.18900299 0
v 39.07500076 -123.88800049 0
v 38.88899994 -123.9509964 4
v -21.07500076 34.38800049 4
v -20.88899994 34.45100021 4
v 38.88899994 -123.9509964 0
v 38.69599915 -123.98999786 0
v 38.69599915 -123.98999786 4
v 38.69599915 99.29000092 0
v -20.69599915 34.49000168 4
v -20.5 34.50299835 4
v 78.25099945 120.7990036 4
v 78.07499695 120.71199799 4
v 82.68399811 112.85099792 4
v 39.88800049 -123.07499695 0
v -20.30400085 34.49000168 4
v 8.41499996 125.30799866 0
v 37.19900131 98.5510025 0
v 37.11199951 98.375 0
v 8.2510004 125.1989975 0
v -20.11100006 34.45100021 4
v -20.11100006 34.45100021 0
v 39.80099869 -123.25099945 0
v -19.92499924 34.38800049 0
v 39.69200134 -123.41500092 0
v 72.68900299 42.82899857 0
v 73.18800354 43.34700012 0
v 72.26300049 41.78099823 0
v 72.43099976 42.45999908 0
v 39.56200027 -123.56199646 0
v 71.83901978 34.83901978 0
v 39.41500092 -123.69200134 0
v 84.84899902 115.1780014 4
v 76.76000214 110.94999695 4
v 39.25099945 -123.8010025 0
v 79.3010025 111.35299683 4
v 81.20999908 111.97000122 4
v 79.92500305 -171.11199951 4
v 80.69599915 -171.00999451 4
v 81.07499695 -171.11199951 4
v 81.41500092 -171.30799866 4
v 83.9260025 114.03700256 4
v 52.72100067 59.61700058 0
v 83.97100067 58.61800003 4
v 82.26399994 59.06399918 4
v 37.00999832 97.9960022 0
v 36.9980011 97.80000305 0
v 79.11199951 -171.92500305 4
v 79.79599762 59.33800125 4
v 76.34100342 59.48699951 4
v -18.99799919 33 0
v 37.00999832 97.60399628 0
v 37.04899979 97.41100311 0
v 8.69200039 125.58499908 0
v 37.11199951 97.22499847 0
v 81.8010025 -173.25100708 4
v 84.92199707 129.67700195 4
v 81.9509964 -172.88900757 4
v 81.98999786 -172.69599915 4
v 37.04899979 98.18900299 0
v 81.98999786 -172.30400085 4
v 81.9509964 -172.11099243 4
v 80.54399872 133.10699463 4
v 81.92700195 132.40800476 4
v 79.84300232 133.38499451 4
v 39.99000168 97.9960022 0
v 78.45500183 133.68200684 4
v 76.06900024 133.90100098 4
v 71.90499878 -84.40499878 0
v 38.34500122 -91.53099823 0
v 35.55099869 -86.63200378 0
v 81.69200134 -173.41499329 4
v 81.41500092 -173.69200134 4
v 81.25099945 -173.80099487 4
v 39.95100021 97.41100311 0
v 46.5719986 93.54499817 0
v 39.88800049 97.22499847 0
v -21.41500092 65.49199677 0
v -21.25099945 65.60099792 0
v 72.68699646 -97.01799774 0
v 72.31500244 -96.40799713 0
v 72.15000153 -95.97399902 0
v -21.07500076 65.68800354 0
v 81.88800049 -173.07499695 4
v -20.5 65.8030014 0
v -20.30400085 65.79000092 0
v 39.00500107 -97.57299805 0
v 39.25699997 -96.84600067 0
v 47.96900177 -114.12999725 0
v 39.80099869 97.0490036 0
v 39.99000168 97.60399628 0
v 40.00299835 97.80000305 0
v 39.29899979 -95.81600189 0
v 8.07499981 125.11199951 0
v -19.92499924 65.68800354 0
v -20.11100006 65.75099945 0
v -19.11199951 64.875 0
v 57.70100021 134.19000244 4
v 54.85499954 110.55000305 4
v 73.49700165 -97.51399994 0
v 77.88899994 123.5510025 4
v 78.07499695 123.48799896 4
v 78.8010025 122.85099792 4
v 78.69200134 123.01499939 4
v 78.41500092 123.29199982 4
v 76.43800354 123.16200256 4
v 80.11100006 -173.95100403 4
v 79.92500305 -173.88800049 4
v -20.69599915 65.79000092 0
v -19.58499908 65.49199677 0
v -19.74900055 65.60099792 0
v 79.11199951 -105.22499847 0
v 77.69599915 123.58999634 4
v 77.11100006 120.64900208 4
v 73.37799835 110.71800232 4
v 78.6289978 -98.0490036 0
v 76 -97.86680603 0
v 38.30400085 -159.08999634 0
v 38.5 -159.10299683 0
v 77.5 123.60299683 4
v 50.36100006 110.39900208 4
v 71.57299805 -113.85199738 0
v -21.25099945 62.99900055 0
v -21.41500092 63.10800171 0
v 79.30799866 -104.88500214 0
v 47.25299835 -115.9980011 0
v 36.23300171 -97.89900208 0
v 39.95100021 126.11100006 4
v 39.88800049 125.92500305 4
v -21.56200027 63.23799896 0
v -21.88800049 63.72499847 0
v -21.8010006 63.54899979 0
v -21.69199944 63.38499832 0
v 78.56199646 123.16200256 4
v -17.28800011 133.52900696 0
v -16.70499992 133.61000061 0
v -17.55699921 133.19700623 0
v -14.89299965 133.76800537 0
v -11.75500011 133.9019928 0
v -19.2840004 124.66999817 0
v 78.88800049 122.67500305 4
v 78.9509964 122.48899841 4
v 78.25099945 123.40100098 4
v -21.95100021 63.9109993 0
v -21.98999977 64.10399628 0
v 79.1989975 -173.25100708 4
v 79.30799866 -173.41499329 4
v 79.43800354 -173.56199646 4
v -21.88800049 64.875 0
v -21.8010006 65.0510025 0
v -21.69199944 65.21499634 0
v -21.56200027 65.36199951 0
v 76.30799866 123.01499939 4
v 79.0490036 -172.11099243 4
v 76.58499908 123.29199982 4
v 76.1989975 122.85099792 4
v -19.1989994 63.54899979 0
v 76.74900055 123.40100098 4
v 47.98899841 60.45800018 0
v 47.29999924 61.39799881 0
v 48.4679985 60.11899948 0
v 77.30400085 123.58999634 4
v -19.92499924 62.91199875 0
v 37.92499924 -158.98800659 4
v 38.11100006 -159.05099487 4
v 81.56199646 -173.56199646 4
v 39.29800034 -94.48799896 0
v 37.30799866 -158.51499939 4
v 37.19900131 -158.35099792 4
v 6.38999987 -169.60400391 4
v -19.43799973 65.36199951 0
v -19.30800056 65.21499634 0
v -19.1989994 65.0510025 0
v 81.07499695 -173.88800049 4
v 37.00999832 -157.79600525 4
v 6.20100021 -169.04899597 4
v 37.04899979 -157.98899841 4
v 6.28800011 -169.2250061 4
v 37.11199951 -158.17500305 4
v 38.35499954 -97.85099792 0
v 80.88899994 -173.95100403 4
v 79.00299835 122.09999847 4
v 78.98999786 121.90399933 4
v -19.04899979 63.9109993 0
v 37.43099976 -97.89800262 0
v -19.11199951 63.72499847 0
v 47.76100159 109.42700195 4
v 47.26399994 108.70800018 4
v 80.30400085 -173.99000549 4
v 80.5 -174.00300598 4
v 47.10499954 -118.03399658 0
v 38.69599915 -159.08999634 4
v 38.88899994 -159.05099487 4
v 48.4129982 109.98799896 4
v 38.5 -159.10299683 4
v 46.77600098 101.05699921 4
v -21.07500076 62.91199875 0
v -21.95100021 64.68900299 0
v -21.98999977 64.4960022 0
v -22.00300026 64.30000305 0
v 77.5 120.59799957 4
v -22.875 105.59700012 0
v -20.11100006 62.84899902 0
v 39.41500092 -158.79200745 4
v 39.25099945 -158.90100098 4
v 77.69599915 120.61000061 4
v 39.07500076 -158.98800659 4
v 8.98999977 126.30400085 4
v 8.95100021 126.11100006 4
v 37.00999832 126.30400085 4
v 37.11199951 125.92500305 4
v 8.80099964 125.74900055 4
v 37.19900131 125.74900055 4
v 80.69599915 -173.99000549 4
v 79.74900055 -173.80099487 4
v 79.58499908 -173.69200134 4
v 79.11199951 -173.07499695 4
v 79.0490036 -172.88900757 4
v 76.43800354 121.03800201 4
v 76.58499908 120.90799713 4
v -0.50800002 -117.01499939 0
v 37.11199951 -157.0249939 4
v 37.04899979 -157.21099854 4
v 38.5 124.9980011 4
v 35 105.70868683 4
v 38.69599915 125.01000214 4
v 79.01000214 -172.30400085 4
v 78.9980011 -172.5 4
v 79.01000214 -172.69599915 4
v 5.81500006 -168.60800171 4
v 37.00999832 -157.40400696 4
v 76.74900055 120.7990036 4
v 76.1989975 121.34899902 4
v 76.30799866 121.18499756 4
v 22.85099983 134.18899536 4
v 9.00300026 126.5 4
v 77.30400085 120.61000061 4
v 38.30400085 -156.11000061 4
v 37.04899979 126.88899994 4
v 37.00999832 126.69599915 4
v 36.9980011 126.5 4
v 39.99000168 126.69599915 4
v 39.95100021 126.88899994 4
v -0.39899999 -116.85099792 0
v -0.249 -116.48899841 0
v 46.9070015 -137.92300415 4
v 76.11199951 121.52500153 4
v -0.20999999 -116.29599762 0
v -0.198 -116.09999847 0
v 39.25099945 125.1989975 4
v 39.07500076 125.11199951 4
v 38.88899994 125.0490036 4
v 37.11199951 127.07499695 4
v 37.43799973 127.56199646 4
v 37.30799866 127.41500092 4
v 39.69200134 -156.68499756 4
v 47.07600021 -152.20100403 4
v 39.56200027 -156.53799438 4
v 39.25099945 -156.29899597 4
v 37.58499908 127.69200134 4
v 37.74900055 127.8010025 4
v 37.19900131 127.25099945 4
v 77.88899994 120.64900208 4
v 39.88800049 -157.0249939 4
v 39.80099869 -156.84899902 4
v 37.92499924 127.88800049 4
v 38.11100006 127.9509964 4
v 38.30400085 127.98999786 4
v -21.07500076 65.68800354 4
v -21.25099945 65.60099792 4
v 39.99000168 -157.40400696 4
v 39.95100021 -157.21099854 4
v 38.5 128.00300598 4
v -20.5 65.8030014 4
v -20.30400085 65.79000092 4
v -19.01000023 64.10399628 4
v 37.43799973 125.43800354 4
v 8.56200027 125.43800354 4
v -19.92499924 65.68800354 4
v -20.11100006 65.75099945 4
v 38.5 -156.0980072 4
v 38.88899994 -156.14900208 4
v 38.69599915 -156.11000061 4
v 39.41500092 -156.40800476 4
v 78.98999786 122.29599762 4
v -19.58499908 65.49199677 4
v -19.11199951 64.875 4
v 37.19900131 97.0490036 4
v -19.1989994 65.0510025 4
v 78.9509964 121.71099854 4
v 78.88800049 121.52500153 4
v 40.00299835 -157.6000061 4
v 47.27000046 -159.2539978 4
v 39.99000168 -157.79600525 4
v 39.88800049 -158.17500305 4
v 39.80099869 -158.35099792 4
v 39.69200134 -158.51499939 4
v 39.56200027 -158.66200256 4
v 39.95100021 -157.98899841 4
v 39.07500076 127.88800049 4
v 38.88899994 127.9509964 4
v -21.56200027 65.36199951 4
v 38.30400085 -159.08999634 4
v 37.74900055 -158.90100098 4
v 37.43799973 -158.66200256 4
v 6.40299988 -169.80000305 4
v 6.35099983 -169.41099548 4
v 39.56200027 127.56199646 4
v 39.41500092 127.69200134 4
v 78.41500092 120.90799713 4
v 39.69200134 127.41500092 4
v 39.80099869 127.25099945 4
v 36.9980011 -157.6000061 4
v 6.09200001 -168.88499451 4
v 5.96199989 -168.73800659 4
v 39.88800049 127.07499695 4
v 78.56199646 121.03800201 4
v 38.69599915 127.98999786 4
v 39.25099945 127.8010025 4
v 78.8010025 121.34899902 4
v 78.69200134 121.18499756 4
v 40.00299835 126.5 4
v 39.99000168 126.30400085 4
v 39.80099869 125.74900055 4
v 39.69200134 125.58499908 4
v 39.56200027 125.43800354 4
v -21.56200027 63.23799896 4
v -21.69199944 63.38499832 4
v 38.30400085 125.01000214 4
v 38.11100006 125.0490036 4
v 37.92499924 125.11199951 4
v 37.74900055 125.1989975 4
v 37.58499908 125.30799866 4
v 39.41500092 125.30799866 4
v 46.94599915 -123.14199829 0
v 76.92500305 120.71199799 4
v -21.88800049 63.72499847 4
v -21.8010006 63.54899979 4
v -21.95100021 63.9109993 4
v -21.98999977 64.10399628 4
v -22.00300026 64.30000305 4
v 5.28900003 -168.34899902 0
v -0.63800001 -117.16200256 0
v 37.58499908 -158.79200745 4
v -21.98999977 64.4960022 4
v -21.95100021 64.68900299 4
v -21.69199944 65.21499634 4
v -21.8010006 65.0510025 4
v -21.41500092 65.49199677 4
v -21.88800049 64.875 4
v 46.88600159 -130.69599915 0
v -11.75500011 133.9019928 4
v -19.2840004 124.66999817 4
v -7.08699989 134.00700378 4
v -19.30800056 63.38499832 4
v -0.69499999 134.08399963 0
v -7.08699989 134.00700378 0
v -20.11100006 62.84899902 4
v -20.30400085 62.81000137 4
v -20.5 62.79800034 4
v -17.28800011 133.52900696 4
v -17.55699921 133.19700623 4
v -16.70499992 133.61000061 4
v -14.89299965 133.76800537 4
v -20.69599915 62.81000137 4
v 5.4749999 -168.41200256 0
v 5.65100002 -168.49899292 4
v -19.04899979 64.68900299 4
v 37.30799866 96.88500214 4
v 34 -152.29898071 0
v 38.88899994 -159.05099487 0
v 38.69599915 -159.08999634 0
v -19.1989994 63.54899979 4
v 5.65100002 -168.49899292 0
v -20.88899994 62.84899902 4
v -21.07500076 62.91199875 4
v -21.25099945 62.99900055 4
v -21.41500092 63.10800171 4
v -19.92499924 62.91199875 4
v 8.95100021 126.88899994 0
v 8.88799953 127.07499695 0
v -20.96699905 115.87599945 0
v 9.00300026 126.5 0
v 8.98999977 126.69599915 0
v 8.95100021 126.11100006 0
v 8.98999977 126.30400085 0
v 8.80099964 125.74900055 0
v 8.2510004 127.8010025 0
v 8.41499996 127.69200134 0
v 8.69200039 127.41500092 0
v 8.80099964 127.25099945 0
v 8.56200027 127.56199646 0
v 8.88799953 125.92500305 0
v -19.74900055 65.60099792 4
v -0.68199998 134.08399963 0
v -0.69099998 134.08399963 0
v 36.9980011 -157.6000061 0
v 39.56200027 -156.53799438 0
v 39.41500092 -156.40800476 0
v 47.07600021 -152.20100403 0
v 46.9070015 -137.92300415 0
v 37.00999832 -157.40400696 0
v 37.04899979 -157.21099854 0
v 37.11199951 -157.0249939 0
v 37.43799973 -156.53799438 0
v 37.43799973 -156.53799438 4
v 37.30799866 -156.68499756 0
v 37.58499908 -156.40800476 0
v 39.25099945 -156.29899597 0
v 39.07500076 -156.21200562 0
v 47.27000046 -159.2539978 0
v 39.99000168 -157.40400696 0
v 38.30400085 -156.11000061 0
v 39.07500076 -158.98800659 0
v 39.25099945 -158.90100098 0
v 38.11100006 -156.14900208 0
v 37.92499924 -156.21200562 0
v 39.95100021 -157.21099854 0
v 40.00299835 -157.6000061 0
v -19.01000023 64.4960022 4
v 38.69599915 -156.11000061 0
v 39.88800049 -158.17500305 0
v 38.88899994 -156.14900208 0
v -0.31200001 -116.67500305 0
v 39.69200134 -156.68499756 0
v -0.78500003 -117.29199982 0
v -0.949 -117.40100098 0
v 39.80099869 -156.84899902 0
v 37.58499908 -158.79200745 0
v 6.40299988 -169.80000305 0
v 37.43799973 -158.66200256 0
v 37.19900131 -158.35099792 0
v 37.30799866 -158.51499939 0
v 6.38999987 -169.60400391 0
v 6.35099983 -169.41099548 0
v -0.63800001 -115.03800201 0
v -0.50800002 -115.18499756 0
v -0.39899999 -115.34899902 0
v 37.11199951 -158.17500305 0
v -0.31200001 -115.52500153 0
v -0.249 -115.71099854 0
v 38.11100006 -159.05099487 0
v 37.92499924 -158.98800659 0
v 37.74900055 -158.90100098 0
v -0.78500003 -114.90799713 0
v -0.949 -114.7990036 0
v 87.62200165 -102.54199982 0
v 88.40000153 -105.94799805 0
v 84.1230011 -105.6269989 0
v 84.1230011 -106.01399994 0
v 39.69200134 -158.51499939 0
v 39.56200027 -158.66200256 0
v 39.41500092 -158.79200745 0
v 6.28800011 -169.2250061 0
v 6.20100021 -169.04899597 0
v 37.04899979 -157.98899841 0
v 83.9857254 -106.27951813 0
v 87.6269989 -109.35900116 0
v 37.00999832 -157.79600525 0
v 79.30799866 50.88499832 0
v 4.14900017 -171.10099792 0
v 4.32499981 -171.18800354 0
v 3.83800006 -170.86199951 0
v 3.9849999 -170.99200439 0
v 81.38200378 -98.38200378 0
v 3.70799994 -170.71499634 0
v 37.19900131 -156.84899902 0
v 3.59899998 -170.55099487 0
v 37.74900055 -156.29899597 0
v 39.99000168 -157.79600525 0
v 39.95100021 -157.98899841 0
v 4.51100016 -171.25100708 0
v 83.75598145 -105.06817627 0
v 39.80099869 -158.35099792 0
v 86.95300293 -101.44499969 0
v 85.86299896 -100.21600342 0
v 84.00700378 -99.08300018 0
v 6.09200001 -170.71499634 0
v 5.96199989 -170.86199951 0
v 5.81500006 -170.99200439 0
v 5.65100002 -171.10099792 0
v 5.4749999 -171.18800354 0
v 38.5 -156.0980072 0
v 5.28900003 -171.25100708 0
v 37.30799866 125.58499908 4
v 81.98999786 -105.9960022 0
v 82.00299835 -105.80000305 0
v 83.96199799 -105.91300201 0
v 83.84700012 -105.33499908 0
v 39.88800049 -157.0249939 0
v 81.98999786 -105.60399628 0
v 6.20100021 -170.55099487 0
v 3.41000009 -169.9960022 0
v 3.44899988 -170.18899536 0
v 79.11199951 -106.375 0
v 3.44899988 -169.41099548 0
v 3.51200008 -169.2250061 0
v 3.59899998 -169.04899597 0
v 79.1989975 -105.0490036 0
v 3.70799994 -168.88499451 0
v 3.83800006 -168.73800659 0
v 3.9849999 -168.60800171 0
v 4.14900017 -168.49899292 0
v 79.58499908 -104.60800171 0
v 4.32499981 -168.41200256 0
v 4.51100016 -168.34899902 0
v 4.704 -168.30999756 0
v 4.9000001 -168.29800415 0
v 5.09600019 -168.30999756 0
v 6.09200001 -168.88499451 0
v 5.96199989 -168.73800659 0
v 5.81500006 -168.60800171 0
v 55.76300049 59.56700134 4
v 73.18800354 43.34700012 4
v 71.65699768 59.54700089 4
v 79.43800354 -104.73799896 0
v 79.0490036 -105.41100311 0
v 79.01000214 -105.60399628 0
v 78.9980011 -105.80000305 0
v 79.01000214 -105.9960022 0
v 72.68900299 42.82899857 4
v 72.26300049 41.78099823 4
v 74.07900238 43.76300049 4
v 72.43099976 42.45999908 4
v 71.86499786 36.09899902 4
v 71.83901978 34.83901978 4
v 79.42311859 44.07117081 4
v 6.35099983 -170.18899536 0
v 6.28800011 -170.375 0
v 6.38999987 -169.9960022 0
v 37.04899979 126.11100006 4
v 81.25099945 53.10100174 4
v 81.41500092 52.99200058 4
v 4.704 -171.28999329 0
v 4.9000001 -171.30299377 0
v 5.09600019 -171.28999329 0
v 3.41000009 -169.60400391 0
v 3.51200008 -170.375 0
v 81.98999786 51.99599838 4
v 81.9509964 52.18899918 4
v -0.50800002 -117.01499939 4
v -0.39899999 -116.85099792 4
v 87.04799652 -110.2990036 0
v -0.949 -117.40100098 4
v 81.9509964 -106.18900299 0
v 3.70799994 -168.88499451 4
v 3.83800006 -168.73800659 4
v 81.8010025 51.04899979 4
v 80.69599915 50.31000137 4
v 80.5 50.29800034 4
v 81.22384644 44.22385025 4
v 52.72100067 59.61700058 4
v 50.6269989 59.71099854 4
v 48.4679985 60.11899948 4
v 80.30400085 53.29000092 4
v 80.5 53.3030014 4
v 82.00299835 51.79999924 4
v 81.98999786 51.60400009 4
v 81.9509964 51.4109993 4
v 81.56199646 52.86199951 4
v 81.69200134 52.71500015 4
v 81.07499695 53.18799973 4
v -0.39899999 -115.34899902 4
v -0.31200001 -115.52500153 4
v -0.20999999 -115.90399933 4
v 81.41500092 50.60800171 4
v 81.25099945 50.49900055 4
v 83.74199677 44.89799881 4
v -0.20999999 -116.29599762 4
v -0.50800002 -115.18499756 4
v 49.27899933 59.87799835 4
v 47.98899841 60.45800018 4
v 79.74900055 53.10100174 4
v 79.92500305 53.18799973 4
v 39.07500076 -156.21200562 4
v -0.249 -116.48899841 4
v -0.31200001 -116.67500305 4
v 80.11100006 53.25099945 4
v -0.249 -115.71099854 4
v -0.949 -114.7990036 4
v -0.78500003 -114.90799713 4
v 71.81500244 -76.16799927 4
v 79.58499908 50.60800171 4
v 79.74900055 50.49900055 4
v -0.198 -116.09999847 4
v 79.30799866 50.88499832 4
v 79.43800354 50.73799896 4
v 72.15000153 -95.97399902 4
v 72.31500244 -96.40799713 4
v 72.68699646 -97.01799774 4
v 73.49700165 -97.51399994 4
v 79.1989975 51.04899979 4
v 80.11100006 50.34899902 4
v 79.92500305 50.41199875 4
v 78.68199921 44.00999832 4
v 38.34500122 -91.53099823 4
v 71.90499878 -84.40499878 4
v 39.29800034 -94.48799896 4
v 39.29899979 -95.81600189 4
v 81.88800049 51.22499847 4
v 39.25099945 96.49900055 0
v 39.41500092 96.60800171 0
v 46.50999832 85.05599976 0
v 47.96900177 -114.12999725 4
v 75 -97.79331207 4
v 81.07499695 50.41199875 4
v 80.88899994 50.34899902 4
v 81.56199646 50.73799896 4
v 81.20200348 44.2179985 4
v 80.30400085 50.31000137 4
v 71.97720337 -88.97720337 4
v 79.11199951 51.22499847 4
v 47.25299835 -115.9980011 4
v 38.35499954 -97.85099792 4
v 38.11100006 96.34899902 0
v 37.92499924 96.41200256 0
v 3.83800006 -170.86199951 4
v 3.9849999 -170.99200439 4
v 79.01000214 51.60400009 4
v 79.0490036 51.4109993 4
v 71.57299805 -113.85199738 4
v 78.9980011 51.79999924 4
v 3.70799994 -170.71499634 4
v 88.40000153 -105.94799805 4
v 84.1230011 -105.6269989 4
v 84.1230011 -106.01399994 4
v 37.74900055 96.49900055 0
v 79.1989975 52.55099869 4
v 79.30799866 52.71500015 4
v 3.41000009 -169.9960022 4
v 3.44899988 -170.18899536 4
v 86.95300293 -101.44499969 4
v 83.75598145 -105.06817627 4
v 87.62200165 -102.54199982 4
v 85.86299896 -100.21600342 4
v 37.30799866 96.88500214 0
v 37.19900131 97.0490036 0
v 79.11199951 52.375 4
v 79.58499908 52.99200058 4
v 79.43800354 52.86199951 4
v 38.69599915 96.30999756 0
v 87.6269989 -109.35900116 4
v 4.14900017 -171.10099792 4
v 4.32499981 -171.18800354 4
v 39.56200027 96.73799896 0
v 39.07500076 96.41200256 0
v 38.88899994 96.34899902 0
v 5.96199989 -170.86199951 4
v 6.09200001 -170.71499634 4
v 39.69200134 96.88500214 0
v 81.8010025 52.55099869 4
v 84.00700378 -99.08300018 4
v 5.81500006 -170.99200439 4
v 5.65100002 -171.10099792 4
v 81.88800049 52.375 4
v 5.4749999 -171.18800354 4
v 37.43799973 96.73799896 0
v 37.58499908 96.60800171 0
v 38.30400085 96.30999756 0
v 38.5 96.29799652 0
v 46.58499908 76.55999756 0
v 5.09600019 -171.28999329 4
v 5.28900003 -171.25100708 4
v 4.9000001 -171.30299377 4
v 6.35099983 -170.18899536 4
v 6.38999987 -169.9960022 4
v 80.69599915 53.29000092 4
v 81.38200378 -98.38200378 4
v 80.7371521 -98.30400085 4
v 6.20100021 -170.55099487 4
v 79.30799866 -104.88500214 4
v 80.88899994 53.25099945 4
v 3.9849999 -168.60800171 4
v 39.69200134 98.71499634 4
v 39.80099869 98.5510025 4
v 79.01000214 51.99599838 4
v 79.0490036 52.18899918 4
v 4.14900017 -168.49899292 4
v 3.51200008 -169.2250061 4
v 3.59899998 -169.04899597 4
v 4.32499981 -168.41200256 4
v 4.51100016 -168.34899902 4
v 4.704 -168.30999756 4
v 46.79999924 69.04699707 0
v 5.09600019 -168.30999756 4
v 5.28900003 -168.34899902 4
v 4.9000001 -168.29800415 4
v 8.69200039 125.58499908 4
v 5.4749999 -168.41200256 4
v -11.42399979 1.52600002 0
v 8.41499996 127.69200134 4
v 8.2510004 127.8010025 4
v -10.85999966 -0.048 0
v -8.10499954 -4.94700003 0
v -10.09899998 -1.69599998 0
v 39.07500076 99.18800354 4
v 39.25099945 99.10099792 4
v 8.56200027 127.56199646 4
v 8.69200039 127.41500092 4
v 8.88799953 127.07499695 4
v 8.80099964 127.25099945 4
v 8.98999977 126.69599915 4
v 47.29999924 61.39799881 4
v 6.28800011 -170.375 4
v 8.95100021 126.88899994 4
v 8.88799953 125.92500305 4
v 8.41499996 125.30799866 4
v 81.98999786 -105.60399628 4
v 81.9509964 -105.41100311 4
v 4.704 -171.28999329 4
v 4.51100016 -171.25100708 4
v 3.59899998 -170.55099487 4
v 3.51200008 -170.375 4
v 8.07499981 125.11199951 4
v 8.2510004 125.1989975 4
v 37.11199951 97.22499847 4
v 3.398 -169.80000305 4
v 3.41000009 -169.60400391 4
v 3.44899988 -169.41099548 4
v 37.58499908 98.99199677 4
v 37.43799973 98.86199951 4
v 82.00299835 -105.80000305 4
v 81.98999786 -105.9960022 4
v 83.96199799 -105.91300201 4
v 81.9509964 -106.18900299 4
v 83.84700012 -105.33499908 4
v 37.74900055 99.10099792 4
v 37.92499924 99.18800354 4
v 38.11100006 99.25099945 4
v 38.30400085 99.29000092 4
v 38.5 99.3030014 4
v 37.30799866 98.71499634 4
v 78.9980011 -105.80000305 4
v 79.01000214 -105.60399628 4
v 38.69599915 99.29000092 4
v 38.88899994 99.25099945 4
v 79.58499908 -104.60800171 4
v 79.43800354 -104.73799896 4
v 47.10499954 -118.03399658 4
v 39.88800049 98.375 4
v 39.95100021 98.18900299 4
v -11.73400021 3.22799993 4
v 39.41500092 98.99199677 4
v 39.56200027 98.86199951 4
v 39.99000168 97.9960022 4
v 37.74900055 66.39900208 0
v 37.58499908 66.50800323 0
v 37.19900131 98.5510025 4
v 37.11199951 98.375 4
v -10.85999966 -0.048 4
v 79.0490036 -105.41100311 4
v 79.11199951 -105.22499847 4
v 79.1989975 -105.0490036 4
v 39.00500107 -97.57299805 4
v -9.68200016 -119.5039978 4
v -0.63800001 -115.03800201 4
v 39.25699997 -96.84600067 4
v 8.07499981 127.88800049 4
v 36.23300171 -97.89900208 4
v 40.00299835 97.80000305 4
v 46.5719986 93.54499817 4
v 37.43099976 -97.89800262 4
v 37.04899979 97.41100311 4
v 37.00999832 97.60399628 4
v -9.68200016 -119.5039978 0
v 37.04899979 98.18900299 4
v -2.45099998 -117.40100098 0
v -2.2750001 -117.48799896 0
v 3.398 -169.80000305 0
v 39.99000168 97.60399628 4
v 39.95100021 97.41100311 4
v 39.88800049 97.22499847 4
v 37.00999832 97.9960022 4
v 36.9980011 97.80000305 4
v 37.92499924 66.31199646 0
v 38.11100006 66.24900055 0
v 38.30400085 66.20999908 0
v -2.08899999 -117.5510025 0
v -2.2750001 -117.48799896 4
v -2.08899999 -117.5510025 4
v 46.50999832 85.05599976 4
v 46.58499908 76.55999756 4
v 46.79999924 69.04699707 4
v 38.30400085 96.30999756 4
v 37.92499924 96.41200256 4
v 38.11100006 96.34899902 4
v 37.74900055 96.49900055 4
v 37.58499908 96.60800171 4
v 39.41500092 96.60800171 4
v 39.25099945 96.49900055 4
v 39.07500076 96.41200256 4
v 39.69200134 96.88500214 4
v 39.80099869 97.0490036 4
v 39.56200027 96.73799896 4
v 38.88899994 96.34899902 4
v 38.69599915 96.30999756 4
v 37.43799973 96.73799896 4
v 38.5 96.29799652 4
v 38.11100006 66.24900055 4
v 37.74900055 66.39900208 4
v 37.92499924 66.31199646 4
vn 0 0 -1
vn 0.94714 0.32081 0
vn 0.83283 0.55353 0
vn 0.89646 0.44313 0
vn 0 0 1
vn 0.89646 -0.44313 0
vn 0.83283 -0.55353 0
vn 0.55353 -0.83283 0
vn -0.06111 -0.99813 0
vn 0.44313 -0.89646 0
vn -0.19807 -0.98019 0
vn -0.83283 0.55353 0
vn -0.74909 0.66246 0
vn 0.98019 0.19807 0
vn -0.19807 0.98019 0
vn -0.06618 0.99781 0
vn -0.44313 -0.89646 0
vn -0.55353 -0.83283 0
vn -0.66246 -0.74909 0
vn -0.74909 -0.66246 0
vn -0.83283 -0.55353 0
vn -0.89646 -0.44313 0
vn 0.55353 0.83283 0
vn -0.94714 -0.32081 0
vn 0.66246 0.74909 0
vn 0.74909 0.66246 0
vn -0.89646 0.44313 0
vn 0.32081 -0.94714 0
vn 0.19807 -0.98019 0
vn 0.06111 -0.99813 0
vn -0.98485 0.17341 0
vn -0.32081 -0.94714 0
vn 0.99781 0.06618 0
vn 0.99781 -0.06618 0
vn -0.98598 0.16683 0
vn 0.98019 -0.19807 0
vn -0.98739 0.15831 0
vn -0.99228 0.12403 0
vn 0.94714 -0.32081 0
vn 0.99813 -0.06111 0
vn -0.99727 0.07387 0
vn -0.99995 -0.00976 0
vn -0.99941 0.03423 0
vn 0.74909 -0.66246 0
vn -0.9988 -0.04888 0
vn 0.06618 0.99781 0
vn 0.66246 -0.74909 0
vn -0.66246 0.74909 0
vn -0.99168 -0.12871 -0.00092
vn -0.99534 -0.0964 0
vn -0.32081 0.94714 0
vn 0.44313 0.89646 0
vn -0.99173 -0.12833 0
vn 0.19807 0.98019 0
vn 0.32081 0.94714 0
vn -0.99059 -0.1369 0
vn -0.9881 -0.15381 0
vn -0.98562 -0.16896 0
vn -0.98019 -0.19807 0
vn -0.99781 -0.06618 0
vn 0.06111 0.99813 0
vn -0.55353 0.83283 0
vn -0.44313 0.89646 0
vn 0.86416 -0.50322 0
vn 0.67607 -0.73684 0
vn -0.00212 -1 0
vn 0.99813 0.06111 0
vn -0.06111 0.99813 0
vn -0.99781 0.06618 0
vn -0.98019 0.19807 0
vn -0.94714 0.32081 0
vn 0.06618 -0.99781 0
vn -0.06618 -0.99781 0
vn -0.44883 -0.89362 0
vn -0.37756 -0.92598 0
vn -0.53678 -0.84372 0
vn 0.74448 0.66764 0
vn 0.56574 -0.82458 0
vn 0.91747 -0.3978 0
vn 0.98658 -0.16326 0
vn 0.99624 -0.08663 0
vn 0.98925 0.14623 0
vn 0.23692 -0.97153 0
vn -0.17821 -0.98399 0
vn 0.12859 -0.9917 0
vn 0.93302 0.35981 0
vn 0.88189 0.47145 0
vn 0.84069 0.54152 0
vn -0.60196 -0.79853 0
vn -0.66053 -0.7508 0
vn -0.70432 -0.70989 0
vn -0.74562 -0.66637 0
vn 0.29981 0.954 0
vn -0.96655 -0.25649 0
vn -0.90082 -0.43418 0
vn -0.6469 0.76258 0
vn -0.98773 0.15615 0
vn -0.98808 -0.15395 0
vn -0.00084 1 0
vn -0.18157 0.98338 0
vn -0.84425 -0.53596 0
vn -0.78915 -0.6142 0
vn 0.46256 0.88659 0
vn 0.64162 0.76703 0
vn 0.57243 0.81995 0
vn -0.44904 -0.89351 0
vn -0.54143 -0.84074 0
vn 0.80105 0.5986 0
vn 0.7605 0.64934 0
vn 0.72448 0.6893 0
vn -0.61716 -0.78684 0
vn -0.68396 -0.72952 0
vn -0.73846 -0.67429 0
vn -0.79167 -0.61095 0
vn 0.53301 0.84611 0
vn 0.4539 0.89105 0
vn 0.35317 0.93556 0
vn 0.59345 0.80487 0
vn -0.9373 -0.34853 0
vn 0.195 0.9808 0
vn -0.08264 0.99658 0
vn -0.85398 -0.5203 0
vn -0.4668 0.88436 0
vn -0.84031 0.5421 0
vn -0.99987 -0.01624 0
vn 0.68833 0.7254 0
vn 0.64723 0.7623 0
vn 0.10459 -0.99452 0
vn 0.18723 -0.98232 0
vn 0.45401 -0.891 0
vn 0.86201 -0.50689 0
vn 0.97837 -0.20688 0
vn 0.99657 -0.08271 0
vn -0.25021 -0.96819 0
vn 0.98976 0.14274 0
vn -0.45388 -0.89107 0
vn 0.7126 -0.70157 0
vn 0.82429 -0.56617 0
vn 0.99438 -0.10586 0
vn 0.95682 0.29068 0
vn 0.92341 0.38381 0
vn 0.90835 0.4182 0
vn 0.68334 0.7301 0
vn 0.84106 0.54094 0
vn 0.80738 0.59003 0
vn 0.77129 0.63649 0
vn -0.72611 -0.68758 0
vn -0.69205 -0.72185 0
vn -0.656 -0.75476 0
vn -0.58741 -0.80929 0
vn 0.73845 0.67431 0
vn 0.69193 0.72197 0
vn 0.48021 -0.87715 0
vn 0.2558 -0.96673 0
vn 0.12261 -0.99246 0
vn 0.05459 -0.99851 0
vn 0.26293 0.96481 0
vn 0.43388 0.90097 0
vn 0.10493 0.99448 0
vn 0.65833 0.75273 0
vn 0.59496 0.80376 0
vn -0.78302 -0.622 0
vn -0.99813 0.06111 0
vn 0.47173 0.88174 0
vn 0.94001 -0.34114 0
vn 0.99972 0.02386 0
vn 0.69958 0.71455 0
vn 0.02622 0.99966 0
vn 0.80273 0.59634 0
vn 0.00255 1 0
vn 0.97477 -0.22319 0
vn 0.96394 0.26611 0
vn 0.82949 0.55851 0
vn 0.96123 0.27573 0
vn 0.55411 0.83244 0
vn 0.85334 -0.52136 0
vn 0.10635 0.99433 0
vn 0.75071 -0.66063 0
vn 0.69436 0.71963 0
vn 0.05146 0.99868 0
vn -0.34747 -0.93769 0
vn 0.02259 0.99974 0
vn 0.00838 0.99996 0
vn 0.81147 -0.58439 0
vn 0.06844 -0.99766 0
vn 0.15664 -0.98766 0
vn 0.30754 -0.95153 0
vn 0.51304 -0.85837 0
vn 0.69061 -0.72322 0
vn 0.77747 -0.62892 0
vn 0.25279 0.96752 0
vn 0.48138 0.87651 0
vn 0.11034 0.99389 0
vn 0.04309 0.99907 0
vn -0.99813 -0.06111 0
vn -0.99143 -0.13065 0.00162
vn 0.89451 0.44705 0
vn -0.99136 -0.13108 0.00503
vn 0.45108 0.89248 0
vn 0.36865 0.92957 0
vn -0.99128 -0.13174 0.0001
vn 0.20924 0.97786 0
vn 0.0914 0.99581 0
vn 0.67379 0.73892 0
vn 0.03793 0.99928 0
vn 0.00552 0.99998 0
vn 0.0158 0.99988 0
vn 0.00404 -0.99999 0
vn 0.02509 -0.99969 0
vn 0.03358 -0.99944 0
vn 0.8226 -0.56861 0
vn 0.20644 -0.97846 0
vn 0.65223 -0.75802 0
vn 0.99797 -0.06365 0
vn 0.99963 -0.02715 0
vn 0.29036 0.95692 0
vn -0.01205 0.99993 0
vn -0.02249 0.99975 0
vn -0.04266 0.99909 0
vn -0.08687 0.99622 0
vn -0.13761 0.99049 0
vn -0.77697 0.62953 0
vn -0.9801 0.1985 0
vn -0.98217 0.18797 0
vn -0.98321 0.1825 0
vn -0.984 0.17818 0
vn 0.53776 -0.8431 0
vn -1 0 0
vn 0.97489 0.22268 0
vn 0.85376 0.52066 0
vn 0.74815 0.66353 0
vn 0.52104 0.85353 0
vn 0.85144 -0.52445 0
vn 0.97527 -0.22102 0
vn 0.25861 -0.96598 0
vn 0.01281 0.99992 0
vn 0.70711 -0.70711 0
vn 0.00126 1 0
vn 0.70711 0.70711 0
vn 0.25801 0.96614 0
vn 0.99979 -0.02061 0
vn 1 -0.00011 0
vn 1 -3E-05 0.00078
vn 0.99996 -0.0092 0
vn 0.99999 -0.00366 0
vn 0.57769 0.81626 0
vn 0.28485 0.95857 0
vn 0.80654 0.59118 0
vn 0.12295 0.99241 0
vn 0.04484 0.99899 0
vn 0.01644 0.99986 0
vn 0.01643 0.99986 -0
vn 0.00126 1 -0
vn -0.0002 1 -0.00151
vn -3E-05 1 0
vn 1 0.00157 -0.00095
vn 1 0.00188 -0.00215
vn 0.99999 0.00383 0.00105
vn 0.99999 0.00453 -0.00112
vn 0.99995 0.00815 0.00571
vn 0.99997 0.00755 0.00329
vn 0.99994 0.01093 0
vn 0.99988 0.01579 0
vn 0.02504 -0.99969 0
vn 0.01178 -0.99993 0
vn 0.99737 -0.0725 0
vn 0.93376 -0.35791 0
vn 0.99952 -0.03111 0
vn 0.99997 -0.00794 0
vn 1 0.00291 0
vn 0.99993 0.01184 0
vn 0.99962 0.0275 0
vn 0.99613 0.08789 0
vn -0.86866 -0.49541 0
vn -0.94485 0.32751 0
vn -0.99917 0.04074 0
vn 0.00624 -0.99998 0
vn -1 -0.00075 0
vn 0.40728 -0.9133 0
vn -0.95179 -0.30675 0
vn 0.82309 -0.56791 0
vn -0.00083 1 0
vn 0.99207 -0.12572 0
vn -0.0508 0.99871 0
vn 0.98381 0.17919 0
vn -0.39324 0.91944 0
vn 0.94139 0.33732 0
vn -0.24216 -0.97024 0
vn 0.90788 0.41923 0
vn 0.85243 0.52284 0
vn 0.7991 0.6012 0
vn -0.00367 -0.99999 0
vn -0.99098 -0.13404 0
vn -0.99117 -0.13261 0
vn -0.99116 -0.13267 0.00111
vn -0.88831 0.45925 0
vn 0.99791 0.0646 0
vn -0.83585 -0.54896 0
vn 0.98078 0.19514 0
vn 0.94645 0.32285 0
vn -0.00302 0.99996 -0.00848
vn 0 0.99989 -0.01475
vn -0.00522 0.99998 0.00448
vn 0 1 0
vn -0.00709 0.99997 -1E-05
vn 0.99997 -0.0073 0
vn 0.99996 0.00883 0
vn 0.99959 0.02861 0
vn 0.99787 0.06523 0
f 1//1 2//1 3//1
f 4//1 5//1 6//1
f 7//1 8//1 9//1
f 7//1 9//1 10//1
f 3//1 2//1 10//1
f 11//2 12//2 13//2
f 14//3 15//3 16//3
f 17//4 15//4 14//4
f 18//1 19//1 20//1
f 21//1 22//1 23//1
f 24//1 25//1 26//1
f 27//1 28//1 29//1
f 28//1 9//1 29//1
f 30//5 31//5 32//5
f 33//1 34//1 35//1
f 26//1 36//1 37//1
f 38//5 31//5 30//5
f 39//1 40//1 41//1
f 42//5 31//5 38//5
f 43//1 29//1 9//1
f 44//1 45//1 46//1
f 47//1 48//1 45//1
f 49//6 50//6 51//6
f 52//5 31//5 42//5
f 32//5 31//5 53//5
f 54//1 43//1 9//1
f 29//1 23//1 22//1
f 55//5 31//5 52//5
f 56//7 50//7 49//7
f 57//5 58//5 59//5
f 60//1 61//1 62//1
f 63//1 64//1 65//1
f 66//5 53//5 67//5
f 68//8 69//8 70//8
f 39//1 41//1 71//1
f 71//1 72//1 61//1
f 73//9 74//9 75//9
f 76//10 69//10 68//10
f 77//11 74//11 73//11
f 78//12 79//12 80//12
f 81//5 82//5 83//5
f 83//5 82//5 84//5
f 85//5 57//5 59//5
f 86//5 85//5 87//5
f 88//5 89//5 90//5
f 80//13 79//13 91//13
f 92//5 93//5 94//5
f 95//1 61//1 72//1
f 95//1 62//1 61//1
f 96//5 90//5 89//5
f 97//2 98//2 99//2
f 71//1 41//1 72//1
f 100//14 98//14 97//14
f 101//5 102//5 103//5
f 102//5 104//5 103//5
f 33//1 105//1 106//1
f 33//1 106//1 34//1
f 41//1 40//1 34//1
f 40//1 35//1 34//1
f 107//15 108//15 109//15
f 109//16 108//16 110//16
f 93//5 111//5 94//5
f 112//1 113//1 114//1
f 115//1 113//1 112//1
f 116//1 114//1 117//1
f 118//1 119//1 115//1
f 120//5 121//5 90//5
f 122//1 119//1 118//1
f 105//1 23//1 106//1
f 123//5 124//5 125//5
f 126//10 127//10 128//10
f 23//1 129//1 130//1
f 130//1 106//1 23//1
f 131//5 123//5 125//5
f 132//17 133//17 134//17
f 135//1 116//1 136//1
f 137//18 138//18 134//18
f 137//18 134//18 133//18
f 117//1 136//1 116//1
f 138//19 137//19 139//19
f 140//19 139//19 137//19
f 139//20 140//20 141//20
f 139//20 141//20 142//20
f 143//21 144//21 141//21
f 142//21 141//21 144//21
f 144//22 143//22 145//22
f 144//22 145//22 146//22
f 147//23 148//23 149//23
f 145//24 150//24 146//24
f 148//25 147//25 151//25
f 148//25 151//25 152//25
f 152//26 151//26 153//26
f 154//26 153//26 151//26
f 117//1 114//1 113//1
f 155//27 156//27 157//27
f 158//3 159//3 153//3
f 158//3 153//3 154//3
f 158//4 13//4 12//4
f 160//1 161//1 162//1
f 163//1 162//1 164//1
f 161//1 164//1 162//1
f 165//1 166//1 163//1
f 167//1 166//1 165//1
f 168//1 166//1 167//1
f 162//1 135//1 160//1
f 136//1 160//1 135//1
f 169//28 170//28 128//28
f 169//28 128//28 171//28
f 170//29 169//29 172//29
f 173//29 172//29 169//29
f 174//1 175//1 176//1
f 159//4 158//4 12//4
f 177//5 178//5 179//5
f 172//30 173//30 75//30
f 172//30 75//30 180//30
f 164//1 165//1 163//1
f 74//9 180//9 75//9
f 11//2 181//2 12//2
f 77//11 182//11 74//11
f 183//31 184//31 185//31
f 186//14 187//14 181//14
f 186//14 181//14 11//14
f 188//32 132//32 182//32
f 188//32 182//32 77//32
f 187//33 186//33 189//33
f 187//33 189//33 190//33
f 188//17 133//17 132//17
f 190//34 189//34 191//34
f 192//34 191//34 189//34
f 193//31 184//31 183//31
f 125//35 193//35 4//35
f 183//35 4//35 193//35
f 194//36 195//36 191//36
f 194//36 191//36 192//36
f 4//37 6//37 131//37
f 4//37 131//37 125//37
f 196//25 197//25 198//25
f 6//38 199//38 200//38
f 6//38 200//38 131//38
f 195//39 194//39 201//39
f 51//39 201//39 194//39
f 202//40 203//40 204//40
f 205//40 204//40 203//40
f 206//26 198//26 197//26
f 50//6 201//6 51//6
f 207//36 208//36 204//36
f 207//36 204//36 205//36
f 209//1 210//1 211//1
f 212//41 200//41 213//41
f 199//41 213//41 200//41
f 56//7 214//7 50//7
f 215//1 210//1 209//1
f 216//42 217//42 218//42
f 216//42 218//42 219//42
f 208//39 207//39 220//39
f 216//43 212//43 217//43
f 213//43 217//43 212//43
f 221//44 222//44 214//44
f 221//44 214//44 56//44
f 63//45 219//45 218//45
f 223//46 224//46 225//46
f 226//1 210//1 215//1
f 227//1 174//1 228//1
f 229//1 228//1 174//1
f 230//1 229//1 174//1
f 231//1 174//1 232//1
f 233//1 210//1 226//1
f 234//44 235//44 236//44
f 113//1 115//1 119//1
f 119//1 122//1 237//1
f 238//1 237//1 122//1
f 235//47 234//47 239//47
f 240//8 241//8 239//8
f 237//1 238//1 242//1
f 243//1 244//1 245//1
f 245//1 242//1 238//1
f 222//47 221//47 246//47
f 70//47 246//47 221//47
f 247//1 210//1 248//1
f 249//13 250//13 251//13
f 69//8 246//8 70//8
f 248//1 210//1 233//1
f 251//48 250//48 252//48
f 76//10 253//10 69//10
f 254//39 255//39 256//39
f 177//49 65//49 257//49
f 63//45 258//45 219//45
f 255//6 254//6 259//6
f 63//50 65//50 179//50
f 63//50 179//50 258//50
f 241//10 240//10 260//10
f 261//51 262//51 263//51
f 263//15 262//15 264//15
f 265//28 266//28 260//28
f 267//5 268//5 269//5
f 110//46 270//46 271//46
f 110//46 271//46 272//46
f 264//16 223//16 225//16
f 273//44 274//44 275//44
f 276//29 277//29 265//29
f 278//52 279//52 280//52
f 281//47 282//47 273//47
f 281//47 273//47 275//47
f 196//23 283//23 284//23
f 280//23 284//23 283//23
f 285//51 286//51 107//51
f 285//51 107//51 287//51
f 283//25 196//25 198//25
f 282//8 281//8 288//8
f 65//53 177//53 179//53
f 287//15 107//15 109//15
f 206//26 289//26 198//26
f 290//11 291//11 292//11
f 109//16 110//16 272//16
f 293//3 294//3 289//3
f 293//3 289//3 206//3
f 295//5 111//5 296//5
f 294//4 293//4 99//4
f 297//1 298//1 2//1
f 298//1 299//1 2//1
f 225//46 224//46 300//46
f 301//1 257//1 302//1
f 300//54 224//54 303//54
f 300//54 303//54 304//54
f 253//28 76//28 305//28
f 306//28 305//28 76//28
f 307//28 308//28 309//28
f 310//28 309//28 308//28
f 62//1 311//1 60//1
f 304//55 303//55 279//55
f 304//55 279//55 278//55
f 312//29 313//29 305//29
f 312//29 305//29 306//29
f 314//1 315//1 257//1
f 310//29 308//29 316//29
f 317//30 318//30 312//30
f 313//30 312//30 318//30
f 319//5 320//5 321//5
f 322//1 314//1 257//1
f 284//52 280//52 279//52
f 318//9 317//9 323//9
f 324//9 323//9 317//9
f 325//1 163//1 166//1
f 326//5 327//5 328//5
f 329//5 321//5 330//5
f 321//5 329//5 319//5
f 156//27 331//27 157//27
f 332//1 166//1 168//1
f 333//1 334//1 65//1
f 335//11 336//11 323//11
f 335//11 323//11 324//11
f 337//20 338//20 339//20
f 336//32 335//32 340//32
f 335//32 341//32 340//32
f 342//56 343//56 344//56
f 342//56 344//56 345//56
f 346//57 347//57 348//57
f 346//57 348//57 349//57
f 339//21 338//21 350//21
f 64//1 63//1 351//1
f 344//58 346//58 349//58
f 344//58 349//58 345//58
f 311//1 352//1 60//1
f 330//40 229//40 329//40
f 353//1 60//1 352//1
f 296//5 111//5 354//5
f 355//59 356//59 357//59
f 358//1 325//1 166//1
f 249//12 359//12 331//12
f 157//12 331//12 359//12
f 357//60 356//60 360//60
f 361//1 2//1 299//1
f 359//13 249//13 251//13
f 252//48 362//48 251//48
f 363//61 364//61 365//61
f 366//19 367//19 368//19
f 362//62 252//62 369//62
f 362//62 369//62 370//62
f 367//20 366//20 371//20
f 261//63 372//63 369//63
f 370//63 369//63 372//63
f 373//5 374//5 375//5
f 372//51 261//51 263//51
f 376//64 377//64 378//64
f 376//65 379//65 380//65
f 376//65 380//65 377//65
f 166//1 381//1 382//1
f 263//15 264//15 383//15
f 384//1 166//1 382//1
f 385//1 166//1 384//1
f 379//66 386//66 380//66
f 383//16 264//16 225//16
f 387//24 388//24 389//24
f 390//1 353//1 381//1
f 391//1 381//1 392//1
f 393//1 382//1 381//1
f 394//25 395//25 396//25
f 397//1 398//1 353//1
f 389//59 388//59 399//59
f 395//26 394//26 400//26
f 16//26 400//26 394//26
f 352//1 397//1 353//1
f 398//1 381//1 353//1
f 392//1 381//1 398//1
f 401//1 402//1 403//1
f 15//3 400//3 16//3
f 404//1 166//1 385//1
f 17//4 405//4 15//4
f 404//1 358//1 166//1
f 406//2 407//2 405//2
f 406//2 405//2 17//2
f 408//1 409//1 410//1
f 411//5 375//5 412//5
f 413//5 414//5 415//5
f 407//14 406//14 416//14
f 417//14 416//14 406//14
f 418//5 375//5 411//5
f 417//67 202//67 416//67
f 412//5 375//5 413//5
f 419//1 420//1 421//1
f 422//51 423//51 424//51
f 425//1 210//1 247//1
f 426//1 427//1 428//1
f 428//1 429//1 426//1
f 430//15 431//15 423//15
f 424//15 423//15 431//15
f 431//68 430//68 363//68
f 431//68 363//68 365//68
f 432//69 433//69 434//69
f 435//1 436//1 437//1
f 438//70 439//70 433//70
f 434//70 433//70 439//70
f 354//5 111//5 440//5
f 441//1 361//1 442//1
f 439//71 438//71 443//71
f 439//71 443//71 444//71
f 445//1 446//1 447//1
f 78//27 448//27 443//27
f 444//27 443//27 448//27
f 442//1 449//1 450//1
f 450//1 449//1 451//1
f 452//1 447//1 446//1
f 448//12 78//12 80//12
f 451//1 449//1 453//1
f 454//5 455//5 456//5
f 457//5 414//5 458//5
f 458//5 184//5 454//5
f 415//5 414//5 457//5
f 459//5 375//5 418//5
f 456//5 460//5 461//5
f 462//5 463//5 464//5
f 453//1 465//1 466//1
f 91//13 467//13 80//13
f 466//1 465//1 468//1
f 469//5 463//5 462//5
f 470//5 471//5 464//5
f 467//48 91//48 472//48
f 467//48 472//48 473//48
f 374//5 474//5 375//5
f 111//5 375//5 474//5
f 440//5 111//5 474//5
f 465//1 475//1 476//1
f 468//1 465//1 476//1
f 309//10 477//10 307//10
f 478//62 479//62 472//62
f 473//62 472//62 479//62
f 437//1 480//1 481//1
f 480//1 437//1 482//1
f 479//63 478//63 483//63
f 479//63 483//63 422//63
f 166//1 211//1 210//1
f 484//1 485//1 481//1
f 423//51 422//51 483//51
f 486//5 487//5 488//5
f 489//5 488//5 487//5
f 490//5 491//5 492//5
f 417//67 203//67 202//67
f 489//5 487//5 493//5
f 494//5 495//5 493//5
f 492//5 495//5 494//5
f 496//1 497//1 498//1
f 499//30 500//30 501//30
f 502//5 486//5 488//5
f 425//1 410//1 210//1
f 312//1 306//1 210//1
f 503//5 504//5 463//5
f 504//5 502//5 488//5
f 505//1 218//1 506//1
f 499//9 501//9 507//9
f 508//9 507//9 501//9
f 482//1 437//1 509//1
f 510//1 511//1 217//1
f 218//1 217//1 506//1
f 220//39 512//39 208//39
f 513//1 510//1 217//1
f 484//1 481//1 480//1
f 508//11 514//11 507//11
f 515//11 507//11 514//11
f 516//1 513//1 217//1
f 517//6 518//6 220//6
f 519//32 520//32 514//32
f 509//1 437//1 436//1
f 521//1 522//1 516//1
f 523//7 518//7 236//7
f 524//5 491//5 490//5
f 525//5 526//5 527//5
f 527//5 528//5 524//5
f 529//14 530//14 531//14
f 532//1 533//1 445//1
f 235//44 523//44 236//44
f 447//1 532//1 445//1
f 534//1 535//1 536//1
f 531//67 537//67 538//67
f 531//67 538//67 539//67
f 540//5 541//5 542//5
f 543//40 544//40 539//40
f 543//40 539//40 538//40
f 446//1 497//1 545//1
f 496//1 545//1 497//1
f 546//5 547//5 541//5
f 544//36 543//36 548//36
f 256//36 548//36 543//36
f 491//5 524//5 528//5
f 255//39 548//39 256//39
f 545//1 452//1 446//1
f 549//1 445//1 533//1
f 550//1 211//1 166//1
f 495//5 551//5 493//5
f 526//5 528//5 527//5
f 259//6 552//6 255//6
f 553//1 554//1 497//1
f 498//1 497//1 554//1
f 552//7 259//7 555//7
f 274//7 555//7 259//7
f 556//5 489//5 551//5
f 489//5 493//5 551//5
f 557//5 558//5 559//5
f 495//5 492//5 491//5
f 560//1 549//1 533//1
f 266//28 561//28 260//28
f 560//1 562//1 563//1
f 564//1 565//1 566//1
f 273//44 555//44 274//44
f 266//29 265//29 277//29
f 567//1 175//1 568//1
f 276//72 569//72 277//72
f 570//72 277//72 569//72
f 571//1 2//1 572//1
f 522//1 573//1 574//1
f 574//1 516//1 522//1
f 217//1 521//1 516//1
f 575//1 574//1 576//1
f 288//8 477//8 282//8
f 292//73 570//73 569//73
f 577//5 578//5 579//5
f 580//5 579//5 578//5
f 288//10 307//10 477//10
f 257//1 65//1 334//1
f 334//1 322//1 257//1
f 315//1 302//1 257//1
f 581//1 476//1 475//1
f 582//1 583//1 257//1
f 584//1 174//1 176//1
f 585//5 489//5 556//5
f 586//5 587//5 588//5
f 589//1 218//1 505//1
f 590//1 591//1 218//1
f 591//1 592//1 218//1
f 589//1 590//1 218//1
f 592//1 593//1 218//1
f 63//1 218//1 593//1
f 63//1 593//1 594//1
f 594//1 595//1 63//1
f 595//1 351//1 63//1
f 596//1 333//1 65//1
f 597//1 596//1 65//1
f 64//1 597//1 65//1
f 587//5 598//5 588//5
f 599//1 176//1 175//1
f 316//29 500//29 310//29
f 489//5 585//5 559//5
f 600//1 566//1 601//1
f 602//1 599//1 175//1
f 603//5 604//5 605//5
f 606//5 607//5 603//5
f 567//1 602//1 175//1
f 608//5 177//5 609//5
f 610//5 177//5 608//5
f 611//5 541//5 612//5
f 533//1 562//1 560//1
f 613//1 563//1 562//1
f 568//1 563//1 613//1
f 614//5 177//5 610//5
f 615//5 616//5 547//5
f 512//6 220//6 518//6
f 612//5 541//5 617//5
f 618//1 619//1 620//1
f 621//5 622//5 541//5
f 517//7 236//7 518//7
f 623//1 534//1 536//1
f 177//5 614//5 178//5
f 624//5 179//5 625//5
f 616//5 541//5 547//5
f 615//5 547//5 626//5
f 627//5 628//5 629//5
f 629//5 630//5 627//5
f 631//5 629//5 628//5
f 628//5 615//5 631//5
f 626//5 631//5 615//5
f 239//47 632//47 235//47
f 633//74 634//74 299//74
f 633//74 299//74 298//74
f 635//1 636//1 637//1
f 299//75 634//75 638//75
f 299//75 638//75 361//75
f 639//5 179//5 640//5
f 641//5 621//5 541//5
f 642//5 641//5 541//5
f 241//8 632//8 239//8
f 297//76 633//76 298//76
f 637//1 643//1 635//1
f 241//10 260//10 561//10
f 390//77 604//77 607//77
f 390//77 607//77 353//77
f 603//78 605//78 392//78
f 603//78 392//78 398//78
f 392//79 605//79 644//79
f 392//79 644//79 391//79
f 391//80 644//80 645//80
f 391//80 645//80 393//80
f 393//81 645//81 611//81
f 393//81 611//81 382//81
f 485//1 646//1 647//1
f 648//5 649//5 650//5
f 382//82 611//82 384//82
f 649//5 651//5 650//5
f 580//5 627//5 630//5
f 606//83 603//83 398//83
f 606//83 398//83 397//83
f 652//5 650//5 651//5
f 311//84 653//84 352//84
f 654//5 652//5 651//5
f 292//73 655//73 570//73
f 352//85 653//85 606//85
f 352//85 606//85 397//85
f 656//5 652//5 657//5
f 658//5 648//5 650//5
f 541//5 659//5 642//5
f 611//82 612//82 384//82
f 657//5 660//5 656//5
f 291//11 655//11 292//11
f 384//86 612//86 617//86
f 384//86 617//86 385//86
f 661//5 642//5 659//5
f 660//5 662//5 656//5
f 385//87 617//87 663//87
f 385//87 663//87 404//87
f 404//88 663//88 540//88
f 404//88 540//88 358//88
f 664//5 665//5 659//5
f 647//1 481//1 485//1
f 646//1 666//1 647//1
f 667//1 647//1 666//1
f 668//1 669//1 667//1
f 536//1 667//1 669//1
f 669//1 623//1 536//1
f 666//1 668//1 667//1
f 670//32 291//32 671//32
f 291//32 290//32 671//32
f 659//5 672//5 673//5
f 673//5 664//5 659//5
f 670//17 671//17 674//17
f 675//17 674//17 671//17
f 676//18 677//18 674//18
f 676//18 674//18 675//18
f 678//1 566//1 535//1
f 679//1 566//1 680//1
f 565//1 601//1 566//1
f 601//1 681//1 600//1
f 681//1 682//1 600//1
f 579//5 683//5 577//5
f 684//5 577//5 683//5
f 630//5 579//5 580//5
f 685//1 686//1 380//1
f 687//1 688//1 380//1
f 677//19 676//19 689//19
f 337//19 689//19 676//19
f 689//20 337//20 339//20
f 587//5 586//5 683//5
f 690//5 588//5 598//5
f 684//5 683//5 586//5
f 691//1 692//1 227//1
f 693//1 694//1 227//1
f 695//1 696//1 697//1
f 698//1 696//1 695//1
f 699//1 697//1 227//1
f 316//30 501//30 500//30
f 350//21 700//21 339//21
f 701//5 672//5 659//5
f 700//22 350//22 702//22
f 700//22 702//22 703//22
f 704//5 219//5 705//5
f 305//5 313//5 659//5
f 706//5 707//5 708//5
f 355//24 709//24 702//24
f 703//24 702//24 709//24
f 709//59 355//59 357//59
f 357//60 360//60 432//60
f 515//32 514//32 520//32
f 433//69 432//69 360//69
f 520//17 519//17 710//17
f 711//17 710//17 519//17
f 712//1 713//1 435//1
f 436//1 435//1 713//1
f 699//1 227//1 694//1
f 714//32 715//32 716//32
f 710//18 711//18 717//18
f 368//18 717//18 711//18
f 693//1 227//1 692//1
f 435//1 378//1 718//1
f 719//5 720//5 707//5
f 367//19 717//19 368//19
f 563//1 568//1 175//1
f 227//1 721//1 174//1
f 228//1 691//1 227//1
f 722//5 720//5 719//5
f 371//20 723//20 367//20
f 724//1 174//1 721//1
f 227//1 697//1 696//1
f 725//1 718//1 378//1
f 726//5 720//5 727//5
f 728//1 729//1 730//1
f 723//21 371//21 731//21
f 723//21 731//21 732//21
f 718//1 712//1 435//1
f 387//22 733//22 731//22
f 732//22 731//22 733//22
f 721//1 730//1 724//1
f 734//15 735//15 461//15
f 736//1 230//1 174//1
f 733//24 387//24 389//24
f 737//1 725//1 378//1
f 738//29 92//29 739//29
f 740//1 741//1 380//1
f 742//1 743//1 744//1
f 399//59 745//59 389//59
f 232//1 174//1 584//1
f 736//1 174//1 231//1
f 720//5 405//5 746//5
f 747//5 708//5 707//5
f 748//5 747//5 707//5
f 749//5 720//5 722//5
f 727//5 720//5 749//5
f 750//73 751//73 752//73
f 745//60 399//60 753//60
f 745//60 753//60 754//60
f 716//11 752//11 755//11
f 714//11 716//11 755//11
f 756//69 757//69 753//69
f 754//69 753//69 757//69
f 662//5 609//5 656//5
f 177//5 656//5 609//5
f 625//5 179//5 178//5
f 640//5 179//5 624//5
f 758//5 759//5 258//5
f 654//5 760//5 652//5
f 177//5 541//5 761//5
f 760//5 657//5 652//5
f 762//5 656//5 177//5
f 763//1 764//1 765//1
f 765//1 766//1 763//1
f 767//89 768//89 1//89
f 769//90 767//90 1//90
f 769//90 1//90 3//90
f 759//5 770//5 258//5
f 770//5 771//5 258//5
f 219//5 258//5 771//5
f 772//5 219//5 773//5
f 771//5 773//5 219//5
f 774//5 219//5 772//5
f 219//5 774//5 775//5
f 775//5 705//5 219//5
f 758//5 258//5 639//5
f 179//5 639//5 258//5
f 464//91 769//91 3//91
f 464//91 3//91 10//91
f 776//5 777//5 541//5
f 604//5 776//5 541//5
f 464//92 10//92 9//92
f 464//92 9//92 462//92
f 94//10 778//10 779//10
f 780//1 554//1 553//1
f 739//28 92//28 94//28
f 739//28 94//28 781//28
f 780//1 553//1 782//1
f 782//1 553//1 783//1
f 40//93 39//93 490//93
f 40//93 490//93 492//93
f 784//29 738//29 739//29
f 785//1 783//1 637//1
f 786//94 22//94 502//94
f 786//94 502//94 504//94
f 609//61 662//61 302//61
f 301//61 302//61 662//61
f 27//95 786//95 504//95
f 27//95 504//95 503//95
f 105//96 33//96 493//96
f 105//96 493//96 487//96
f 609//54 302//54 315//54
f 787//1 788//1 789//1
f 21//97 105//97 487//97
f 21//97 487//97 486//97
f 502//98 22//98 21//98
f 502//98 21//98 486//98
f 790//1 788//1 791//1
f 792//47 295//47 793//47
f 35//99 40//99 492//99
f 35//99 492//99 494//99
f 779//8 778//8 792//8
f 779//8 792//8 794//8
f 795//1 643//1 796//1
f 322//23 334//23 178//23
f 493//100 33//100 35//100
f 493//100 35//100 494//100
f 781//10 94//10 779//10
f 796//1 797//1 619//1
f 178//25 334//25 333//25
f 798//1 740//1 799//1
f 28//101 27//101 503//101
f 28//101 503//101 469//101
f 596//26 624//26 333//26
f 469//102 462//102 28//102
f 9//102 28//102 462//102
f 764//1 618//1 765//1
f 797//1 620//1 619//1
f 791//1 800//1 801//1
f 524//103 490//103 71//103
f 39//103 71//103 490//103
f 802//1 801//1 800//1
f 624//3 596//3 640//3
f 597//3 640//3 596//3
f 803//1 804//1 740//1
f 64//4 639//4 640//4
f 64//4 640//4 597//4
f 805//1 800//1 806//1
f 636//1 807//1 637//1
f 807//1 785//1 637//1
f 553//1 637//1 783//1
f 795//1 635//1 643//1
f 61//104 60//104 808//104
f 61//104 808//104 527//104
f 296//7 354//7 809//7
f 810//1 803//1 740//1
f 639//2 64//2 351//2
f 524//105 71//105 61//105
f 524//105 61//105 527//105
f 793//44 295//44 296//44
f 793//44 296//44 811//44
f 95//106 526//106 525//106
f 95//106 525//106 62//106
f 794//47 792//47 793//47
f 812//1 813//1 2//1
f 301//68 662//68 581//68
f 814//1 724//1 815//1
f 816//1 817//1 421//1
f 766//1 421//1 817//1
f 797//1 796//1 643//1
f 817//1 763//1 766//1
f 765//1 618//1 620//1
f 420//1 419//1 818//1
f 818//1 419//1 819//1
f 819//1 696//1 698//1
f 95//107 72//107 526//107
f 528//107 526//107 72//107
f 682//1 820//1 600//1
f 325//108 540//108 542//108
f 442//12 450//12 648//12
f 821//70 66//70 756//70
f 325//109 542//109 616//109
f 325//109 616//109 163//109
f 163//110 616//110 615//110
f 648//13 450//13 451//13
f 811//7 296//7 809//7
f 491//111 528//111 72//111
f 491//111 72//111 41//111
f 822//1 730//1 823//1
f 824//1 426//1 429//1
f 495//112 491//112 41//112
f 495//112 41//112 34//112
f 728//1 825//1 729//1
f 826//1 380//1 741//1
f 466//63 468//63 760//63
f 378//1 827//1 737//1
f 495//113 34//113 106//113
f 495//113 106//113 551//113
f 760//51 468//51 476//51
f 106//114 130//114 556//114
f 106//114 556//114 551//114
f 112//115 114//115 580//115
f 112//115 580//115 578//115
f 476//15 581//15 660//15
f 828//1 827//1 378//1
f 829//1 830//1 831//1
f 115//116 112//116 578//116
f 115//116 578//116 577//116
f 378//1 377//1 828//1
f 581//68 662//68 660//68
f 832//1 800//1 833//1
f 118//117 115//117 577//117
f 118//117 577//117 684//117
f 116//118 627//118 114//118
f 580//118 114//118 627//118
f 834//25 835//25 836//25
f 837//1 428//1 427//1
f 833//1 800//1 838//1
f 839//119 840//119 559//119
f 839//119 559//119 585//119
f 838//1 800//1 841//1
f 770//33 595//33 594//33
f 122//120 118//120 684//120
f 122//120 684//120 586//120
f 841//1 842//1 843//1
f 844//1 845//1 377//1
f 845//1 828//1 377//1
f 238//121 122//121 586//121
f 238//121 586//121 588//121
f 846//1 843//1 842//1
f 770//34 594//34 771//34
f 593//34 771//34 594//34
f 847//1 846//1 842//1
f 556//122 130//122 839//122
f 556//122 839//122 585//122
f 688//1 844//1 377//1
f 592//36 773//36 771//36
f 592//36 771//36 593//36
f 848//1 849//1 842//1
f 849//1 847//1 842//1
f 245//123 238//123 588//123
f 245//123 588//123 690//123
f 377//1 380//1 688//1
f 686//1 687//1 380//1
f 773//39 592//39 591//39
f 243//124 245//124 690//124
f 243//124 690//124 557//124
f 850//1 851//1 852//1
f 853//1 854//1 855//1
f 856//1 403//1 402//1
f 852//1 403//1 856//1
f 559//125 840//125 243//125
f 559//125 243//125 557//125
f 590//6 774//6 591//6
f 615//110 162//110 163//110
f 774//7 590//7 775//7
f 589//7 775//7 590//7
f 135//126 162//126 615//126
f 135//126 615//126 628//126
f 857//1 858//1 2//1
f 116//127 135//127 628//127
f 116//127 628//127 627//127
f 775//44 589//44 505//44
f 859//1 860//1 861//1
f 804//1 799//1 740//1
f 862//1 741//1 740//1
f 798//1 863//1 740//1
f 863//1 862//1 740//1
f 864//1 380//1 826//1
f 865//1 380//1 864//1
f 866//1 380//1 865//1
f 685//1 380//1 866//1
f 867//1 724//1 868//1
f 869//1 868//1 724//1
f 870//54 871//54 458//54
f 631//128 626//128 161//128
f 631//128 161//128 160//128
f 872//1 851//1 850//1
f 427//1 851//1 873//1
f 873//1 837//1 427//1
f 429//1 874//1 824//1
f 875//1 873//1 851//1
f 872//1 875//1 851//1
f 403//1 852//1 851//1
f 876//1 877//1 2//1
f 161//129 626//129 547//129
f 161//129 547//129 164//129
f 458//55 871//55 878//55
f 869//1 724//1 879//1
f 880//1 879//1 724//1
f 164//130 547//130 546//130
f 164//130 546//130 165//130
f 881//1 882//1 883//1
f 884//1 853//1 885//1
f 886//1 740//1 820//1
f 886//1 810//1 740//1
f 740//1 600//1 820//1
f 887//1 880//1 724//1
f 887//1 724//1 814//1
f 165//131 546//131 622//131
f 165//131 622//131 167//131
f 167//132 622//132 621//132
f 167//132 621//132 168//132
f 867//1 888//1 724//1
f 889//1 842//1 888//1
f 724//1 888//1 842//1
f 842//1 889//1 890//1
f 842//1 890//1 891//1
f 891//1 848//1 842//1
f 168//133 621//133 641//133
f 168//133 641//133 332//133
f 892//1 830//1 893//1
f 894//25 895//25 412//25
f 823//1 730//1 729//1
f 896//1 730//1 822//1
f 897//1 730//1 896//1
f 898//1 724//1 897//1
f 899//1 724//1 898//1
f 815//1 724//1 899//1
f 730//1 897//1 724//1
f 136//134 629//134 631//134
f 136//134 631//134 160//134
f 900//26 836//26 835//26
f 901//26 412//26 895//26
f 332//135 641//135 642//135
f 332//135 642//135 550//135
f 902//1 892//1 893//1
f 903//1 788//1 787//1
f 904//1 788//1 903//1
f 905//1 788//1 904//1
f 906//1 788//1 905//1
f 907//1 788//1 906//1
f 908//1 742//1 907//1
f 743//1 742//1 908//1
f 909//1 744//1 910//1
f 825//1 728//1 911//1
f 744//1 909//1 728//1
f 911//1 728//1 909//1
f 788//1 907//1 742//1
f 912//5 913//5 914//5
f 630//136 629//136 136//136
f 630//136 136//136 117//136
f 915//137 916//137 917//137
f 915//137 917//137 918//137
f 883//1 919//1 881//1
f 842//1 841//1 800//1
f 806//1 800//1 832//1
f 920//1 800//1 805//1
f 920//1 802//1 800//1
f 789//1 788//1 790//1
f 921//138 917//138 916//138
f 922//1 883//1 882//1
f 435//139 912//139 914//139
f 550//140 642//140 661//140
f 550//140 661//140 211//140
f 437//141 923//141 912//141
f 437//141 912//141 435//141
f 537//14 531//14 530//14
f 211//142 661//142 665//142
f 211//142 665//142 209//142
f 924//143 923//143 481//143
f 437//143 481//143 923//143
f 376//64 378//64 914//64
f 209//144 665//144 664//144
f 209//144 664//144 215//144
f 914//139 378//139 435//139
f 925//1 926//1 927//1
f 917//5 928//5 918//5
f 910//1 744//1 743//1
f 215//145 664//145 673//145
f 215//145 673//145 226//145
f 926//1 881//1 927//1
f 919//1 927//1 881//1
f 418//4 929//4 459//4
f 226//146 673//146 672//146
f 226//146 672//146 233//146
f 237//147 242//147 598//147
f 237//147 598//147 587//147
f 930//2 931//2 459//2
f 930//2 459//2 929//2
f 932//18 719//18 861//18
f 237//148 587//148 683//148
f 237//148 683//148 119//148
f 931//14 930//14 933//14
f 934//14 933//14 930//14
f 571//19 719//19 932//19
f 119//149 683//149 579//149
f 119//149 579//149 113//149
f 402//1 401//1 935//1
f 933//67 934//67 936//67
f 933//67 936//67 373//67
f 113//150 579//150 630//150
f 113//150 630//150 117//150
f 854//1 935//1 855//1
f 401//1 855//1 935//1
f 937//1 938//1 939//1
f 940//40 374//40 373//40
f 940//40 373//40 936//40
f 672//151 701//151 248//151
f 672//151 248//151 233//151
f 374//36 940//36 474//36
f 941//36 474//36 940//36
f 247//152 248//152 701//152
f 247//152 701//152 942//152
f 943//5 944//5 945//5
f 915//153 918//153 946//153
f 947//153 946//153 918//153
f 885//1 925//1 948//1
f 949//1 885//1 948//1
f 950//1 951//1 2//1
f 947//154 952//154 953//154
f 947//154 953//154 946//154
f 954//61 870//61 454//61
f 954//61 454//61 456//61
f 877//1 950//1 2//1
f 955//155 953//155 956//155
f 952//155 956//155 953//155
f 36//1 26//1 25//1
f 454//54 870//54 458//54
f 938//1 957//1 939//1
f 955//156 956//156 958//156
f 955//156 958//156 959//156
f 25//1 24//1 960//1
f 961//157 647//157 667//157
f 961//157 667//157 945//157
f 878//55 457//55 458//55
f 481//158 647//158 961//158
f 481//158 961//158 924//158
f 457//52 878//52 962//52
f 457//52 962//52 415//52
f 963//5 964//5 720//5
f 965//5 963//5 720//5
f 964//5 966//5 720//5
f 943//159 945//159 536//159
f 667//159 536//159 945//159
f 894//23 413//23 962//23
f 415//23 962//23 413//23
f 967//1 968//1 969//1
f 968//1 970//1 969//1
f 609//54 315//54 608//54
f 413//25 894//25 412//25
f 961//5 971//5 924//5
f 969//1 972//1 973//1
f 973//1 967//1 969//1
f 314//55 610//55 315//55
f 608//55 315//55 610//55
f 901//26 411//26 412//26
f 974//1 975//1 972//1
f 322//52 614//52 314//52
f 610//52 314//52 614//52
f 976//3 418//3 411//3
f 976//3 411//3 901//3
f 614//23 322//23 178//23
f 945//5 977//5 961//5
f 333//25 625//25 178//25
f 929//4 418//4 976//4
f 978//46 979//46 980//46
f 978//46 980//46 981//46
f 982//5 720//5 983//5
f 624//26 625//26 333//26
f 984//15 461//15 735//15
f 831//1 985//1 986//1
f 980//54 979//54 987//54
f 980//54 987//54 988//54
f 989//1 986//1 985//1
f 954//68 456//68 984//68
f 461//68 984//68 456//68
f 990//55 59//55 987//55
f 988//55 987//55 59//55
f 991//1 989//1 992//1
f 993//39 440//39 941//39
f 474//39 941//39 440//39
f 351//2 758//2 639//2
f 59//52 990//52 994//52
f 59//52 994//52 995//52
f 809//6 354//6 993//6
f 440//6 993//6 354//6
f 758//14 351//14 759//14
f 992//1 824//1 874//1
f 425//160 247//160 942//160
f 425//160 942//160 996//160
f 997//5 923//5 998//5
f 999//5 1000//5 923//5
f 924//5 998//5 923//5
f 912//5 923//5 1000//5
f 999//5 923//5 997//5
f 410//161 425//161 996//161
f 410//161 996//161 1001//161
f 966//70 1002//70 1003//70
f 1004//162 598//162 242//162
f 1005//1 972//1 1006//1
f 1007//1 972//1 1005//1
f 746//163 1008//163 1009//163
f 441//71 1010//71 1011//71
f 1003//71 1011//71 1010//71
f 1001//164 1012//164 410//164
f 408//164 410//164 1012//164
f 442//27 658//27 441//27
f 1010//27 441//27 658//27
f 658//12 442//12 648//12
f 1013//1 740//1 1014//1
f 874//1 991//1 992//1
f 985//1 992//1 989//1
f 829//1 831//1 986//1
f 892//1 831//1 830//1
f 767//5 720//5 768//5
f 451//13 649//13 648//13
f 1014//1 740//1 1015//1
f 649//48 451//48 453//48
f 649//48 453//48 651//48
f 1016//1 1017//1 20//1
f 1018//1 37//1 36//1
f 927//1 1019//1 925//1
f 1019//1 948//1 925//1
f 884//1 885//1 949//1
f 466//62 654//62 453//62
f 651//62 453//62 654//62
f 768//5 720//5 633//5
f 600//1 740//1 1020//1
f 1021//1 1020//1 740//1
f 606//5 653//5 607//5
f 654//63 466//63 760//63
f 1006//1 892//1 902//1
f 970//1 1022//1 969//1
f 975//1 973//1 972//1
f 1022//1 1023//1 969//1
f 24//1 969//1 1023//1
f 960//1 24//1 1023//1
f 1024//1 1016//1 1025//1
f 1007//1 974//1 972//1
f 760//51 476//51 657//51
f 885//1 853//1 855//1
f 882//1 20//1 922//1
f 657//15 476//15 660//15
f 525//5 808//5 1026//5
f 525//5 527//5 808//5
f 542//5 541//5 616//5
f 1027//1 1028//1 1029//1
f 1030//1 1031//1 788//1
f 1032//1 1030//1 788//1
f 595//14 759//14 351//14
f 834//23 87//23 994//23
f 995//23 994//23 87//23
f 742//1 1033//1 788//1
f 1032//1 788//1 1034//1
f 665//5 661//5 659//5
f 759//33 595//33 770//33
f 1035//5 1036//5 386//5
f 1037//5 1038//5 1039//5
f 87//25 834//25 836//25
f 1040//5 1041//5 1042//5
f 604//5 603//5 607//5
f 1043//1 788//1 1044//1
f 1045//5 1035//5 386//5
f 900//26 88//26 836//26
f 1046//5 1045//5 386//5
f 637//165 1047//165 1048//165
f 637//165 1048//165 643//165
f 653//5 1026//5 808//5
f 1049//5 1050//5 1039//5
f 1051//166 1047//166 637//166
f 1051//166 637//166 553//166
f 1052//5 1053//5 386//5
f 1046//5 386//5 1053//5
f 591//39 772//39 773//39
f 1054//3 89//3 88//3
f 1054//3 88//3 900//3
f 808//5 607//5 653//5
f 1050//5 1055//5 1039//5
f 1056//167 824//167 992//167
f 1056//167 992//167 1057//167
f 740//66 380//66 386//66
f 622//5 546//5 541//5
f 774//6 772//6 591//6
f 1039//168 536//168 566//168
f 426//169 824//169 1056//169
f 89//4 1054//4 1058//4
f 1059//4 1058//4 1054//4
f 663//5 541//5 540//5
f 617//5 541//5 663//5
f 566//170 1052//170 1039//170
f 851//171 1060//171 1061//171
f 427//172 1062//172 1060//172
f 427//172 1060//172 851//172
f 1063//1 742//1 1064//1
f 426//173 1065//173 1062//173
f 426//173 1062//173 427//173
f 530//2 529//2 1058//2
f 530//2 1058//2 1059//2
f 505//44 705//44 775//44
f 1056//169 1065//169 426//169
f 1066//174 1067//174 1036//174
f 1066//174 1036//174 1015//174
f 297//89 1//89 768//89
f 1015//175 1036//175 1035//175
f 1068//1 1069//1 742//1
f 705//47 505//47 704//47
f 506//47 704//47 505//47
f 1061//171 403//171 851//171
f 768//76 633//76 297//76
f 1061//176 1040//176 401//176
f 1061//176 401//176 403//176
f 1013//177 1014//177 1035//177
f 1013//177 1035//177 1045//177
f 704//8 506//8 1070//8
f 511//8 1070//8 506//8
f 1040//178 1042//178 855//178
f 1040//178 855//178 401//178
f 1071//5 943//5 1072//5
f 60//179 353//179 808//179
f 1015//175 1035//175 1014//175
f 937//1 939//1 1073//1
f 55//51 1074//51 1075//51
f 566//170 600//170 1052//170
f 510//10 1076//10 1070//10
f 510//10 1070//10 511//10
f 944//5 943//5 1071//5
f 1021//180 1013//180 1045//180
f 1021//180 1045//180 1046//180
f 62//181 525//181 1026//181
f 1076//28 510//28 1077//28
f 513//28 1077//28 510//28
f 1020//182 1021//182 1046//182
f 1020//182 1046//182 1053//182
f 1075//15 1078//15 1079//15
f 1075//15 1079//15 1080//15
f 325//108 358//108 540//108
f 1069//1 1064//1 742//1
f 1063//1 1033//1 742//1
f 1044//1 788//1 1081//1
f 1081//1 788//1 1033//1
f 1034//1 788//1 1043//1
f 742//1 939//1 957//1
f 1052//183 600//183 1020//183
f 1052//183 1020//183 1053//183
f 516//29 1082//29 1077//29
f 516//29 1077//29 513//29
f 978//16 981//16 1079//16
f 1080//16 1079//16 981//16
f 957//1 1068//1 742//1
f 607//179 808//179 353//179
f 1082//72 516//72 574//72
f 1082//72 574//72 1083//72
f 1026//181 311//181 62//181
f 1084//5 1085//5 1086//5
f 757//70 756//70 66//70
f 653//84 311//84 1026//84
f 892//1 1006//1 972//1
f 1087//71 53//71 821//71
f 66//71 821//71 53//71
f 574//73 575//73 1083//73
f 1088//73 1083//73 575//73
f 1089//1 1029//1 1028//1
f 1090//1 1089//1 1028//1
f 1091//1 1092//1 1090//1
f 1088//11 575//11 1093//11
f 1094//11 1093//11 575//11
f 1095//27 32//27 1087//27
f 53//27 1087//27 32//27
f 1096//32 706//32 1093//32
f 1096//32 1093//32 1094//32
f 32//12 1095//12 1097//12
f 32//12 1097//12 30//12
f 1098//1 1099//1 1100//1
f 1099//1 26//1 1100//1
f 1101//1 1098//1 1100//1
f 26//1 37//1 1100//1
f 19//1 1100//1 37//1
f 37//1 1025//1 19//1
f 1025//1 20//1 19//1
f 706//17 1096//17 707//17
f 861//17 707//17 1096//17
f 1102//13 38//13 1097//13
f 30//13 1097//13 38//13
f 54//1 9//1 1103//1
f 719//18 707//18 861//18
f 38//48 1102//48 1104//48
f 38//48 1104//48 42//48
f 797//184 643//184 1048//184
f 797//184 1048//184 1105//184
f 571//19 722//19 719//19
f 1106//185 696//185 419//185
f 1107//62 52//62 1104//62
f 42//62 1104//62 52//62
f 419//186 421//186 1108//186
f 419//186 1108//186 1106//186
f 1098//1 24//1 1099//1
f 722//20 571//20 572//20
f 722//20 572//20 749//20
f 421//187 766//187 1109//187
f 421//187 1109//187 1108//187
f 52//63 1107//63 1074//63
f 52//63 1074//63 55//63
f 765//188 1086//188 1109//188
f 765//188 1109//188 766//188
f 951//21 727//21 572//21
f 749//21 572//21 727//21
f 1055//5 1110//5 1039//5
f 943//5 1039//5 1110//5
f 1072//5 943//5 1110//5
f 1111//5 945//5 944//5
f 977//5 945//5 1111//5
f 1112//5 961//5 977//5
f 971//5 961//5 1112//5
f 1113//5 924//5 971//5
f 998//5 924//5 1113//5
f 1101//1 24//1 1098//1
f 26//1 1099//1 24//1
f 620//189 1114//189 1086//189
f 620//189 1086//189 765//189
f 1078//51 1075//51 1074//51
f 1100//1 24//1 1101//1
f 1115//1 24//1 19//1
f 1105//190 1114//190 620//190
f 1105//190 620//190 797//190
f 727//22 951//22 950//22
f 727//22 950//22 726//22
f 18//1 1115//1 19//1
f 1103//1 9//1 18//1
f 1100//1 19//1 24//1
f 1116//191 985//191 831//191
f 1116//191 831//191 1117//191
f 877//24 965//24 950//24
f 726//24 950//24 965//24
f 1118//1 1119//1 185//1
f 1057//192 992//192 985//192
f 1057//192 985//192 1116//192
f 1038//5 1049//5 1039//5
f 1037//5 1039//5 1120//5
f 965//59 877//59 876//59
f 965//59 876//59 963//59
f 892//193 1117//193 831//193
f 786//1 27//1 29//1
f 892//193 1121//193 1117//193
f 892//194 1122//194 1121//194
f 876//195 1123//195 963//195
f 892//194 972//194 1122//194
f 964//163 1123//163 966//163
f 1124//1 1125//1 185//1
f 1029//1 1126//1 1027//1
f 1011//70 1003//70 1002//70
f 1127//1 183//1 1125//1
f 381//196 177//196 257//196
f 183//1 185//1 1125//1
f 8//1 1115//1 9//1
f 376//5 914//5 1128//5
f 553//197 497//197 1051//197
f 1129//197 1051//197 497//197
f 1130//5 914//5 1131//5
f 541//198 177//198 381//198
f 18//1 9//1 1115//1
f 22//1 786//1 29//1
f 1118//1 735//1 1132//1
f 913//5 912//5 1133//5
f 1134//5 912//5 1000//5
f 446//199 445//199 1135//199
f 446//199 1135//199 1136//199
f 445//200 549//200 1137//200
f 445//200 1137//200 1135//200
f 166//201 541//201 381//201
f 313//5 318//5 659//5
f 1073//1 939//1 1138//1
f 549//202 560//202 1139//202
f 549//202 1139//202 1137//202
f 560//203 563//203 1140//203
f 560//203 1140//203 1139//203
f 1141//1 47//1 1142//1
f 1143//1 244//1 1142//1
f 1141//1 1142//1 244//1
f 1129//204 497//204 446//204
f 1129//204 446//204 1136//204
f 1128//5 1144//5 376//5
f 379//5 376//5 1145//5
f 1145//5 1146//5 379//5
f 1147//1 1148//1 1149//1
f 1150//1 6//1 1151//1
f 45//1 1152//1 1153//1
f 45//1 1153//1 1154//1
f 1155//1 6//1 5//1
f 1151//1 6//1 1155//1
f 1134//5 1133//5 912//5
f 1131//5 914//5 913//5
f 1156//5 914//5 1130//5
f 720//5 748//5 707//5
f 1157//1 4//1 1158//1
f 965//5 720//5 726//5
f 1159//1 1160//1 1154//1
f 1128//5 914//5 1156//5
f 701//5 659//5 318//5
f 1161//1 1159//1 1154//1
f 1162//1 1149//1 1148//1
f 1163//1 1164//1 1148//1
f 1138//1 939//1 1164//1
f 1147//1 1163//1 1148//1
f 1153//1 1161//1 1154//1
f 1160//1 1165//1 1154//1
f 1119//1 1124//1 185//1
f 1132//1 1166//1 1091//1
f 1152//1 1161//1 1153//1
f 1167//1 1168//1 183//1
f 1169//1 207//1 858//1
f 1170//5 1171//5 321//5
f 1152//1 45//1 1172//1
f 44//1 1172//1 45//1
f 1172//1 1161//1 1152//1
f 1173//5 1174//5 1135//5
f 1051//5 1129//5 1175//5
f 1176//5 1175//5 1129//5
f 1136//5 1177//5 1129//5
f 321//5 1178//5 268//5
f 1179//5 1180//5 379//5
f 1158//1 183//1 1168//1
f 1181//1 4//1 1157//1
f 183//1 1182//1 1183//1
f 44//1 1184//1 1172//1
f 46//1 1184//1 44//1
f 1137//5 1185//5 1135//5
f 1106//5 1186//5 1187//5
f 1021//1 740//1 1013//1
f 5//1 4//1 1181//1
f 183//1 1158//1 4//1
f 1188//1 127//1 1189//1
f 1190//1 1191//1 740//1
f 633//5 720//5 634//5
f 1140//5 1192//5 1139//5
f 1171//5 1170//5 1193//5
f 1161//1 1172//1 1194//1
f 328//5 321//5 1171//5
f 1195//1 217//1 1196//1
f 1189//1 1197//1 46//1
f 1198//1 1199//1 1161//1
f 1200//5 1201//5 1193//5
f 1170//5 1200//5 1193//5
f 1196//1 217//1 1202//1
f 1203//1 1204//1 213//1
f 1202//1 217//1 1205//1
f 1176//5 1129//5 1206//5
f 1207//1 1208//1 1209//1
f 1210//1 1211//1 1212//1
f 1208//1 1210//1 1212//1
f 1204//1 1205//1 213//1
f 1209//1 1208//1 1212//1
f 1213//5 1214//5 1051//5
f 1136//5 1135//5 1174//5
f 1177//5 1136//5 1215//5
f 1206//5 1129//5 1177//5
f 1215//5 1136//5 1174//5
f 1216//1 213//1 1217//1
f 1218//5 386//5 1219//5
f 1219//5 386//5 1220//5
f 1175//5 1213//5 1051//5
f 268//5 267//5 1140//5
f 1221//1 199//1 1222//1
f 1223//1 199//1 1224//1
f 1224//1 6//1 1150//1
f 1178//5 321//5 1225//5
f 1120//5 1052//5 1226//5
f 1227//5 268//5 1178//5
f 1228//5 1225//5 321//5
f 2//1 861//1 812//1
f 1229//1 2//1 813//1
f 269//5 268//5 1230//5
f 1230//5 268//5 1227//5
f 860//1 812//1 861//1
f 1231//1 10//1 1232//1
f 1233//1 10//1 1231//1
f 1234//5 1140//5 267//5
f 1235//1 859//1 861//1
f 243//1 840//1 244//1
f 1183//1 1167//1 183//1
f 800//1 791//1 788//1
f 1089//1 1090//1 1092//1
f 1236//5 386//5 1237//5
f 1192//5 1185//5 1139//5
f 839//1 130//1 129//1
f 1140//205 563//205 175//205
f 1140//205 175//205 268//205
f 1137//5 1139//5 1185//5
f 1192//5 1140//5 1234//5
f 1173//5 1135//5 1185//5
f 321//206 174//206 724//206
f 321//206 724//206 1170//206
f 1144//5 1238//5 376//5
f 47//1 45//1 1239//1
f 1240//5 1241//5 1242//5
f 175//207 174//207 321//207
f 175//207 321//207 268//207
f 1239//1 1142//1 47//1
f 45//1 1154//1 1239//1
f 183//1 207//1 1182//1
f 1182//1 207//1 1243//1
f 1238//5 1145//5 376//5
f 1243//1 207//1 1244//1
f 1245//1 207//1 1169//1
f 129//1 244//1 840//1
f 840//1 839//1 129//1
f 1143//1 242//1 244//1
f 721//208 227//208 328//208
f 242//1 245//1 244//1
f 227//209 696//209 1187//209
f 227//209 1187//209 328//209
f 1146//5 1246//5 379//5
f 1106//185 1187//185 696//185
f 1247//5 1248//5 1249//5
f 1249//5 1250//5 1251//5
f 1159//1 1161//1 1252//1
f 1165//1 1239//1 1154//1
f 1171//210 1193//210 730//210
f 1171//210 730//210 721//210
f 1253//5 379//5 1246//5
f 328//208 1171//208 721//208
f 1008//1 857//1 2//1
f 1254//5 1255//5 1047//5
f 1009//1 2//1 1256//1
f 1252//1 1161//1 1257//1
f 1257//1 1161//1 1199//1
f 711//1 519//1 1198//1
f 508//1 1199//1 514//1
f 1256//1 2//1 1258//1
f 1259//211 1260//211 742//211
f 1259//211 742//211 744//211
f 1261//5 379//5 1262//5
f 399//1 388//1 1263//1
f 1264//5 386//5 1265//5
f 1193//212 1266//212 728//212
f 1193//212 728//212 730//212
f 1258//1 2//1 1229//1
f 728//213 1266//213 1259//213
f 728//213 1259//213 744//213
f 1267//5 386//5 1264//5
f 1260//214 1268//214 939//214
f 1260//214 939//214 742//214
f 939//215 1268//215 1148//215
f 1216//1 1203//1 213//1
f 1269//1 217//1 1195//1
f 521//1 217//1 1269//1
f 1222//1 199//1 1223//1
f 6//1 1224//1 199//1
f 199//1 1221//1 1270//1
f 199//1 1270//1 1271//1
f 1272//1 213//1 1271//1
f 1217//1 213//1 1272//1
f 199//1 1271//1 213//1
f 861//1 1096//1 1235//1
f 1108//5 1273//5 1106//5
f 878//1 871//1 1274//1
f 1275//1 1235//1 1096//1
f 1276//5 1277//5 1067//5
f 1036//5 1067//5 1277//5
f 1278//5 1273//5 1108//5
f 1263//1 368//1 1198//1
f 386//5 1036//5 1277//5
f 1265//5 386//5 1279//5
f 1280//5 1281//5 1282//5
f 1283//5 1284//5 1285//5
f 1286//5 1262//5 379//5
f 379//5 1253//5 1286//5
f 379//5 1261//5 1179//5
f 386//5 379//5 1180//5
f 1287//5 386//5 1180//5
f 1288//5 386//5 1287//5
f 1220//5 386//5 1288//5
f 1289//5 386//5 1218//5
f 1290//5 386//5 1289//5
f 1291//5 328//5 1292//5
f 530//1 1059//1 1293//1
f 1294//5 90//5 1295//5
f 1296//5 1297//5 1298//5
f 1299//5 1052//5 1300//5
f 1226//5 1052//5 1299//5
f 1052//5 386//5 1300//5
f 1301//5 1300//5 386//5
f 1295//5 1302//5 1303//5
f 1292//5 1187//5 1304//5
f 1187//5 1292//5 328//5
f 1305//5 328//5 1306//5
f 1307//5 1308//5 1282//5
f 1308//5 1280//5 1282//5
f 436//24 713//24 1000//24
f 1309//5 1106//5 1273//5
f 58//5 1310//5 980//5
f 1311//5 1307//5 1312//5
f 1312//5 1307//5 1313//5
f 1075//5 1080//5 31//5
f 1096//1 1094//1 1275//1
f 1094//1 575//1 1275//1
f 576//1 1275//1 575//1
f 1120//39 681//39 601//39
f 981//5 980//5 1310//5
f 1120//6 601//6 565//6
f 1314//5 1170//5 1315//5
f 1306//5 328//5 1291//5
f 1293//1 1316//1 530//1
f 543//1 538//1 1317//1
f 1080//5 981//5 1318//5
f 1310//5 1318//5 981//5
f 1319//5 328//5 1305//5
f 680//47 1050//47 679//47
f 256//1 543//1 1320//1
f 1318//5 31//5 1080//5
f 1319//5 326//5 328//5
f 1050//8 680//8 678//8
f 321//5 328//5 327//5
f 330//5 321//5 327//5
f 1320//1 1321//1 256//1
f 1322//5 1323//5 1266//5
f 213//1 1205//1 217//1
f 1323//5 1324//5 1259//5
f 281//1 275//1 408//1
f 281//1 408//1 288//1
f 511//1 506//1 217//1
f 1325//5 1307//5 1311//5
f 623//29 1071//29 534//29
f 932//1 861//1 2//1
f 408//1 1199//1 307//1
f 308//1 307//1 1199//1
f 944//30 1071//30 623//30
f 944//30 623//30 669//30
f 1326//5 1307//5 1327//5
f 1228//5 321//5 320//5
f 1328//5 1329//5 1330//5
f 1329//5 1318//5 1331//5
f 1332//5 1307//5 1326//5
f 668//9 944//9 669//9
f 573//1 576//1 574//1
f 501//1 316//1 1199//1
f 1333//5 1307//5 1332//5
f 1334//5 1307//5 1325//5
f 1085//5 1335//5 1109//5
f 1336//5 1329//5 1337//5
f 1338//5 1307//5 1333//5
f 1327//5 1307//5 1334//5
f 508//1 501//1 1199//1
f 1339//5 1307//5 1338//5
f 1340//5 1307//5 1339//5
f 1341//5 131//5 1342//5
f 1343//5 1329//5 1344//5
f 1170//5 1307//5 1345//5
f 1108//5 1109//5 1335//5
f 124//5 1346//5 125//5
f 1346//5 1347//5 125//5
f 1348//5 720//5 746//5
f 1349//5 1350//5 1297//5
f 514//1 1199//1 519//1
f 1351//5 454//5 1352//5
f 1353//5 1318//5 1310//5
f 1354//5 1318//5 1355//5
f 1329//5 1331//5 1356//5
f 1356//5 1330//5 1329//5
f 1328//5 1337//5 1329//5
f 1336//5 1344//5 1329//5
f 1355//5 1318//5 1353//5
f 1214//5 1357//5 1051//5
f 366//1 1263//1 371//1
f 193//5 454//5 184//5
f 455//5 454//5 1358//5
f 460//5 456//5 455//5
f 1359//5 1360//5 1361//5
f 1362//5 1363//5 1047//5
f 1357//5 1254//5 1047//5
f 1364//5 1365//5 1343//5
f 1366//5 1365//5 1364//5
f 1367//5 1368//5 1067//5
f 1368//5 1369//5 1067//5
f 1369//5 1370//5 1067//5
f 1370//5 1276//5 1067//5
f 1371//5 1365//5 1366//5
f 361//1 441//1 2//1
f 731//1 371//1 1263//1
f 387//1 731//1 1263//1
f 193//5 125//5 1347//5
f 1352//5 193//5 1347//5
f 193//5 1352//5 454//5
f 1372//5 1170//5 1373//5
f 123//5 131//5 1341//5
f 200//5 1374//5 131//5
f 482//21 509//21 999//21
f 1067//5 1365//5 1367//5
f 1277//5 1279//5 386//5
f 1375//5 386//5 1267//5
f 1237//5 386//5 1375//5
f 1376//5 386//5 1236//5
f 1377//5 1240//5 1378//5
f 1242//5 1378//5 1240//5
f 1379//5 1242//5 1241//5
f 1251//5 1379//5 1241//5
f 1380//5 1170//5 1381//5
f 1004//162 242//162 1143//162
f 1086//5 1114//5 1382//5
f 436//22 1000//22 509//22
f 999//22 509//22 1000//22
f 1383//5 1170//5 1380//5
f 1199//216 408//216 1012//216
f 1384//5 1170//5 1383//5
f 1385//5 1386//5 1247//5
f 1303//5 1387//5 1385//5
f 988//5 59//5 58//5
f 980//5 988//5 58//5
f 1382//5 1084//5 1086//5
f 1388//5 1170//5 1384//5
f 1388//5 1315//5 1170//5
f 1109//5 1086//5 1085//5
f 1389//5 1382//5 1114//5
f 1009//1 1008//1 2//1
f 1390//5 1170//5 1345//5
f 1373//5 1170//5 1390//5
f 1391//5 1170//5 1372//5
f 1381//5 1170//5 1391//5
f 1340//5 1345//5 1307//5
f 565//6 1037//6 1120//6
f 1048//5 1047//5 1363//5
f 1363//5 1392//5 1048//5
f 1392//5 1393//5 1048//5
f 1105//5 1048//5 1393//5
f 1114//5 1105//5 1389//5
f 1047//5 1051//5 1357//5
f 1255//5 1362//5 1047//5
f 1037//7 565//7 1038//7
f 564//7 1038//7 565//7
f 1170//5 1314//5 1394//5
f 1170//5 1394//5 1395//5
f 1170//5 1395//5 1200//5
f 1201//5 1396//5 1193//5
f 1396//5 1397//5 1193//5
f 1397//5 1398//5 1193//5
f 1259//5 1266//5 1323//5
f 1324//5 1298//5 1259//5
f 679//44 1049//44 1038//44
f 679//44 1038//44 564//44
f 1399//5 1400//5 216//5
f 1263//1 366//1 368//1
f 316//1 308//1 1199//1
f 288//1 408//1 307//1
f 1199//1 1198//1 519//1
f 711//1 1198//1 368//1
f 1050//47 1049//47 679//47
f 1260//5 1259//5 1298//5
f 1297//5 1260//5 1298//5
f 1401//5 1297//5 1296//5
f 1402//5 1297//5 1401//5
f 1403//5 1297//5 1402//5
f 1404//5 1297//5 1403//5
f 1404//5 1405//5 1297//5
f 1398//5 1406//5 1266//5
f 212//5 216//5 1400//5
f 678//8 1055//8 1050//8
f 388//1 387//1 1263//1
f 1263//1 1407//1 399//1
f 1393//5 1389//5 1105//5
f 1335//5 1278//5 1108//5
f 1186//5 1106//5 1309//5
f 1408//5 1187//5 1186//5
f 1304//5 1187//5 1408//5
f 1409//5 212//5 1410//5
f 1410//5 212//5 1400//5
f 1411//5 1412//5 212//5
f 1055//10 678//10 535//10
f 1110//10 1055//10 535//10
f 447//32 1173//32 532//32
f 1412//5 1413//5 212//5
f 1317//1 1320//1 543//1
f 1414//1 1415//1 1059//1
f 1059//1 1054//1 1414//1
f 1110//28 535//28 1072//28
f 534//28 1072//28 535//28
f 1416//5 1377//5 1378//5
f 1413//5 1417//5 212//5
f 545//18 1177//18 452//18
f 1071//29 1072//29 534//29
f 1418//5 200//5 1417//5
f 1177//19 545//19 496//19
f 496//20 498//20 1176//20
f 1419//5 200//5 1420//5
f 668//9 1111//9 944//9
f 1176//21 498//21 1175//21
f 1374//5 200//5 1419//5
f 1421//5 131//5 1374//5
f 666//11 977//11 1111//11
f 666//11 1111//11 668//11
f 1342//5 131//5 1421//5
f 1422//5 1420//5 200//5
f 1097//1 1095//1 1423//1
f 447//32 1174//32 1173//32
f 977//32 666//32 1112//32
f 646//32 1112//32 666//32
f 373//5 375//5 933//5
f 931//5 375//5 459//5
f 1424//5 1425//5 1426//5
f 1174//17 447//17 1215//17
f 452//17 1215//17 447//17
f 748//5 720//5 1427//5
f 485//17 971//17 1112//17
f 485//17 1112//17 646//17
f 1177//18 1215//18 452//18
f 1428//217 1429//217 1426//217
f 1424//218 1426//218 1429//218
f 1430//5 1431//5 1088//5
f 496//19 1206//19 1177//19
f 971//18 485//18 1113//18
f 484//18 1113//18 485//18
f 1431//5 1432//5 1083//5
f 1206//20 496//20 1176//20
f 1433//5 1434//5 1435//5
f 1434//5 1425//5 1435//5
f 480//19 998//19 1113//19
f 480//19 1113//19 484//19
f 1436//5 1425//5 1424//5
f 1432//5 1437//5 1083//5
f 482//20 997//20 480//20
f 998//20 480//20 997//20
f 1082//5 1083//5 1437//5
f 997//21 482//21 999//21
f 900//1 835//1 1438//1
f 1424//218 1429//218 1211//218
f 176//44 1178//44 584//44
f 1211//219 1210//219 1436//219
f 1211//219 1436//219 1424//219
f 599//47 1178//47 176//47
f 1439//5 1295//5 90//5
f 1361//5 461//5 460//5
f 1210//220 1208//220 1435//220
f 1210//220 1435//220 1436//220
f 1208//221 1207//221 1433//221
f 1208//221 1433//221 1435//221
f 1440//5 1441//5 1359//5
f 978//1 1079//1 1442//1
f 1207//222 1209//222 1434//222
f 1207//222 1434//222 1433//222
f 1379//5 1251//5 1250//5
f 1212//223 1434//223 1209//223
f 1134//59 713//59 712//59
f 712//60 718//60 913//60
f 1192//72 613//72 562//72
f 120//5 90//5 1294//5
f 1192//73 562//73 1185//73
f 533//73 1185//73 562//73
f 725//69 1131//69 718//69
f 913//69 718//69 1131//69
f 1250//5 1249//5 1248//5
f 1185//11 533//11 1173//11
f 532//11 1173//11 533//11
f 737//70 1130//70 725//70
f 1131//70 725//70 1130//70
f 1443//15 1444//15 1264//15
f 1445//5 720//5 982//5
f 1427//5 720//5 1445//5
f 737//71 827//71 1130//71
f 1191//16 1264//16 1444//16
f 1446//1 1438//1 1442//1
f 1000//24 713//24 1134//24
f 1437//5 1447//5 1082//5
f 216//5 1082//5 1447//5
f 1447//5 1448//5 216//5
f 1448//5 1449//5 216//5
f 1449//5 1450//5 216//5
f 1450//5 1399//5 216//5
f 1083//5 1088//5 1431//5
f 708//5 1451//5 706//5
f 712//59 1133//59 1134//59
f 1313//5 1307//5 1282//5
f 1297//5 1405//5 1349//5
f 200//5 212//5 1417//5
f 1422//5 200//5 1418//5
f 1409//5 1411//5 212//5
f 1133//60 712//60 913//60
f 1434//223 1212//223 1425//223
f 1452//1 1453//1 800//1
f 1212//224 1454//224 375//224
f 1212//224 375//224 1425//224
f 1454//225 1274//225 414//225
f 1454//225 414//225 375//225
f 1401//61 908//61 907//61
f 184//226 414//226 185//226
f 1274//226 185//226 414//226
f 1455//1 1456//1 788//1
f 1457//1 1458//1 788//1
f 1180//52 741//52 862//52
f 1435//5 1425//5 1436//5
f 1087//1 821//1 1407//1
f 1459//1 788//1 1126//1
f 1031//1 1027//1 1126//1
f 1346//72 1181//72 1157//72
f 787//25 1349//25 903//25
f 1407//1 1423//1 1087//1
f 1158//73 1346//73 1157//73
f 1095//1 1087//1 1423//1
f 799//26 1219//26 798//26
f 1168//11 1352//11 1158//11
f 111//5 1426//5 375//5
f 1102//1 1097//1 1423//1
f 1104//1 1102//1 1423//1
f 1219//3 799//3 1218//3
f 804//3 1218//3 799//3
f 1167//32 1351//32 1352//32
f 1167//32 1352//32 1168//32
f 375//5 1426//5 1425//5
f 414//5 413//5 375//5
f 1107//1 1104//1 1423//1
f 1074//1 1107//1 1423//1
f 1351//17 1167//17 1183//17
f 1218//4 804//4 1289//4
f 803//4 1289//4 804//4
f 753//1 399//1 1407//1
f 821//1 756//1 1407//1
f 756//1 753//1 1407//1
f 810//2 1289//2 803//2
f 1460//1 800//1 1461//1
f 1178//44 1225//44 584//44
f 1462//1 800//1 1463//1
f 599//47 1227//47 1178//47
f 1342//10 1151//10 1341//10
f 1155//10 1341//10 1151//10
f 1456//1 1452//1 800//1
f 1453//1 1463//1 800//1
f 602//8 1230//8 1227//8
f 602//8 1227//8 599//8
f 5//28 123//28 1341//28
f 5//28 1341//28 1155//28
f 1462//1 1464//1 800//1
f 1461//1 800//1 1464//1
f 1230//10 602//10 269//10
f 567//10 269//10 602//10
f 123//29 5//29 124//29
f 1181//29 124//29 5//29
f 834//1 1442//1 835//1
f 994//1 1442//1 834//1
f 990//1 1442//1 994//1
f 990//1 987//1 1442//1
f 987//1 979//1 1442//1
f 979//1 978//1 1442//1
f 1079//1 1078//1 1442//1
f 1078//1 1074//1 1423//1
f 682//40 1299//40 820//40
f 568//28 267//28 269//28
f 568//28 269//28 567//28
f 788//1 1031//1 1126//1
f 1465//1 1457//1 788//1
f 1458//1 1455//1 788//1
f 1465//1 788//1 1459//1
f 800//1 788//1 1456//1
f 124//72 1181//72 1346//72
f 1054//1 900//1 1414//1
f 267//29 568//29 1234//29
f 613//29 1234//29 568//29
f 1158//73 1347//73 1346//73
f 1299//36 682//36 681//36
f 1234//72 613//72 1192//72
f 1352//11 1347//11 1158//11
f 1183//17 1466//17 1351//17
f 865//46 864//46 1262//46
f 1358//18 1466//18 1183//18
f 1437//61 1432//61 522//61
f 573//61 522//61 1432//61
f 1437//54 522//54 521//54
f 1401//54 907//54 906//54
f 826//55 741//55 1180//55
f 819//55 698//55 1408//55
f 784//1 1467//1 751//1
f 521//55 1269//55 1448//55
f 835//1 1442//1 1438//1
f 1438//1 1414//1 900//1
f 1408//52 698//52 695//52
f 1448//52 1269//52 1195//52
f 714//1 800//1 715//1
f 1195//23 1196//23 1450//23
f 1460//1 715//1 800//1
f 827//71 1156//71 1130//71
f 1450//25 1196//25 1202//25
f 739//1 1467//1 784//1
f 1467//1 940//1 1468//1
f 1349//26 787//26 789//26
f 1431//68 576//68 1432//68
f 1285//3 789//3 790//3
f 1304//23 695//23 697//23
f 1385//67 1247//67 1469//67
f 791//4 1285//4 790//4
f 1470//1 1471//1 1472//1
f 1203//4 1409//4 1204//4
f 697//25 699//25 1291//25
f 1216//2 1409//2 1203//2
f 694//26 1291//26 699//26
f 1423//1 1473//1 1078//1
f 1217//14 1412//14 1216//14
f 1295//36 1474//36 1475//36
f 693//3 1305//3 694//3
f 1413//33 1412//33 1217//33
f 1413//33 1217//33 1272//33
f 1295//39 1475//39 1476//39
f 1413//34 1272//34 1271//34
f 1305//4 693//4 692//4
f 184//5 458//5 414//5
f 691//2 326//2 692//2
f 685//15 866//15 1286//15
f 1221//39 1422//39 1270//39
f 326//14 691//14 327//14
f 228//14 327//14 691//14
f 1286//16 866//16 865//16
f 1286//16 865//16 1262//16
f 1222//6 1422//6 1221//6
f 1477//44 1478//44 1479//44
f 1223//7 1419//7 1222//7
f 1287//52 1180//52 862//52
f 229//67 327//67 228//67
f 1478//47 1477//47 1480//47
f 1419//44 1223//44 1374//44
f 1224//44 1374//44 1223//44
f 863//23 1288//23 862//23
f 1287//23 862//23 1288//23
f 1481//1 1482//1 1473//1
f 1471//1 1481//1 1472//1
f 1483//1 1484//1 1472//1
f 1078//1 1473//1 1485//1
f 230//40 329//40 229//40
f 1150//47 1421//47 1374//47
f 1150//47 1374//47 1224//47
f 1288//25 863//25 798//25
f 1288//25 798//25 1220//25
f 1486//1 1487//1 1066//1
f 1015//1 1486//1 1066//1
f 1421//8 1150//8 1151//8
f 1219//26 1220//26 798//26
f 1488//28 58//28 1489//28
f 812//48 860//48 747//48
f 232//6 1228//6 231//6
f 899//69 898//69 1395//69
f 747//62 860//62 859//62
f 1485//29 58//29 1488//29
f 1490//1 1472//1 1484//1
f 810//2 1290//2 1289//2
f 1228//7 232//7 1225//7
f 584//7 1225//7 232//7
f 1395//70 898//70 897//70
f 859//63 1235//63 1451//63
f 1484//1 1483//1 1491//1
f 983//5 720//5 1348//5
f 1492//5 208//5 1440//5
f 208//5 1492//5 204//5
f 933//5 375//5 931//5
f 1275//51 1430//51 1235//51
f 1451//51 1235//51 1430//51
f 886//14 1301//14 1290//14
f 886//14 1290//14 810//14
f 1430//15 1275//15 576//15
f 1355//9 1353//9 1493//9
f 1084//63 764//63 763//63
f 1301//67 886//67 820//67
f 1301//67 820//67 1300//67
f 1066//1 1494//1 1483//1
f 1466//5 454//5 1351//5
f 1495//11 1355//11 1493//11
f 1299//40 1300//40 820//40
f 823//13 729//13 1398//13
f 1358//5 454//5 1466//5
f 1182//18 1358//18 1183//18
f 1015//1 740//1 1486//1
f 681//36 1226//36 1299//36
f 1398//48 729//48 825//48
f 825//62 911//62 1322//62
f 1175//21 498//21 554//21
f 1226//39 681//39 1120//39
f 746//5 204//5 1492//5
f 909//63 1323//63 911//63
f 1322//63 911//63 1323//63
f 1244//21 1245//21 1361//21
f 1262//46 864//46 1261//46
f 1323//51 909//51 910//51
f 1169//22 1359//22 1245//22
f 1361//22 1245//22 1359//22
f 826//54 1179//54 864//54
f 1261//54 864//54 1179//54
f 1359//24 1169//24 858//24
f 538//1 537//1 1496//1
f 1179//55 826//55 1180//55
f 1470//20 1497//20 1328//20
f 1498//1 1414//1 1499//1
f 1008//195 746//195 857//195
f 1328//21 1497//21 1500//21
f 785//69 807//69 1255//69
f 1255//70 807//70 636//70
f 1156//27 827//27 828//27
f 1156//27 828//27 1128//27
f 1256//71 1258//71 982//71
f 1501//1 1502//1 1503//1
f 845//12 1144//12 828//12
f 1128//12 828//12 1144//12
f 982//27 1258//27 1229//27
f 755//1 800//1 714//1
f 1504//1 1505//1 1506//1
f 1144//13 845//13 844//13
f 1144//13 844//13 1238//13
f 1506//1 1507//1 1504//1
f 795//12 796//12 1393//12
f 688//48 1145//48 844//48
f 1238//48 844//48 1145//48
f 1437//54 521//54 1447//54
f 1508//1 410//1 1509//1
f 1509//1 410//1 1510//1
f 1511//1 1504//1 1507//1
f 1191//46 1190//46 1375//46
f 1191//46 1375//46 1267//46
f 1393//13 796//13 619//13
f 1447//55 521//55 1448//55
f 1145//62 688//62 687//62
f 1145//62 687//62 1146//62
f 1510//1 410//1 1512//1
f 1512//1 410//1 1513//1
f 1448//52 1195//52 1449//52
f 1375//54 1190//54 1514//54
f 1375//54 1514//54 1237//54
f 619//48 618//48 1382//48
f 1513//1 410//1 409//1
f 1146//63 687//63 686//63
f 1146//63 686//63 1246//63
f 800//1 751//1 1467//1
f 1449//23 1195//23 1450//23
f 1443//1 740//1 1444//1
f 1515//55 1236//55 1514//55
f 1237//55 1514//55 1236//55
f 1084//62 1382//62 764//62
f 618//62 764//62 1382//62
f 1450//25 1202//25 1399//25
f 685//51 1253//51 686//51
f 1246//51 686//51 1253//51
f 274//1 259//1 409//1
f 755//1 751//1 800//1
f 1399//26 1202//26 1400//26
f 1205//26 1400//26 1202//26
f 1309//61 1273//61 818//61
f 420//61 818//61 1273//61
f 1236//52 1515//52 1516//52
f 1236//52 1516//52 1376//52
f 1166//1 1132//1 735//1
f 259//1 254//1 409//1
f 1253//15 685//15 1286//15
f 1204//3 1400//3 1205//3
f 1309//54 818//54 819//54
f 1309//54 819//54 1186//54
f 1517//1 410//1 1508//1
f 1518//1 410//1 1517//1
f 335//1 210//1 341//1
f 1501//23 1416//23 1516//23
f 1376//23 1516//23 1416//23
f 1186//55 819//55 1408//55
f 1416//25 1501//25 1503//25
f 1416//25 1503//25 1377//25
f 1519//1 1520//1 1521//1
f 1522//1 1521//1 1520//1
f 841//44 1326//44 838//44
f 1498//1 1415//1 1414//1
f 1496//1 1317//1 538//1
f 254//1 256//1 1321//1
f 408//1 275//1 409//1
f 210//1 410//1 341//1
f 275//1 274//1 409//1
f 695//52 1304//52 1408//52
f 1377//26 1503//26 1240//26
f 1505//26 1240//26 1503//26
f 779//1 1467//1 781//1
f 739//1 781//1 1467//1
f 843//47 1326//47 841//47
f 1504//3 1241//3 1240//3
f 1504//3 1240//3 1505//3
f 1523//1 1066//1 1524//1
f 1321//1 409//1 254//1
f 1415//1 1293//1 1059//1
f 537//1 530//1 1316//1
f 1335//15 817//15 1278//15
f 1525//1 1524//1 1066//1
f 1241//4 1504//4 1251//4
f 1511//4 1251//4 1504//4
f 793//1 1467//1 794//1
f 420//68 1273//68 816//68
f 1278//68 816//68 1273//68
f 849//28 1339//28 847//28
f 1526//1 1527//1 1442//1
f 1442//1 1475//1 1526//1
f 1474//1 1469//1 1526//1
f 1506//1 1505//1 1502//1
f 1528//2 1249//2 1251//2
f 1528//2 1251//2 1511//2
f 1487//1 1525//1 1066//1
f 848//29 1339//29 849//29
f 1529//1 1522//1 1530//1
f 1530//1 1522//1 1520//1
f 915//1 1529//1 916//1
f 697//23 1292//23 1304//23
f 1249//14 1528//14 1247//14
f 1531//14 1247//14 1528//14
f 882//1 881//1 18//1
f 1103//1 18//1 881//1
f 20//1 882//1 18//1
f 1292//25 697//25 1291//25
f 890//73 1390//73 891//73
f 1018//1 1532//1 1025//1
f 1469//67 1247//67 1531//67
f 925//1 1103//1 926//1
f 881//1 926//1 1103//1
f 694//26 1306//26 1291//26
f 1469//1 1531//1 1526//1
f 1390//11 890//11 1373//11
f 889//11 1373//11 890//11
f 1533//1 1534//1 344//1
f 1279//51 1486//51 1265//51
f 1474//1 1526//1 1475//1
f 20//1 1025//1 1016//1
f 1017//1 922//1 20//1
f 1532//1 1024//1 1025//1
f 1025//1 37//1 1018//1
f 889//32 1372//32 1373//32
f 1305//3 1306//3 694//3
f 811//1 1467//1 793//1
f 1535//1 1536//1 344//1
f 1536//1 1533//1 344//1
f 47//1 1537//1 48//1
f 1188//1 45//1 48//1
f 1189//1 45//1 1188//1
f 1476//1 1475//1 1442//1
f 46//1 45//1 1189//1
f 1372//32 889//32 888//32
f 1265//15 1443//15 1264//15
f 1538//1 1535//1 344//1
f 692//4 1319//4 1305//4
f 1442//1 1479//1 1539//1
f 867//17 1391//17 888//17
f 1540//1 1538//1 344//1
f 1191//16 1267//16 1264//16
f 868//18 1381//18 1391//18
f 868//18 1391//18 867//18
f 326//2 1319//2 692//2
f 1480//1 1477//1 1442//1
f 1477//1 1479//1 1442//1
f 1381//19 868//19 869//19
f 1364//69 1491//69 1366//69
f 869//20 879//20 1383//20
f 1480//1 1442//1 1541//1
f 1366//70 1542//70 1543//70
f 1366//70 1543//70 1371//70
f 1383//21 879//21 880//21
f 229//67 330//67 327//67
f 880//22 887//22 1388//22
f 347//1 346//1 1544//1
f 1494//71 1367//71 1543//71
f 1371//71 1543//71 1367//71
f 1541//1 1442//1 1489//1
f 1519//1 1521//1 1545//1
f 1489//1 1442//1 1488//1
f 1367//27 1494//27 1546//27
f 1367//27 1546//27 1368//27
f 1523//12 1369//12 1546//12
f 1368//12 1546//12 1369//12
f 346//1 344//1 1534//1
f 1534//1 1544//1 346//1
f 736//36 319//36 329//36
f 736//36 329//36 230//36
f 1547//1 1545//1 1548//1
f 1369//13 1523//13 1524//13
f 1369//13 1524//13 1370//13
f 319//39 736//39 320//39
f 231//39 320//39 736//39
f 1548//1 137//1 1549//1
f 1525//48 1276//48 1524//48
f 1370//48 1524//48 1276//48
f 1550//1 740//1 1551//1
f 1228//6 320//6 231//6
f 905//55 1403//55 906//55
f 1276//62 1525//62 1487//62
f 1276//62 1487//62 1277//62
f 1552//1 1551//1 740//1
f 1403//52 905//52 904//52
f 133//1 188//1 1549//1
f 1277//63 1487//63 1486//63
f 1277//63 1486//63 1279//63
f 1553//1 1552//1 740//1
f 1554//1 1553//1 740//1
f 1405//23 904//23 903//23
f 1493//1 1555//1 1473//1
f 1495//1 1493//1 1473//1
f 1443//51 1265//51 1486//51
f 809//1 1467//1 811//1
f 1556//1 1554//1 347//1
f 1084//63 763//63 1085//63
f 789//26 1557//26 1349//26
f 1558//1 1559//1 1560//1
f 1561//1 1560//1 1559//1
f 1085//51 763//51 817//51
f 1085//51 817//51 1335//51
f 1385//40 1469//40 1474//40
f 1470//1 1472//1 1497//1
f 1285//3 1557//3 789//3
f 816//15 1278//15 817//15
f 791//4 1283//4 1285//4
f 1500//1 1472//1 1562//1
f 1559//1 1563//1 1561//1
f 145//1 143//1 1545//1
f 1545//1 1561//1 1563//1
f 150//1 145//1 1545//1
f 1563//1 150//1 1545//1
f 1519//1 1545//1 1547//1
f 740//1 347//1 1554//1
f 1564//1 740//1 1550//1
f 1562//1 1472//1 1490//1
f 1476//39 1294//39 1295//39
f 780//22 1213//22 554//22
f 1175//22 554//22 1213//22
f 1324//51 1323//51 910//51
f 1565//1 1566//1 344//1
f 1539//6 120//6 1476//6
f 782//24 1214//24 780//24
f 1213//24 780//24 1214//24
f 1567//1 293//1 1194//1
f 910//15 743//15 1324//15
f 1298//15 1324//15 743//15
f 121//7 120//7 1479//7
f 1497//1 1472//1 1500//1
f 1473//1 1472//1 1481//1
f 1482//1 1495//1 1473//1
f 1555//1 1485//1 1473//1
f 1485//1 1488//1 1078//1
f 1442//1 1078//1 1488//1
f 1214//59 782//59 783//59
f 1214//59 783//59 1357//59
f 1568//1 343//1 1569//1
f 908//68 1296//68 743//68
f 1569//1 343//1 1570//1
f 1478//44 121//44 1479//44
f 785//60 1254//60 783//60
f 1357//60 783//60 1254//60
f 1283//2 791//2 801//2
f 1184//1 46//1 1571//1
f 1523//1 1546//1 1066//1
f 1494//1 1066//1 1546//1
f 1543//1 1483//1 1494//1
f 1542//1 1483//1 1543//1
f 1491//1 1483//1 1542//1
f 1572//1 343//1 1573//1
f 1570//1 343//1 1572//1
f 1282//14 801//14 802//14
f 1254//69 785//69 1255//69
f 1574//1 343//1 1575//1
f 1573//1 343//1 1574//1
f 779//1 794//1 1467//1
f 636//70 1362//70 1255//70
f 1312//40 1313//40 805//40
f 1576//1 1189//1 127//1
f 1362//71 636//71 635//71
f 1362//71 635//71 1363//71
f 806//36 1311//36 805//36
f 1312//36 805//36 1311//36
f 1516//1 1502//1 1501//1
f 1515//1 740//1 1516//1
f 1514//1 740//1 1515//1
f 1190//1 740//1 1514//1
f 1444//1 740//1 1191//1
f 1486//1 740//1 1443//1
f 1575//1 343//1 1577//1
f 573//68 1432//68 576//68
f 1577//1 343//1 1578//1
f 1578//1 110//1 1579//1
f 908//61 1401//61 1296//61
f 137//1 1548//1 140//1
f 1539//1 1476//1 1442//1
f 1531//1 1528//1 1526//1
f 1528//1 1511//1 1526//1
f 1507//1 1526//1 1511//1
f 1503//1 1502//1 1505//1
f 795//27 1392//27 635//27
f 1363//27 635//27 1392//27
f 140//1 1548//1 141//1
f 1401//54 906//54 1402//54
f 108//1 107//1 1580//1
f 929//1 1454//1 930//1
f 1545//1 143//1 1548//1
f 141//1 1548//1 143//1
f 1402//55 906//55 1403//55
f 1392//12 795//12 1393//12
f 1485//29 1310//29 58//29
f 1403//52 904//52 1404//52
f 619//13 1389//13 1393//13
f 331//1 156//1 1529//1
f 1555//30 1353//30 1485//30
f 1310//30 1485//30 1353//30
f 1404//23 904//23 1405//23
f 940//1 1467//1 941//1
f 1502//1 1516//1 740//1
f 1414//1 1581//1 286//1
f 1316//1 1496//1 537//1
f 1389//48 619//48 1382//48
f 1405//25 903//25 1349//25
f 1555//9 1493//9 1353//9
f 171//1 1188//1 169//1
f 173//1 169//1 1188//1
f 954//1 1118//1 185//1
f 1582//1 1583//1 1442//1
f 133//1 1549//1 137//1
f 77//1 73//1 1537//1
f 48//1 1537//1 73//1
f 1583//1 1584//1 1442//1
f 1527//1 1582//1 1442//1
f 1585//5 1586//5 1587//5
f 73//1 75//1 48//1
f 75//1 173//1 48//1
f 1188//1 48//1 173//1
f 1537//1 1549//1 77//1
f 188//1 77//1 1549//1
f 1474//40 1303//40 1385//40
f 171//1 127//1 1188//1
f 1588//1 1189//1 1576//1
f 1189//1 1588//1 1197//1
f 1571//1 46//1 1197//1
f 1589//1 1172//1 1184//1
f 1590//1 1172//1 1589//1
f 1591//1 1194//1 1590//1
f 1592//1 1194//1 1591//1
f 895//1 1454//1 901//1
f 1295//36 1303//36 1474//36
f 1446//1 1442//1 1584//1
f 107//1 286//1 1581//1
f 1581//1 1580//1 107//1
f 1580//1 1579//1 108//1
f 108//1 1579//1 110//1
f 1593//5 1594//5 1586//5
f 1586//5 1594//5 1595//5
f 1596//5 1594//5 1593//5
f 1594//5 82//5 81//5
f 1597//5 84//5 82//5
f 1598//5 1599//5 1597//5
f 1595//5 1594//5 81//5
f 953//1 955//1 264//1
f 1298//68 743//68 1296//68
f 976//1 1454//1 929//1
f 82//5 1585//5 464//5
f 1600//1 740//1 1601//1
f 1502//1 740//1 1602//1
f 1600//1 1602//1 740//1
f 1603//2 1283//2 801//2
f 1294//6 1476//6 120//6
f 83//5 1587//5 81//5
f 735//1 1118//1 984//1
f 1603//14 801//14 1282//14
f 1604//5 1605//5 1057//5
f 1606//1 347//1 1544//1
f 1606//1 1607//1 347//1
f 1607//1 1608//1 347//1
f 1608//1 1556//1 347//1
f 1564//1 1601//1 740//1
f 1539//7 1479//7 120//7
f 1282//67 802//67 920//67
f 1282//67 920//67 1313//67
f 1609//1 343//1 1568//1
f 1566//1 1610//1 344//1
f 1610//1 1540//1 344//1
f 993//1 941//1 1467//1
f 920//40 805//40 1313//40
f 1593//5 1586//5 1585//5
f 1586//5 1595//5 1587//5
f 1587//5 1595//5 81//5
f 1596//5 1585//5 1594//5
f 1596//5 1593//5 1585//5
f 82//5 1594//5 1585//5
f 1611//5 1060//5 1612//5
f 809//1 993//1 1467//1
f 1480//47 86//47 1478//47
f 1400//3 1204//3 1410//3
f 1613//5 529//5 1614//5
f 806//39 832//39 1311//39
f 1530//1 1615//1 1529//1
f 1409//4 1410//4 1204//4
f 1541//8 85//8 86//8
f 1541//8 86//8 1480//8
f 1388//24 887//24 1315//24
f 1216//2 1411//2 1409//2
f 815//59 1314//59 814//59
f 1315//59 814//59 1314//59
f 1489//10 57//10 1541//10
f 899//60 1394//60 815//60
f 1314//60 815//60 1394//60
f 1412//14 1411//14 1216//14
f 285//5 342//5 1616//5
f 250//1 249//1 915//1
f 1615//1 916//1 1529//1
f 946//1 953//1 261//1
f 1617//1 1558//1 1529//1
f 1560//1 1529//1 1558//1
f 156//1 1617//1 1529//1
f 85//10 1541//10 57//10
f 1394//69 899//69 1395//69
f 1618//5 1619//5 342//5
f 1489//28 58//28 57//28
f 1041//5 1040//5 1620//5
f 1621//5 1622//5 1623//5
f 1624//5 464//5 1585//5
f 1395//70 897//70 1200//70
f 1271//34 1417//34 1413//34
f 896//71 1201//71 897//71
f 1200//71 897//71 1201//71
f 264//1 262//1 953//1
f 1417//36 1271//36 1418//36
f 1270//36 1418//36 1271//36
f 1625//5 464//5 1624//5
f 1201//27 896//27 822//27
f 1201//27 822//27 1396//27
f 1422//39 1418//39 1270//39
f 279//1 303//1 959//1
f 464//5 1626//5 769//5
f 823//12 1397//12 822//12
f 1396//12 822//12 1397//12
f 1222//6 1420//6 1422//6
f 1397//13 823//13 1398//13
f 1419//7 1420//7 1222//7
f 1495//11 1354//11 1355//11
f 1627//5 1628//5 1121//5
f 1629//5 1060//5 1611//5
f 1630//5 1060//5 1629//5
f 1630//5 1631//5 1060//5
f 1632//5 1633//5 1056//5
f 1056//5 1057//5 1632//5
f 1117//5 1634//5 1116//5
f 1116//5 1604//5 1057//5
f 1398//48 825//48 1406//48
f 1635//5 1636//5 1001//5
f 284//1 959//1 196//1
f 1012//5 1001//5 1637//5
f 197//1 196//1 959//1
f 1638//5 1639//5 1640//5
f 1406//62 825//62 1322//62
f 544//5 548//5 1641//5
f 1642//5 1635//5 1001//5
f 206//1 197//1 959//1
f 1626//5 464//5 1643//5
f 1644//5 767//5 1626//5
f 1645//5 1646//5 1122//5
f 1482//32 1647//32 1495//32
f 1647//32 1354//32 1495//32
f 1641//5 1648//5 544//5
f 1151//8 1342//8 1421//8
f 471//5 1598//5 464//5
f 959//1 1194//1 206//1
f 293//1 206//1 1194//1
f 539//5 544//5 1648//5
f 1647//17 1482//17 1331//17
f 1481//17 1331//17 1482//17
f 1427//12 1445//12 813//12
f 1597//5 82//5 464//5
f 1643//5 464//5 1625//5
f 1598//5 1597//5 464//5
f 812//13 748//13 813//13
f 1427//13 813//13 748//13
f 1471//18 1356//18 1331//18
f 1471//18 1331//18 1481//18
f 223//1 264//1 955//1
f 748//48 812//48 747//48
f 1325//39 1311//39 832//39
f 1356//19 1471//19 1330//19
f 1470//19 1330//19 1471//19
f 1649//5 539//5 1648//5
f 859//62 708//62 747//62
f 1325//6 832//6 1334//6
f 833//6 1334//6 832//6
f 303//1 224//1 955//1
f 1122//5 1650//5 1121//5
f 469//5 503//5 463//5
f 1330//20 1470//20 1328//20
f 1001//5 996//5 1642//5
f 1636//5 1651//5 1001//5
f 708//63 859//63 1451//63
f 894//1 1454//1 895//1
f 962//1 1274//1 894//1
f 185//1 1274//1 871//1
f 871//1 870//1 185//1
f 870//1 954//1 185//1
f 984//1 1118//1 954//1
f 1334//7 833//7 1327//7
f 838//7 1327//7 833//7
f 1652//5 1653//5 942//5
f 1500//21 1337//21 1328//21
f 1326//44 1327//44 838//44
f 463//5 470//5 464//5
f 558//5 557//5 1654//5
f 1655//5 84//5 1656//5
f 1430//15 576//15 1431//15
f 488//5 463//5 504//5
f 1337//22 1500//22 1562//22
f 1337//22 1562//22 1336//22
f 843//47 1332//47 1326//47
f 936//1 1212//1 940//1
f 934//1 1212//1 936//1
f 901//1 1454//1 976//1
f 1651//5 1637//5 1001//5
f 1657//5 1641//5 548//5
f 548//5 255//5 1657//5
f 1614//5 531//5 1649//5
f 1658//5 83//5 1659//5
f 1490//24 1344//24 1562//24
f 1336//24 1562//24 1344//24
f 1660//5 1661//5 103//5
f 1661//5 1662//5 103//5
f 1662//5 1663//5 103//5
f 1664//5 83//5 1658//5
f 1344//59 1490//59 1484//59
f 1344//59 1484//59 1343//59
f 1243//19 455//19 1358//19
f 1243//19 1358//19 1182//19
f 1665//5 1666//5 1667//5
f 1529//1 915//1 331//1
f 1343//60 1484//60 1491//60
f 1343//60 1491//60 1364//60
f 84//5 1667//5 1666//5
f 1244//20 460//20 1243//20
f 455//20 1243//20 460//20
f 489//5 559//5 558//5
f 1302//5 1295//5 1439//5
f 836//5 88//5 1478//5
f 598//5 1004//5 1654//5
f 1656//5 84//5 1666//5
f 1542//69 1366//69 1491//69
f 846//8 1333//8 1332//8
f 846//8 1332//8 843//8
f 460//21 1244//21 1361//21
f 249//1 331//1 915//1
f 1004//5 1668//5 1654//5
f 1669//5 1654//5 1668//5
f 252//1 250//1 915//1
f 1333//10 846//10 1338//10
f 847//10 1338//10 846//10
f 1660//5 103//5 1670//5
f 1670//5 1671//5 1660//5
f 1620//5 1061//5 1672//5
f 915//1 946//1 252//1
f 1673//1 1674//1 1675//1
f 1359//24 858//24 1440//24
f 1339//28 1338//28 847//28
f 1661//5 1660//5 1676//5
f 261//1 369//1 946//1
f 369//1 252//1 946//1
f 857//59 1492//59 858//59
f 1440//59 858//59 1492//59
f 848//29 1340//29 1339//29
f 1663//5 1677//5 103//5
f 1677//5 101//5 103//5
f 262//1 261//1 953//1
f 1639//5 1678//5 1640//5
f 1340//72 848//72 891//72
f 1340//72 891//72 1345//72
f 1492//195 857//195 746//195
f 1679//5 1621//5 1623//5
f 1662//5 1661//5 1676//5
f 1663//5 1662//5 1676//5
f 1390//73 1345//73 891//73
f 1680//5 1042//5 1041//5
f 1009//163 1348//163 746//163
f 1599//5 1681//5 1622//5
f 955//1 959//1 303//1
f 224//1 223//1 955//1
f 1256//70 983//70 1009//70
f 1348//70 1009//70 983//70
f 1682//5 1665//5 1599//5
f 1622//5 1682//5 1599//5
f 284//1 279//1 959//1
f 1172//1 1590//1 1194//1
f 1592//1 97//1 1194//1
f 983//71 1256//71 982//71
f 1683//5 1669//5 1668//5
f 1668//5 1670//5 1683//5
f 97//1 1567//1 1194//1
f 1684//5 83//5 1664//5
f 1685//5 1676//5 1686//5
f 982//27 1229//27 1445//27
f 1687//1 265//1 1688//1
f 1689//5 345//5 1690//5
f 1691//5 83//5 1692//5
f 1692//5 83//5 1684//5
f 1468//1 940//1 1428//1
f 1428//1 940//1 1429//1
f 1677//5 1663//5 1693//5
f 1676//5 1693//5 1663//5
f 1694//5 1587//5 1691//5
f 1445//12 1229//12 813//12
f 1695//5 345//5 1689//5
f 265//1 260//1 1688//1
f 1070//5 1076//5 216//5
f 1696//5 1697//5 1698//5
f 1093//5 706//5 1451//5
f 1699//1 1688//1 260//1
f 1391//17 1372//17 888//17
f 1700//5 1701//5 1587//5
f 1702//5 345//5 1703//5
f 1704//5 1705//5 1706//5
f 1707//5 1705//5 1704//5
f 1708//1 183//1 1709//1
f 1709//1 183//1 1127//1
f 1710//5 1700//5 1587//5
f 869//19 1380//19 1381//19
f 1711//5 1122//5 1712//5
f 1380//20 869//20 1383//20
f 569//1 1713//1 1675//1
f 928//5 1714//5 1698//5
f 880//21 1384//21 1383//21
f 1042//227 885//227 855//227
f 1384//22 880//22 1388//22
f 1715//5 345//5 1716//5
f 1521//228 1522//228 1698//228
f 1521//228 1698//228 1697//228
f 814//24 1315//24 887//24
f 1690//5 345//5 1715//5
f 1674//1 1717//1 1148//1
f 1519//229 1706//229 1696//229
f 1519//229 1696//229 1520//229
f 1454//1 894//1 1274//1
f 1547//230 1704//230 1706//230
f 1547//230 1706//230 1519//230
f 1148//1 1675//1 1674//1
f 1673//1 1675//1 1718//1
f 1718//1 1675//1 1719//1
f 1720//5 386//5 1721//5
f 1548//231 1707//231 1704//231
f 1548//231 1704//231 1547//231
f 1148//1 1164//1 939//1
f 1717//1 1722//1 1148//1
f 1722//1 1162//1 1148//1
f 1633//5 1723//5 1065//5
f 1548//232 1549//232 1724//232
f 1548//232 1724//232 1707//232
f 1725//5 386//5 1720//5
f 1605//5 1632//5 1057//5
f 1726//5 386//5 1725//5
f 1723//5 1727//5 1062//5
f 1728//5 386//5 1726//5
f 921//138 916//138 1615//138
f 386//5 1728//5 348//5
f 1615//233 1530//233 1714//233
f 1615//233 1714//233 921//233
f 1729//1 1730//1 183//1
f 1731//1 265//1 1687//1
f 1732//1 569//1 1731//1
f 1733//1 292//1 1675//1
f 1719//1 1675//1 1713//1
f 1713//1 569//1 1732//1
f 1727//5 1612//5 1062//5
f 1060//5 1062//5 1612//5
f 1065//5 1056//5 1633//5
f 1530//234 1520//234 1714//234
f 1696//234 1714//234 1520//234
f 1734//5 348//5 1735//5
f 1729//1 183//1 1708//1
f 1244//1 207//1 1245//1
f 1042//5 1638//5 1640//5
f 1736//5 348//5 1734//5
f 84//5 1597//5 1667//5
f 1672//5 1061//5 1631//5
f 1667//5 1597//5 1599//5
f 1737//5 386//5 1738//5
f 1598//5 1681//5 1599//5
f 1627//5 1121//5 1650//5
f 1212//1 930//1 1454//1
f 930//1 1212//1 934//1
f 1598//5 1623//5 1681//5
f 1628//5 1739//5 1121//5
f 1645//5 1122//5 1711//5
f 1060//5 1631//5 1061//5
f 1638//5 1042//5 1680//5
f 1740//5 1683//5 1741//5
f 1683//5 103//5 1741//5
f 1721//5 386//5 1742//5
f 104//5 1741//5 103//5
f 1429//1 940//1 1212//1
f 101//5 1743//5 102//5
f 1634//5 1117//5 1744//5
f 1604//5 1116//5 1634//5
f 1062//5 1065//5 1723//5
f 1646//5 1650//5 1122//5
f 1117//5 1121//5 1739//5
f 1744//5 1117//5 1739//5
f 1429//1 1212//1 1211//1
f 1667//5 1599//5 1665//5
f 1659//5 83//5 1655//5
f 1681//5 1623//5 1622//5
f 1623//5 1640//5 1679//5
f 102//5 126//5 104//5
f 1619//5 1745//5 342//5
f 1640//227 885//227 1042//227
f 1746//5 1747//5 1268//5
f 1748//5 1587//5 1694//5
f 1749//5 1710//5 1587//5
f 1748//5 1749//5 1587//5
f 1122//5 1587//5 1701//5
f 1701//5 1712//5 1122//5
f 84//5 1655//5 83//5
f 83//5 1691//5 1587//5
f 1745//5 1750//5 342//5
f 1751//5 1752//5 342//5
f 1266//5 1193//5 1398//5
f 1750//5 1753//5 342//5
f 1678//5 1679//5 1640//5
f 1061//5 1620//5 1040//5
f 219//5 704//5 216//5
f 202//5 746//5 416//5
f 1616//5 342//5 1754//5
f 1753//5 1754//5 342//5
f 1640//235 1623//235 885//235
f 416//5 746//5 407//5
f 1329//5 1343//5 1365//5
f 1371//5 1367//5 1365//5
f 1754//5 1755//5 1616//5
f 872//69 850//69 1630//69
f 360//1 356//1 1756//1
f 1070//5 216//5 704//5
f 1451//5 1430//5 1093//5
f 1757//5 1758//5 1616//5
f 1755//5 1759//5 1616//5
f 1122//236 972//236 1587//236
f 852//70 1631//70 850//70
f 1630//70 850//70 1631//70
f 951//1 572//1 2//1
f 972//236 969//236 1587//236
f 1631//71 852//71 1672//71
f 1350//5 1557//5 1760//5
f 925//237 1623//237 1103//237
f 969//238 24//238 1587//238
f 1598//237 1103//237 1623//237
f 1760//5 1557//5 1284//5
f 90//5 1616//5 1761//5
f 571//1 932//1 2//1
f 1623//235 925//235 885//235
f 1612//59 873//59 875//59
f 1612//59 875//59 1611//59
f 1537//239 47//239 1683//239
f 876//1 2//1 1123//1
f 1123//1 2//1 1002//1
f 1537//240 1724//240 1549//240
f 872//60 1629//60 875//60
f 1611//60 875//60 1629//60
f 1537//239 1683//239 1740//239
f 1103//241 1598//241 471//241
f 1103//241 471//241 54//241
f 1386//5 1385//5 1387//5
f 1537//240 1740//240 1724//240
f 1629//69 872//69 1630//69
f 1762//1 381//1 583//1
f 463//242 488//242 29//242
f 29//243 488//243 23//243
f 1696//5 1706//5 1697//5
f 1248//5 1247//5 1386//5
f 1763//5 1307//5 1764//5
f 54//244 471//244 470//244
f 54//244 470//244 43//244
f 1765//1 381//1 1762//1
f 1766//1 381//1 1767//1
f 1768//5 1769//5 1260//5
f 1406//5 1322//5 1266//5
f 1770//5 1307//5 1763//5
f 43//245 470//245 463//245
f 43//245 463//245 29//245
f 1771//5 1307//5 1770//5
f 301//1 581//1 475//1
f 257//1 301//1 475//1
f 257//1 475//1 582//1
f 1697//5 1706//5 1705//5
f 465//1 453//1 449//1
f 1016//25 1024//25 1659//25
f 1705//5 1707//5 1724//5
f 1233//246 1231//246 1644//246
f 1233//246 1644//246 1626//246
f 1659//26 1024//26 1658//26
f 1532//26 1658//26 1024//26
f 1772//5 1307//5 1773//5
f 1774//5 1308//5 1307//5
f 1773//5 1307//5 1771//5
f 7//247 1233//247 1626//247
f 7//247 1626//247 1643//247
f 1658//3 1532//3 1018//3
f 1758//5 1761//5 1616//5
f 1439//5 90//5 1761//5
f 1387//5 1303//5 1302//5
f 1376//5 1416//5 1378//5
f 1759//5 1757//5 1616//5
f 1232//248 1775//248 1644//248
f 1232//248 1644//248 1231//248
f 93//5 1764//5 1307//5
f 8//249 7//249 1643//249
f 8//249 1643//249 1625//249
f 449//1 442//1 361//1
f 1002//1 2//1 1011//1
f 1011//1 2//1 441//1
f 386//5 1376//5 1378//5
f 1738//5 386//5 1378//5
f 1776//5 386//5 1737//5
f 1115//250 8//250 1625//250
f 1115//250 1625//250 1624//250
f 1772//5 1777//5 1307//5
f 1777//5 1774//5 1307//5
f 1603//5 1282//5 1281//5
f 1283//5 1603//5 1281//5
f 1778//5 1283//5 1281//5
f 1284//5 1283//5 1778//5
f 1779//5 1297//5 1350//5
f 1285//5 1284//5 1557//5
f 24//251 1115//251 1624//251
f 24//252 1624//252 1585//252
f 257//1 583//1 381//1
f 1780//5 1705//5 1781//5
f 1776//5 1742//5 386//5
f 1782//5 348//5 1736//5
f 1783//5 348//5 1782//5
f 1716//5 349//5 1783//5
f 1784//5 345//5 1695//5
f 1785//5 345//5 1784//5
f 1703//5 345//5 1785//5
f 1735//5 348//5 1728//5
f 1767//1 381//1 1765//1
f 1587//253 24//253 1585//253
f 1786//5 1297//5 1787//5
f 1557//5 1350//5 1349//5
f 1787//5 1297//5 1779//5
f 1788//5 1361//5 1360//5
f 1789//5 345//5 1702//5
f 1790//5 342//5 1789//5
f 1791//5 1751//5 342//5
f 1791//5 342//5 1790//5
f 155//5 157//5 928//5
f 1307//254 724//254 842//254
f 1307//254 842//254 800//254
f 348//5 1783//5 349//5
f 139//5 1724//5 138//5
f 1307//255 1170//255 724//255
f 927//61 919//61 1622//61
f 391//1 393//1 381//1
f 1766//1 390//1 381//1
f 129//256 23//256 488//256
f 1787//63 1092//63 1786//63
f 129//257 488//257 489//257
f 1792//5 1297//5 1793//5
f 734//51 1786//51 735//51
f 1166//51 735//51 1786//51
f 1794//5 1795//5 1796//5
f 928//5 1796//5 1795//5
f 1795//5 1797//5 928//5
f 1796//5 1798//5 1794//5
f 1780//5 1794//5 1798//5
f 1705//5 1780//5 1798//5
f 1724//5 142//5 1705//5
f 244//258 129//258 489//258
f 1649//27 1496//27 1316//27
f 1799//5 1297//5 1792//5
f 244//259 489//259 558//259
f 1800//5 1297//5 1799//5
f 1801//5 1297//5 1800//5
f 1802//5 1803//5 1297//5
f 1804//5 1793//5 1297//5
f 1456//60 1455//60 1308//60
f 1805//5 1806//5 1693//5
f 1803//5 1807//5 1297//5
f 1308//69 1455//69 1458//69
f 332//1 550//1 166//1
f 1458//70 1457//70 1281//70
f 244//260 1654//260 1141//260
f 569//1 1675//1 292//1
f 260//1 240//1 1699//1
f 1768//5 1260//5 1808//5
f 1808//5 1260//5 1807//5
f 1654//261 244//261 558//261
f 1281//71 1457//71 1465//71
f 1141//262 1654//262 1669//262
f 1518//17 340//17 341//17
f 1465//27 1459//27 1284//27
f 1809//5 102//5 1810//5
f 1141//263 1669//263 1683//263
f 1141//263 1683//263 47//263
f 1517//18 1653//18 1518//18
f 1284//12 1459//12 1126//12
f 959//264 1693//264 1194//264
f 1508//19 1653//19 1517//19
f 126//5 102//5 1809//5
f 1810//5 102//5 1743//5
f 1693//265 1161//265 1194//265
f 1126//13 1029//13 1350//13
f 1003//5 1010//5 720//5
f 966//5 1003//5 720//5
f 1508//20 1509//20 1642//20
f 1693//265 1676//265 1161//265
f 1089//48 1779//48 1029//48
f 1350//48 1029//48 1779//48
f 1642//21 1509//21 1510//21
f 1685//266 1811//266 1263//266
f 1685//266 1263//266 1198//266
f 1092//62 1787//62 1089//62
f 1779//62 1089//62 1787//62
f 1676//267 1685//267 1198//267
f 1676//267 1198//267 1161//267
f 1510//22 1512//22 1636//22
f 1740//5 182//5 1724//5
f 1166//63 1786//63 1092//63
f 1812//5 1813//5 1268//5
f 1747//5 1812//5 1268//5
f 1263//268 1811//268 1407//268
f 146//5 1705//5 144//5
f 1636//24 1512//24 1513//24
f 1811//268 67//268 1407//268
f 1781//5 1705//5 146//5
f 1407//269 67//269 31//269
f 1407//269 31//269 1423//269
f 1814//5 177//5 761//5
f 762//5 177//5 1814//5
f 1423//270 31//270 1318//270
f 1318//270 1473//270 1423//270
f 638//5 720//5 650//5
f 128//5 104//5 126//5
f 1321//163 1320//163 1641//163
f 1260//5 1297//5 1807//5
f 1769//5 1815//5 1260//5
f 1815//5 1816//5 1260//5
f 1816//5 1746//5 1260//5
f 1268//5 1260//5 1746//5
f 1801//5 1802//5 1297//5
f 1464//19 1770//19 1461//19
f 1318//271 1329//271 1472//271
f 1318//271 1472//271 1473//271
f 170//5 104//5 128//5
f 1641//70 1320//70 1317//70
f 1472//272 1329//272 1483//272
f 172//5 104//5 170//5
f 1770//20 1464//20 1462//20
f 1813//5 1817//5 1268//5
f 180//5 1741//5 172//5
f 1329//272 1365//272 1483//272
f 1462//21 1463//21 1773//21
f 1317//71 1496//71 1649//71
f 1818//1 2//1 1819//1
f 1483//273 1365//273 1067//273
f 1483//273 1067//273 1066//273
f 1773//22 1463//22 1453//22
f 634//5 720//5 638//5
f 1010//5 658//5 650//5
f 720//5 1010//5 650//5
f 1819//1 2//1 394//1
f 1614//27 1649//27 1316//27
f 134//5 1724//5 132//5
f 138//5 1724//5 134//5
f 144//5 1705//5 142//5
f 142//5 1724//5 139//5
f 1820//5 1297//5 1821//5
f 1804//5 1297//5 1820//5
f 2//1 858//1 16//1
f 394//1 2//1 16//1
f 1293//12 1613//12 1316//12
f 1614//12 1316//12 1613//12
f 1647//5 1318//5 1354//5
f 1331//5 1318//5 1647//5
f 55//5 1075//5 31//5
f 87//5 836//5 1478//5
f 121//5 1478//5 90//5
f 1740//5 1741//5 74//5
f 182//5 1740//5 74//5
f 132//5 1724//5 182//5
f 104//5 172//5 1741//5
f 180//5 74//5 1741//5
f 1415//13 96//13 1293//13
f 1613//13 1293//13 96//13
f 777//5 1822//5 541//5
f 1822//5 761//5 541//5
f 1772//24 1453//24 1777//24
f 17//1 14//1 858//1
f 14//1 16//1 858//1
f 98//5 1693//5 99//5
f 100//5 1805//5 1693//5
f 1677//5 1693//5 1806//5
f 1806//5 1823//5 1677//5
f 1823//5 1824//5 1677//5
f 1825//5 101//5 1824//5
f 1677//5 1824//5 101//5
f 1743//5 101//5 1825//5
f 883//55 922//55 1666//55
f 1456//59 1774//59 1452//59
f 1777//59 1452//59 1774//59
f 96//48 1415//48 1498//48
f 96//48 1498//48 90//48
f 17//1 858//1 406//1
f 921//5 928//5 917//5
f 690//5 1654//5 557//5
f 769//5 1626//5 767//5
f 1774//60 1456//60 1308//60
f 1666//52 922//52 1017//52
f 90//62 1498//62 1499//62
f 90//62 1499//62 1616//62
f 644//5 541//5 645//5
f 605//5 604//5 541//5
f 644//5 605//5 541//5
f 1458//69 1280//69 1308//69
f 286//63 285//63 1499//63
f 1616//63 1499//63 285//63
f 103//5 1683//5 1670//5
f 611//5 645//5 541//5
f 1280//70 1458//70 1281//70
f 423//1 483//1 1232//1
f 1652//17 340//17 1518//17
f 1465//71 1778//71 1281//71
f 1676//5 1660//5 1826//5
f 1653//18 1652//18 1518//18
f 1778//27 1465//27 1284//27
f 1797//5 155//5 928//5
f 854//48 853//48 1638//48
f 1827//5 195//5 659//5
f 69//5 659//5 246//5
f 1508//19 1828//19 1653//19
f 1126//12 1760//12 1284//12
f 1671//5 1829//5 1660//5
f 598//5 1654//5 690//5
f 884//62 1639//62 853//62
f 1638//62 853//62 1639//62
f 1828//20 1508//20 1642//20
f 1760//13 1126//13 1350//13
f 69//5 253//5 659//5
f 1510//21 1635//21 1642//21
f 1639//63 884//63 949//63
f 1639//63 949//63 1678//63
f 1696//5 1698//5 1714//5
f 359//5 251//5 918//5
f 921//5 1714//5 928//5
f 1678//51 949//51 948//51
f 1635//22 1510//22 1636//22
f 1829//5 1826//5 1660//5
f 948//15 1019//15 1621//15
f 1636//24 1513//24 1651//24
f 157//5 359//5 918//5
f 78//1 443//1 1232//1
f 927//68 1622//68 1019//68
f 1621//68 1019//68 1622//68
f 928//5 157//5 918//5
f 409//59 1637//59 1513//59
f 1651//59 1513//59 1637//59
f 1686//5 1676//5 1826//5
f 79//1 78//1 1232//1
f 1830//32 716//32 715//32
f 958//5 289//5 1693//5
f 1830//17 715//17 1764//17
f 1321//195 1657//195 409//195
f 1637//195 409//195 1657//195
f 1684//4 1018//4 36//4
f 1004//274 1143//274 1142//274
f 1004//274 1142//274 1668//274
f 1460//17 1764//17 715//17
f 1657//163 1321//163 1641//163
f 25//2 1692//2 1684//2
f 25//2 1684//2 36//2
f 472//1 91//1 1232//1
f 1764//18 1460//18 1763//18
f 1461//18 1763//18 1460//18
f 1199//216 1012//216 1831//216
f 964//195 963//195 1123//195
f 1317//70 1648//70 1641//70
f 1692//14 25//14 960//14
f 1160//275 1159//275 1826//275
f 1160//275 1826//275 1829//275
f 1770//19 1763//19 1461//19
f 1002//163 966//163 1123//163
f 1165//276 1160//276 1829//276
f 1165//276 1829//276 1671//276
f 1462//20 1771//20 1770//20
f 1694//67 960//67 1023//67
f 650//277 652//277 465//277
f 650//277 465//277 449//277
f 1239//278 1165//278 1671//278
f 1239//278 1671//278 1670//278
f 1771//21 1462//21 1773//21
f 289//5 958//5 198//5
f 465//279 652//279 656//279
f 465//279 656//279 475//279
f 1694//40 1023//40 1748//40
f 1022//40 1748//40 1023//40
f 1668//280 1142//280 1239//280
f 1668//280 1239//280 1670//280
f 1773//22 1453//22 1772//22
f 294//5 1693//5 289//5
f 1268//5 1832//5 1833//5
f 475//281 656//281 762//281
f 475//281 762//281 582//281
f 205//1 858//1 207//1
f 1257//282 1199//282 1831//282
f 1257//282 1831//282 1834//282
f 1748//36 1022//36 1749//36
f 970//36 1749//36 1022//36
f 582//283 762//283 1814//283
f 582//283 1814//283 583//283
f 1452//24 1777//24 1453//24
f 1252//284 1257//284 1834//284
f 1252//284 1834//284 1686//284
f 207//1 183//1 220//1
f 583//285 1814//285 761//285
f 583//285 761//285 1762//285
f 968//39 1710//39 1749//39
f 968//39 1749//39 970//39
f 100//5 1693//5 98//5
f 1826//286 1159//286 1252//286
f 1826//286 1252//286 1686//286
f 1762//287 761//287 1765//287
f 967//6 1710//6 968//6
f 517//1 183//1 236//1
f 220//1 183//1 517//1
f 361//288 638//288 650//288
f 361//288 650//288 449//288
f 973//7 1701//7 967//7
f 304//5 956//5 300//5
f 761//287 1822//287 1765//287
f 1648//71 1317//71 1649//71
f 975//44 1701//44 973//44
f 1765//289 1822//289 777//289
f 1765//289 777//289 1767//289
f 278//5 958//5 304//5
f 1835//5 1361//5 1788//5
f 1767//290 777//290 776//290
f 1767//290 776//290 1766//290
f 974//47 1711//47 975//47
f 750//5 93//5 738//5
f 738//5 93//5 92//5
f 1766//291 776//291 604//291
f 1766//291 604//291 390//291
f 1711//8 974//8 1007//8
f 740//292 386//292 347//292
f 348//292 347//292 386//292
f 1836//5 1361//5 1835//5
f 1297//5 1361//5 1821//5
f 1837//293 342//293 1827//293
f 1690//25 1536//25 1535//25
f 1837//293 343//293 342//293
f 239//1 234//1 183//1
f 1827//294 659//294 1837//294
f 1821//5 1361//5 1838//5
f 183//1 1730//1 239//1
f 372//5 263//5 952//5
f 952//5 947//5 372//5
f 659//294 541//294 1837//294
f 263//5 383//5 952//5
f 1837//295 541//295 166//295
f 956//5 952//5 383//5
f 251//5 362//5 918//5
f 240//1 239//1 1730//1
f 874//19 1632//19 991//19
f 225//5 956//5 383//5
f 370//5 372//5 947//5
f 1632//20 874//20 429//20
f 429//21 428//21 1723//21
f 1637//5 1657//5 255//5
f 290//1 292//1 1733//1
f 300//5 956//5 225//5
f 283//5 958//5 280//5
f 280//5 958//5 278//5
f 198//5 958//5 283//5
f 362//5 370//5 947//5
f 947//5 918//5 362//5
f 837//22 1727//22 428//22
f 1723//22 428//22 1727//22
f 671//1 290//1 1733//1
f 99//5 1693//5 294//5
f 1839//1 1840//1 343//1
f 1609//1 1841//1 343//1
f 531//5 1614//5 529//5
f 1698//296 1522//296 1529//296
f 1698//296 1529//296 928//296
f 343//1 1837//1 147//1
f 147//1 1839//1 343//1
f 539//5 1649//5 531//5
f 1672//71 852//71 856//71
f 154//1 151//1 1837//1
f 928//297 1529//297 1560//297
f 928//297 1560//297 1796//297
f 402//27 1672//27 856//27
f 1697//298 1705//298 1521//298
f 1560//299 1561//299 1798//299
f 1560//299 1798//299 1796//299
f 1545//298 1521//298 1705//298
f 158//1 154//1 1837//1
f 1536//23 1690//23 1533//23
f 902//29 1627//29 1006//29
f 676//1 675//1 1733//1
f 1561//300 1545//300 1705//300
f 1561//300 1705//300 1798//300
f 1628//72 1627//72 902//72
f 1628//72 902//72 893//72
f 186//1 11//1 1837//1
f 13//1 158//1 1837//1
f 830//73 1739//73 1628//73
f 830//73 1628//73 893//73
f 11//1 13//1 1837//1
f 338//1 1733//1 350//1
f 1739//11 830//11 829//11
f 1832//5 1268//5 1817//5
f 1842//5 1833//5 1832//5
f 1843//5 1833//5 1842//5
f 1844//5 1833//5 1843//5
f 1721//13 1550//13 1551//13
f 1733//1 1756//1 350//1
f 675//1 671//1 1733//1
f 986//32 1634//32 829//32
f 477//5 309//5 1012//5
f 1838//5 1361//5 1845//5
f 1845//5 1361//5 1846//5
f 1846//5 1361//5 1836//5
f 702//1 350//1 1756//1
f 355//1 702//1 1756//1
f 1656//52 1666//52 1017//52
f 1831//5 1012//5 309//5
f 194//1 1837//1 51//1
f 1016//23 1655//23 1017//23
f 1656//23 1017//23 1655//23
f 1558//70 1617//70 1797//70
f 273//5 282//5 1012//5
f 49//1 51//1 166//1
f 1655//25 1016//25 1659//25
f 1553//63 1554//63 1728//63
f 166//1 56//1 49//1
f 156//71 155//71 1617//71
f 1018//3 1664//3 1658//3
f 338//1 337//1 1733//1
f 337//1 676//1 1733//1
f 265//1 1731//1 276//1
f 276//1 1731//1 569//1
f 1730//1 1699//1 240//1
f 309//5 310//5 1831//5
f 1728//51 1554//51 1556//51
f 1781//24 146//24 150//24
f 1028//7 1804//7 1090//7
f 1664//4 1018//4 1684//4
f 1563//59 1780//59 150//59
f 1781//59 150//59 1780//59
f 1556//15 1608//15 1734//15
f 1804//44 1028//44 1027//44
f 500//5 499//5 1834//5
f 1622//61 919//61 1682//61
f 1559//60 1794//60 1563//60
f 1780//60 1563//60 1794//60
f 1756//1 1232//1 438//1
f 443//1 438//1 1232//1
f 433//1 1756//1 438//1
f 360//1 1756//1 433//1
f 356//1 355//1 1756//1
f 1734//16 1608//16 1607//16
f 70//1 166//1 68//1
f 1686//5 1834//5 499//5
f 310//5 500//5 1831//5
f 1558//69 1795//69 1559//69
f 1794//69 1559//69 1795//69
f 1031//47 1792//47 1027//47
f 1738//69 1378//69 1602//69
f 883//54 1665//54 919//54
f 1682//54 919//54 1665//54
f 1795//70 1558//70 1797//70
f 1030//8 1792//8 1031//8
f 1738//70 1602//70 1600//70
f 270//1 110//1 343//1
f 1665//55 883//55 1666//55
f 1818//1 1847//1 2//1
f 1848//1 1849//1 2//1
f 1849//1 363//1 2//1
f 430//1 423//1 2//1
f 1232//1 2//1 423//1
f 478//1 472//1 1232//1
f 91//1 79//1 1232//1
f 478//1 1232//1 483//1
f 1797//71 1617//71 155//71
f 293//4 1567//4 99//4
f 1601//27 1564//27 1742//27
f 1034//28 1801//28 1032//28
f 402//27 1620//27 1672//27
f 99//2 1567//2 97//2
f 1721//12 1742//12 1550//12
f 1564//12 1550//12 1742//12
f 286//1 1499//1 1414//1
f 1620//12 402//12 935//12
f 1620//12 935//12 1041//12
f 1592//14 100//14 97//14
f 1043//29 1801//29 1034//29
f 234//1 236//1 183//1
f 417//1 858//1 203//1
f 406//1 858//1 417//1
f 1565//67 1841//67 1789//67
f 854//13 1680//13 935//13
f 1041//13 935//13 1680//13
f 1805//67 100//67 1592//67
f 1805//67 1592//67 1591//67
f 1789//40 1841//40 1609//40
f 1680//48 854//48 1638//48
f 1590//40 1806//40 1805//40
f 1590//40 1805//40 1591//40
f 1518//1 341//1 410//1
f 1081//73 1807//73 1044//73
f 1806//36 1590//36 1823//36
f 1589//36 1823//36 1590//36
f 1184//39 1824//39 1823//39
f 1184//39 1823//39 1589//39
f 1807//11 1081//11 1033//11
f 76//1 68//1 210//1
f 1824//6 1184//6 1825//6
f 1571//6 1825//6 1184//6
f 723//5 1811//5 367//5
f 1570//6 1752//6 1569//6
f 1678//51 948//51 1679//51
f 1197//7 1743//7 1825//7
f 1197//7 1825//7 1571//7
f 1752//7 1570//7 1618//7
f 1572//7 1618//7 1570//7
f 1679//15 948//15 1621//15
f 1743//44 1197//44 1810//44
f 1588//44 1810//44 1197//44
f 733//5 1811//5 732//5
f 732//5 1811//5 723//5
f 1830//5 93//5 716//5
f 1573//44 1618//44 1572//44
f 1576//47 1809//47 1810//47
f 1576//47 1810//47 1588//47
f 335//1 324//1 210//1
f 1064//17 1769//17 1063//17
f 750//5 752//5 93//5
f 389//5 1811//5 733//5
f 1809//8 1576//8 126//8
f 127//8 126//8 1576//8
f 1069//18 1769//18 1064//18
f 312//1 210//1 317//1
f 324//1 317//1 210//1
f 717//5 1685//5 710//5
f 171//10 128//10 127//10
f 792//5 778//5 111//5
f 778//5 94//5 111//5
f 295//5 792//5 111//5
f 1068//19 1816//19 1069//19
f 344//1 343//1 1841//1
f 1850//1 270//1 343//1
f 1841//1 1565//1 344//1
f 1578//1 343//1 110//1
f 960//14 1691//14 1692//14
f 1745//8 1574//8 1575//8
f 1816//20 1068//20 957//20
f 1307//301 1467//301 93//301
f 1691//67 960//67 1694//67
f 66//5 67//5 757//5
f 93//302 1467//302 1468//302
f 957//21 938//21 1747//21
f 1467//303 1307//303 800//303
f 1468//304 1428//304 111//304
f 306//1 76//1 210//1
f 56//1 166//1 221//1
f 210//1 68//1 166//1
f 192//1 1837//1 194//1
f 192//1 189//1 1837//1
f 189//1 186//1 1837//1
f 166//1 51//1 1837//1
f 221//1 166//1 70//1
f 937//22 1812//22 938//22
f 1747//22 938//22 1812//22
f 1834//5 1831//5 500//5
f 1686//5 499//5 507//5
f 1686//5 507//5 515//5
f 710//5 1686//5 520//5
f 515//5 520//5 1686//5
f 1686//5 710//5 1685//5
f 367//5 1811//5 717//5
f 67//5 1811//5 745//5
f 1468//305 111//305 93//305
f 1579//29 1755//29 1578//29
f 754//5 67//5 745//5
f 757//5 67//5 754//5
f 1685//5 717//5 1811//5
f 1426//217 111//217 1428//217
f 151//1 147//1 1837//1
f 1840//1 1850//1 343//1
f 1759//30 1755//30 1579//30
f 1759//30 1579//30 1580//30
f 967//6 1700//6 1710//6
f 1838//39 1091//39 1821//39
f 255//5 552//5 1637//5
f 552//5 555//5 1637//5
f 555//5 273//5 1637//5
f 1012//5 1637//5 273//5
f 282//5 477//5 1012//5
f 96//5 1058//5 1613//5
f 1759//9 1580//9 1581//9
f 1701//7 1700//7 967//7
f 1090//6 1820//6 1821//6
f 1090//6 1821//6 1091//6
f 750//72 784//72 751//72
f 975//44 1712//44 1701//44
f 1851//5 342//5 1852//5
f 1804//7 1820//7 1090//7
f 1711//47 1712//47 975//47
f 738//72 784//72 750//72
f 1027//44 1793//44 1804//44
f 1007//8 1645//8 1711//8
f 755//73 752//73 751//73
f 153//5 1827//5 152//5
f 1005//10 1645//10 1007//10
f 1792//47 1793//47 1027//47
f 1584//18 1302//18 1446//18
f 12//5 1827//5 159//5
f 159//5 1827//5 153//5
f 389//5 745//5 1811//5
f 1645//10 1005//10 1646//10
f 67//5 53//5 31//5
f 1030//8 1799//8 1792//8
f 1302//19 1584//19 1583//19
f 461//5 1361//5 734//5
f 181//5 1827//5 12//5
f 1006//28 1646//28 1005//28
f 1799//10 1030//10 1800//10
f 1032//10 1800//10 1030//10
f 1583//20 1582//20 1386//20
f 1786//5 734//5 1297//5
f 995//5 87//5 85//5
f 59//5 995//5 85//5
f 1801//28 1800//28 1032//28
f 187//5 1827//5 181//5
f 190//5 1827//5 187//5
f 1634//17 986//17 1604//17
f 989//17 1604//17 986//17
f 752//5 716//5 93//5
f 1043//29 1802//29 1801//29
f 1764//5 93//5 1830//5
f 1604//18 989//18 1605//18
f 991//18 1605//18 989//18
f 88//5 90//5 1478//5
f 734//5 1361//5 1297//5
f 1527//22 1526//22 1250//22
f 1632//19 1605//19 991//19
f 1802//72 1043//72 1044//72
f 1802//72 1044//72 1803//72
f 1478//5 86//5 87//5
f 50//5 659//5 201//5
f 1250//24 1526//24 1507//24
f 1632//20 429//20 1633//20
f 1807//73 1803//73 1044//73
f 214//5 659//5 50//5
f 529//5 1613//5 1058//5
f 1058//5 96//5 89//5
f 222//5 659//5 214//5
f 1633//21 429//21 1723//21
f 1033//11 1808//11 1807//11
f 1506//60 1502//60 1378//60
f 201//5 659//5 195//5
f 1063//32 1808//32 1033//32
f 1808//32 1063//32 1768//32
f 253//5 305//5 659//5
f 1769//17 1768//17 1063//17
f 837//24 1612//24 1727//24
f 873//24 1612//24 837//24
f 1069//18 1815//18 1769//18
f 1816//19 1815//19 1069//19
f 1535//25 1689//25 1690//25
f 1816//20 957//20 1746//20
f 1746//21 957//21 1747//21
f 1852//5 342//5 271//5
f 1689//26 1535//26 1695//26
f 1538//26 1695//26 1535//26
f 1006//28 1650//28 1646//28
f 1812//24 937//24 1813//24
f 1540//3 1784//3 1695//3
f 1540//3 1695//3 1538//3
f 1627//29 1650//29 1006//29
f 287//5 342//5 285//5
f 1784//4 1540//4 1785//4
f 1610//4 1785//4 1540//4
f 109//5 342//5 287//5
f 1566//2 1703//2 1785//2
f 1566//2 1785//2 1610//2
f 272//5 342//5 109//5
f 829//11 1744//11 1739//11
f 1565//14 1702//14 1703//14
f 1565//14 1703//14 1566//14
f 1124//14 1836//14 1125//14
f 1634//32 1744//32 829//32
f 1828//5 1642//5 996//5
f 1565//67 1789//67 1702//67
f 1653//5 1828//5 996//5
f 318//5 323//5 701//5
f 323//5 336//5 701//5
f 1782//46 1736//46 1606//46
f 1607//46 1606//46 1736//46
f 336//5 340//5 701//5
f 1544//54 1783//54 1606//54
f 1782//54 1606//54 1783//54
f 996//5 942//5 1653//5
f 246//5 659//5 222//5
f 340//5 1652//5 701//5
f 942//5 701//5 1652//5
f 1709//4 1127//4 1360//4
f 1788//4 1360//4 1127//4
f 1783//55 1544//55 1534//55
f 1783//55 1534//55 1716//55
f 272//5 271//5 342//5
f 148//5 342//5 149//5
f 1851//5 149//5 342//5
f 152//5 1827//5 148//5
f 1752//5 1618//5 342//5
f 1533//52 1715//52 1534//52
f 1716//52 1534//52 1715//52
f 191//5 1827//5 190//5
f 195//5 1827//5 191//5
f 342//5 148//5 1827//5
f 1715//23 1533//23 1690//23
f 345//5 1789//5 342//5
f 349//5 1716//5 345//5
f 1125//2 1835//2 1127//2
f 1852//54 271//54 1850//54
f 270//54 1850//54 271//54
f 1788//2 1127//2 1835//2
f 1836//14 1835//14 1125//14
f 1840//55 1851//55 1850//55
f 1852//55 1850//55 1851//55
f 1851//52 1840//52 1839//52
f 1851//52 1839//52 149//52
f 149//23 1839//23 147//23
f 1551//13 1720//13 1721//13
f 1836//67 1124//67 1119//67
f 1720//48 1551//48 1552//48
f 1720//48 1552//48 1725//48
f 203//1 858//1 205//1
f 1553//62 1726//62 1552//62
f 1725//62 1552//62 1726//62
f 1726//63 1553//63 1728//63
f 1728//51 1556//51 1735//51
f 1735//15 1556//15 1734//15
f 1132//36 1838//36 1118//36
f 1734//16 1607//16 1736//16
f 1838//39 1132//39 1091//39
f 1600//70 1737//70 1738//70
f 1847//1 1848//1 2//1
f 363//1 430//1 2//1
f 1601//71 1776//71 1600//71
f 1737//71 1600//71 1776//71
f 1776//27 1601//27 1742//27
f 1609//40 1790//40 1789//40
f 1790//36 1609//36 1791//36
f 1568//36 1791//36 1609//36
f 1148//215 1268//215 1833//215
f 1569//39 1751//39 1791//39
f 1569//39 1791//39 1568//39
f 1148//306 1833//306 1853//306
f 1148//306 1853//306 1675//306
f 1675//307 1853//307 1733//307
f 1752//6 1751//6 1569//6
f 1853//307 1854//307 1733//307
f 1733//308 1854//308 1756//308
f 1854//308 1855//308 1756//308
f 1573//44 1619//44 1618//44
f 1756//309 1855//309 1232//309
f 1775//309 1232//309 1855//309
f 1574//47 1745//47 1619//47
f 1574//47 1619//47 1573//47
f 277//5 570//5 1856//5
f 1857//5 561//5 1858//5
f 1859//5 561//5 1857//5
f 1575//8 1750//8 1745//8
f 1860//5 241//5 1859//5
f 1750//10 1575//10 1753//10
f 1577//10 1753//10 1575//10
f 1578//28 1754//28 1753//28
f 1578//28 1753//28 1577//28
f 1755//29 1754//29 1578//29
f 1846//67 1836//67 1119//67
f 1846//40 1119//40 1845//40
f 1118//40 1845//40 1119//40
f 1581//9 1757//9 1759//9
f 266//5 277//5 1856//5
f 1838//36 1845//36 1118//36
f 1414//11 1758//11 1757//11
f 1414//11 1757//11 1581//11
f 1853//5 1833//5 1861//5
f 1758//32 1414//32 1761//32
f 1438//32 1761//32 1414//32
f 1862//5 1853//5 1861//5
f 1863//5 1853//5 1862//5
f 1813//24 937//24 1073//24
f 1761//17 1438//17 1439//17
f 1446//17 1439//17 1438//17
f 1864//5 1833//5 1865//5
f 1864//5 1866//5 1833//5
f 1866//5 1861//5 1833//5
f 1865//5 1833//5 1844//5
f 1813//59 1073//59 1138//59
f 1813//59 1138//59 1817//59
f 1302//18 1439//18 1446//18
f 1164//60 1832//60 1138//60
f 1817//60 1138//60 1832//60
f 1583//19 1387//19 1302//19
f 1832//69 1164//69 1163//69
f 1832//69 1163//69 1842//69
f 1853//5 1863//5 1867//5
f 1856//5 1858//5 266//5
f 1867//5 1868//5 1853//5
f 1387//20 1583//20 1386//20
f 1869//5 632//5 1860//5
f 1147//70 1843//70 1163//70
f 1842//70 1163//70 1843//70
f 1582//21 1527//21 1386//21
f 1732//61 1731//61 1870//61
f 1843//71 1147//71 1149//71
f 1843//71 1149//71 1844//71
f 1248//21 1386//21 1527//21
f 1162//27 1865//27 1149//27
f 1844//27 1149//27 1865//27
f 1248//22 1527//22 1250//22
f 1250//24 1507//24 1379//24
f 1865//12 1162//12 1722//12
f 1506//59 1242//59 1507//59
f 1379//59 1507//59 1242//59
f 1242//60 1506//60 1378//60
f 1502//69 1602//69 1378//69
f 1708//26 1441//26 1729//26
f 680//1 566//1 678//1
f 536//1 535//1 566//1
f 679//1 564//1 566//1
f 1708//3 1709//3 1441//3
f 878//1 1274//1 962//1
f 1092//1 1091//1 1166//1
f 956//5 304//5 958//5
f 1713//15 1868//15 1719//15
f 297//1 2//1 1//1
f 2//1 1232//1 10//1
f 7//1 10//1 1233//1
f 105//1 21//1 23//1
f 1732//68 1870//68 1868//68
f 1732//68 1868//68 1713//68
f 1052//5 1120//5 1039//5
f 1290//5 1301//5 386//5
f 1693//264 959//264 958//264
f 1039//168 943//168 536//168
f 420//1 816//1 421//1
f 1859//52 1688//52 1699//52
f 696//1 819//1 419//1
f 1699//23 1730//23 1859//23
f 1709//3 1360//3 1441//3
f 1717//48 1674//48 1861//48
f 1861//62 1674//62 1673//62
f 1673//63 1718//63 1863//63
f 1863//51 1718//51 1719//51
f 1856//54 1731//54 1687//54
f 1730//23 1860//23 1859//23
f 1719//15 1868//15 1867//15
f 1731//61 1856//61 1870//61
f 1856//54 1687//54 1858//54
f 1858//55 1687//55 1688//55
f 1858//55 1688//55 1857//55
f 1857//52 1688//52 1859//52
f 1730//25 1729//25 1860//25
f 1860//25 1729//25 1869//25
f 1729//26 1441//26 1869//26
f 1865//12 1722//12 1864//12
f 1864//13 1722//13 1717//13
f 1864//13 1717//13 1866//13
f 1866//48 1717//48 1861//48
f 1673//62 1862//62 1861//62
f 1862//63 1673//63 1863//63
f 1719//51 1867//51 1863//51
f 357//5 432//5 1855//5
f 1854//5 700//5 1855//5
f 339//5 1854//5 689//5
f 561//5 266//5 1858//5
f 1441//5 1440//5 1869//5
f 1360//5 1359//5 1441//5
f 700//5 1854//5 339//5
f 1871//5 720//5 364//5
f 395//5 720//5 396//5
f 400//5 720//5 395//5
f 1872//5 720//5 1873//5
f 1872//5 396//5 720//5
f 15//5 720//5 400//5
f 720//5 1775//5 365//5
f 467//5 1775//5 80//5
f 479//5 1775//5 473//5
f 424//5 1775//5 422//5
f 431//5 1775//5 424//5
f 1869//5 1440//5 235//5
f 632//5 1869//5 235//5
f 241//5 1860//5 632//5
f 561//5 1859//5 241//5
f 1868//5 1870//5 570//5
f 1853//5 1868//5 570//5
f 670//5 1854//5 291//5
f 655//5 291//5 1854//5
f 709//5 1855//5 703//5
f 357//5 1855//5 709//5
f 570//5 655//5 1853//5
f 1854//5 1853//5 655//5
f 674//5 1854//5 670//5
f 677//5 1854//5 674//5
f 689//5 1854//5 677//5
f 703//5 1855//5 700//5
f 1870//5 1856//5 570//5
f 434//5 1855//5 432//5
f 444//5 1775//5 439//5
f 434//5 439//5 1855//5
f 448//5 1775//5 444//5
f 80//5 1775//5 448//5
f 473//5 1775//5 467//5
f 422//5 1775//5 479//5
f 365//5 364//5 720//5
f 1871//5 1873//5 720//5
f 405//5 720//5 15//5
f 407//5 746//5 405//5
f 204//5 746//5 202//5
f 512//5 1440//5 208//5
f 518//5 1440//5 512//5
f 235//5 1440//5 523//5
f 523//5 1440//5 518//5
f 1076//5 1077//5 216//5
f 1088//5 1093//5 1430//5
f 1077//5 1082//5 216//5
f 1644//5 1775//5 767//5
f 365//5 1775//5 431//5
f 720//5 767//5 1775//5
f 1855//5 439//5 1775//5
f 364//61 363//61 1849//61
f 1848//54 1871//54 1849//54
f 364//54 1849//54 1871//54
f 1871//55 1848//55 1847//55
f 1871//55 1847//55 1873//55
f 1818//52 1872//52 1847//52
f 1873//52 1847//52 1872//52
f 1819//23 396//23 1818//23
f 1872//23 1818//23 396//23
f 396//25 1819//25 394//25
# Vertices: 1873, normals: 309, texture coordinates: 0, faces: 3814

