o obj1
v 130 22.45499992 17.78199959
v 130 0 0
v 130 22.50399971 17.74399948
v 130 22.4090004 17.8220005
v 130 22.36400032 17.86400032
v 130 22.3220005 17.9090004
v 130 22.24399948 18.00399971
v 130 22.28199959 17.95499992
v 130 22.20899963 18.05400085
v 130 22.1760006 18.1060009
v 22.30400085 44.67300034 3
v 22.31100082 44.73400116 3
v 7.55499983 45.13999939 3
v 130 22.14500046 18.15999985
v 130 22.11800003 18.2140007
v 7.49100018 45.24599838 3
v 7.52400017 45.19400024 3
v 22.3220005 44.79399872 3
v 130 22.09300041 18.27099991
v 130 22.07099915 18.32799911
v 130 22.0510006 18.38599968
v 130 22.03499985 18.44599915
v 130 22.02199936 18.50600052
v 130 21.99900055 18.68899918
v 130 21.99799919 18.75
v 130 22.94599915 17.53499985
v 130 27.29800034 0
v 130 23.00600052 17.52199936
v 130 22.82799911 17.57099915
v 130 22.88599968 17.5510006
v 130 22.77099991 17.59300041
v 22.37100029 44.97200012 3
v 22.39299965 45.02899933 3
v 7.37799978 45.39099884 3
v 130 22.7140007 17.61800003
v 130 22.65999985 17.64500046
v 130 22.55400085 17.70899963
v 130 22.6060009 17.6760006
v 130 23.06599998 17.51099968
v 130 23.12700081 17.50399971
v 7.24499989 45.51800156 3
v 7.29099989 45.47800064 3
v 22.41799927 45.08599854 3
v 7.33599997 45.43600082 3
v 22.95999908 43.44499969 3
v 7.33599997 29.43600082 3
v 23.01399994 43.41799927 3
v 22.90600014 43.47600174 3
v 22.85400009 43.50899887 3
v 22.80400085 43.54399872 3
v 127 22.82799911 17.57099915
v 127 22.77099991 17.59300041
v 22.75499916 43.58200073 3
v 22.70899963 43.62200165 3
v 22.66399956 43.66400146 3
v 22.58200073 43.75500107 3
v 22.54400063 43.80400085 3
v 7.64900017 44.18600082 3
v 130 23.31100082 17.49900055
v 130 23.37299919 17.50399971
v 130 23.43400002 17.51099968
v 130 23.25 17.49799919
v 130 23.99600029 17.74399948
v 130 24.04500008 17.78199959
v 127 23.12700081 17.50399971
v 127 23.18899918 17.49900055
v 130 23.94599915 17.70899963
v 127 23.06599998 17.51099968
v 130 23.8939991 17.6760006
v 23.18600082 43.35100174 3
v 23.24600029 43.33499908 3
v 23.12800026 43.37099838 3
v 130 23.84000015 17.64500046
v 23.07099915 43.39300156 3
v 130 23.72900009 17.59300041
v 130 23.7859993 17.61800003
v 23.97200012 43.37099838 3
v 24.02899933 43.39300156 3
v 23.91399956 43.35100174 3
v 23.85400009 43.33499908 3
v 23.79400063 43.3219986 3
v 23.67300034 43.30400085 3
v 23.73399925 43.31100082 3
v 23.54999924 43.29800034 3
v 23.61100006 43.29899979 3
v 24.57600021 43.29800034 3
v 115 11 3
v 24.47800064 43.70899963 3
v 24.43600082 43.66400146 3
v 23.67300034 45.79600143 0
v 23.67300034 45.79600143 3
v 23.61100006 45.80099869 0
v 24.39100075 43.62200165 3
v 24.34499931 43.58200073 3
v 24.29599953 43.54399872 3
v 24.24600029 43.50899887 3
v 24.19400024 43.47600174 3
v 130 23.61400032 17.5510006
v 130 23.67200089 17.57099915
v 24.13999939 43.44499969 3
v 130 23.55400085 17.53499985
v 130 23.49399948 17.52199936
v 22.75499916 29.51799965 3
v 24.08600044 43.41799927 3
v 130 24.38199997 18.2140007
v 130 52.55099869 18.38599968
v 130 24.40699959 18.27099991
v 130 24.35499954 18.15999985
v 24.65500069 43.95999908 3
v 24.62400055 43.90599823 3
v 24.5909996 43.85400009 3
v 130 24.29100037 18.05400085
v 130 24.25600052 18.00399971
v 24.55599976 43.80400085 3
v 130 24.21800041 17.95499992
v 24.68199921 44.01399994 3
v 24.51799965 43.75500107 3
v 24.79599953 44.42699814 3
v 24.8010006 44.48899841 3
v 24.78899956 44.36600113 3
v 24.77799988 44.30599976 3
v 24.76499939 44.24599838 3
v 24.74900055 44.18600082 3
v 24.72900009 44.12799835 3
v 24.70700073 44.07099915 3
v 105.65499878 27.58200073 3
v 105.60900116 27.62199974 3
v 24.8010006 44.61100006 3
v 105.70400238 27.54400063 3
v 24.8029995 44.54999924 3
v 22.44499969 45.13999939 3
v 3 65 3
v 22.47599983 45.19400024 3
v 22.50900078 45.24599838 3
v 130 24.13599968 17.86400032
v 130 24.1779995 17.9090004
v 22.66399956 45.43600082 3
v 22.62199974 45.39099884 3
v 130 24.0909996 17.8220005
v 22.58200073 45.34500122 3
v 22.54400063 45.29600143 3
v 130 22.01099968 18.56599998
v 130 22.00399971 18.62700081
v 22.70899963 45.47800064 3
v 15 65 3
v 22.75499916 45.51800156 3
v 22.80400085 45.55599976 3
v 22.85400009 45.5909996 3
v 22.90600014 45.62400055 3
v 22.95999908 45.65499878 3
v 130 22.07099915 19.17200089
v 130 0 53
v 130 22.0510006 19.11400032
v 130 22.09300041 19.22900009
v 23.01399994 45.68199921 3
v 130 22.11800003 19.2859993
v 127 23.00600052 17.52199936
v 130 22.14500046 19.34000015
v 130 22.1760006 19.3939991
v 23.30599976 45.77799988 3
v 23.36599922 45.78900146 3
v 23.42700005 45.79600143 3
v 23.48900032 45.80099869 3
v 23.54999924 45.8030014 3
v 130 22.20899963 19.44599915
v 23.12800026 45.72900009 3
v 23.07099915 45.70700073 3
v 23.18600082 45.74900055 3
v 23.24600029 45.76499939 3
v 130 22.28199959 19.54500008
v 130 22.24399948 19.49600029
v 130 22.3220005 19.5909996
v 130 22.36400032 19.63599968
v 127 22.7140007 17.61800003
v 130 22.4090004 19.6779995
v 130 22.45499992 19.71800041
v 130 22.50399971 19.75600052
v 127 22.65999985 17.64500046
v 127 22.6060009 17.6760006
v 122.44499969 45.13999939 0
v 122.44499969 45.13999939 3
v 122.41799927 45.08599854 0
v 130 22.55400085 19.79100037
v 122.47599792 45.19400024 0
v 130 24.05400085 43.53499985
v 130 23.99399948 43.52199936
v 130 23.31100082 20.00099945
v 130 23.37299919 19.99600029
v 122.58200073 45.34500122 0
v 122.58200073 45.34500122 3
v 122.54399872 45.29600143 0
v 130 23.43400002 19.98900032
v 130 24.11400032 43.55099869
v 122.62200165 45.39099884 0
v 130 24.17200089 43.57099915
v 130 23.49399948 19.97800064
v 122.75499725 45.51800156 0
v 122.75499725 45.51800156 3
v 122.70899963 45.47800064 0
v 130 23.55400085 19.96500015
v 130 24.22900009 43.5929985
v 23.97200012 45.72900009 3
v 24.02899933 45.70700073 3
v 122.80400085 45.55599976 0
v 130 24.2859993 43.61800003
v 24.08600044 45.68199921 3
v 23.91399956 45.74900055 3
v 130 23.61400032 19.9489994
v 130 24.34000015 43.64500046
v 24.13999939 45.65499878 3
v 24.19400024 45.62400055 3
v 130 24.44599915 43.70899963
v 130 24.3939991 43.67599869
v 130 23.72900009 19.90699959
v 24.24600029 45.5909996 3
v 24.29599953 45.55599976 3
v 130 24.50099945 18.81100082
v 130 52.64500046 19.34000015
v 130 24.49600029 18.87299919
v 130 24.50300026 18.75
v 130 52.61800003 19.2859993
v 24.34499931 45.51800156 3
v 105.40899658 27.85400009 3
v 105.37599945 27.90600014 3
v 24.72900009 44.97200012 3
v 130 24.46500015 18.44599915
v 130 52.52199936 18.99399948
v 130 24.47800064 18.50600052
v 105.44400024 27.80400085 3
v 24.74900055 44.91400146 3
v 130 24.4489994 18.38599968
v 130 52.53499985 18.44599915
v 24.76499939 44.85400009 3
v 105.48200226 27.75499916 3
v 24.77799988 44.79399872 3
v 105.52200317 27.70899963 3
v 130 24.42900085 19.17200089
v 130 52.86399841 19.63599968
v 130 24.40699959 19.22900009
v 130 24.35499954 19.34000015
v 130 24.3239994 19.3939991
v 24.78899956 44.73400116 3
v 24.79599953 44.67300034 3
v 105.56400299 27.66399956 3
v 130 24.38199997 19.2859993
v 23.61100006 45.80099869 3
v 23.73399925 45.78900146 3
v 23.79400063 45.77799988 3
v 23.85400009 45.76499939 3
v 24.39100075 45.47800064 3
v 15 73 3
v 24.65500069 45.13999939 3
v 24.68199921 45.08599854 3
v 105.31800079 28.01399994 3
v 130 24.48900032 18.93400002
v 130 52.70899963 19.44599915
v 130 24.47800064 18.99399948
v 22.47599983 43.90599823 3
v 22.50900078 43.85400009 3
v 22.50900078 43.85400009 0
v 130 23.7859993 19.88199997
v 130 23.84000015 19.85499954
v 130 24.49600029 43.74399948
v 130 24.54500008 43.7820015
v 130 23.8939991 19.8239994
v 130 24.5909996 43.8219986
v 130 23.94599915 19.79100037
v 127 54.49599838 45.75600052
v 127 54.54499817 45.7179985
v 130 54.49599838 45.75600052
v 23.54999924 29.8029995 3
v 23.48900032 29.8010006 3
v 23.79400063 29.77799988 3
v 23.73399925 29.78899956 3
v 22.85400009 29.5909996 3
v 22.90600014 29.62400055 3
v 23.48900032 43.29899979 3
v 23.42700005 43.30400085 3
v 23.36599922 43.31100082 3
v 23.30599976 43.3219986 3
v 22.35099983 44.18600082 3
v 22.33499908 44.24599838 3
v 7.70300007 44.54999924 3
v 130 24.13599968 19.63599968
v 130 24.0909996 19.6779995
v 130 24.1779995 19.5909996
v 130 24.21800041 19.54500008
v 130 24.25600052 19.49600029
v 3 22.50399971 17.74399948
v 3 22.55400085 17.70899963
v 0 22.50399971 17.74399948
v 130 24.04500008 19.71800041
v 130 24.29100037 19.44599915
v 130 24.4489994 19.11400032
v 130 52.8219986 19.5909996
v 130 24.46500015 19.05400085
v 130 52.7820015 19.54500008
v 3 22.45499992 17.78199959
v 0 22.45499992 17.78199959
v 0 22.4090004 17.8220005
v 3 22.4090004 17.8220005
v 130 22.51099968 44.56600189
v 130 22.52199936 44.50600052
v 3 22.36400032 17.86400032
v 0 22.36400032 17.86400032
v 130 22.50399971 44.6269989
v 0 22.3220005 17.9090004
v 3 22.3220005 17.9090004
v 105.34500122 27.95999908 3
v 105.29299927 28.07099915 3
v 105.19799805 28.54999924 3
v 105.1989975 28.61100006 3
v 24.47800064 45.39099884 3
v 24.43600082 45.43600082 3
v 105.20400238 28.67300034 3
v 105.21099854 28.73399925 3
v 105.22200012 28.79400063 3
v 105.23500061 28.85400009 3
v 105.25099945 28.91399956 3
v 105.27100372 28.97200012 3
v 105.29299927 29.02899933 3
v 105.31800079 29.08600044 3
v 105.34500122 29.13999939 3
v 105.37599945 29.19400024 3
v 105.40899658 29.24600029 3
v 105.47200012 29.8029995 3
v 105.44400024 43.80400085 3
v 105.29299927 44.07099915 3
v 105.27100372 44.12799835 3
v 105.19799805 44.54999924 3
v 105.1989975 44.61100006 3
v 105.20400238 44.67300034 3
v 105.21099854 44.73400116 3
v 105.22200012 44.79399872 3
v 105.23500061 44.85400009 3
v 130 22.49799919 44.75
v 130 22.49900055 44.68899918
v 24.70700073 28.07099915 3
v 115 3 3
v 127 22.55400085 17.70899963
v 0 22.24399948 18.00399971
v 3 22.24399948 18.00399971
v 0 22.28199959 17.95499992
v 3 22.20899963 18.05400085
v 0 22.20899963 18.05400085
v 5.56400013 43.66400146 3
v 5.19799995 29.8029995 3
v 5.60900021 43.62200165 3
v 0 22.1760006 18.1060009
v 5.52199984 43.70899963 3
v 130 23.18899918 17.49900055
v 127 23.25 17.49799919
v 0 22.14500046 18.15999985
v 3 22.14500046 18.15999985
v 130 22.95499992 43.7820015
v 130 23.00399971 43.74399948
v 5.48199987 43.75500107 3
v 3 22.11800003 18.2140007
v 0 22.11800003 18.2140007
v 130 22.9090004 43.8219986
v 5.44399977 43.80400085 3
v 3 22.09300041 18.27099991
v 0 22.09300041 18.27099991
v 5.40899992 43.85400009 3
v 5.37599993 43.90599823 3
v 0 22.07099915 18.32799911
v 5.34499979 43.95999908 3
v 127 23.49399948 17.52199936
v 5.31799984 44.01399994 3
v 127 23.43400002 17.51099968
v 127 23.37299919 17.50399971
v 5.25099993 44.18600082 3
v 5.27099991 44.12799835 3
v 5.22200012 44.30599976 3
v 5.23500013 44.24599838 3
v 5.204 44.42699814 3
v 3 11 3
v 5.21099997 44.36600113 3
v 5.91400003 43.41799927 3
v 5.97100019 43.39300156 3
v 5.86000013 43.44499969 3
v 5.80600023 43.47600174 3
v 5.75400019 43.50899887 3
v 5.704 43.54399872 3
v 5.65500021 43.58200073 3
v 0 22.55400085 17.70899963
v 130 22.86400032 43.86399841
v 130 22.8220005 43.9090004
v 130 22.78199959 43.95500183
v 3 23.12700081 17.50399971
v 0 23.18899918 17.49900055
v 0 23.12700081 17.50399971
v 5.29300022 44.07099915 3
v 0 23.06599998 17.51099968
v 127 23.67200089 17.57099915
v 127 23.61400032 17.5510006
v 130 22.74399948 44.00400162
v 127 23.55400085 17.53499985
v 5.19899988 44.48899841 3
v 5.19799995 44.54999924 3
v 130 23.32799911 43.57099915
v 130 23.27099991 43.5929985
v 130 22.6060009 19.8239994
v 5.204 44.67300034 3
v 5.19899988 44.61100006 3
v 5.21099997 44.73400116 3
v 5.22200012 44.79399872 3
v 5.25099993 44.91400146 3
v 5.23500013 44.85400009 3
v 5.27099991 44.97200012 3
v 130 24.79100037 44.05400085
v 127 24.79100037 44.05400085
v 130 24.75600052 44.00400162
v 127 24.71800041 43.95500183
v 130 24.71800041 43.95500183
v 127 24.75600052 44.00400162
v 127 24.6779995 43.9090004
v 130 24.6779995 43.9090004
v 5.29300022 45.02899933 3
v 130 24.63599968 43.86399841
v 127 24.63599968 43.86399841
v 127 24.5909996 43.8219986
v 130 24.98900032 44.56600189
v 127 24.98900032 44.56600189
v 130 24.97800064 44.50600052
v 127 24.96500015 44.44599915
v 130 24.96500015 44.44599915
v 127 24.97800064 44.50600052
v 127 24.9489994 44.38600159
v 130 24.9489994 44.38600159
v 130 24.92900085 44.32799911
v 127 24.92900085 44.32799911
v 6.51100016 43.29899979 3
v 6.57299995 43.30400085 3
v 127 24.90699959 44.27099991
v 127 24.0909996 17.8220005
v 6.44999981 43.29800034 3
v 127 24.88199997 44.2140007
v 130 24.88199997 44.2140007
v 127 24.04500008 17.78199959
v 127 23.99600029 17.74399948
v 6.20599985 29.77799988 3
v 6.26599979 29.78899956 3
v 6.63399982 43.31100082 3
v 127 24.85499954 44.15999985
v 130 24.85499954 44.15999985
v 6.14599991 29.76499939 3
v 130 24.8239994 44.10599899
v 127 24.8239994 44.10599899
v 127 23.8939991 17.6760006
v 127 23.94599915 17.70899963
v 107.66500092 44.85400009 3
v 107.66500092 44.85400009 0
v 107.6780014 44.79399872 3
v 6.08599997 29.74900055 3
v 127 23.84000015 17.64500046
v 6.02799988 29.72900009 3
v 5.97100019 29.70700073 3
v 127 23.7859993 17.61800003
v 5.86000013 29.65500069 3
v 5.91400003 29.68199921 3
v 127 23.72900009 17.59300041
v 130 24.9489994 45.11399841
v 127 24.96500015 45.05400085
v 130 24.96500015 45.05400085
v 5.80600023 29.62400055 3
v 5.75400019 29.5909996 3
v 127 24.97800064 44.99399948
v 130 24.98900032 44.93399811
v 127 24.98900032 44.93399811
v 127 24.99600029 44.8730011
v 130 24.99600029 44.8730011
v 7.55499983 43.95999908 3
v 7.58199978 44.01399994 3
v 127 25.00099945 44.81100082
v 130 25.00099945 44.81100082
v 7.52400017 43.90599823 3
v 3 24.04500008 17.78199959
v 0 24.04500008 17.78199959
v 0 23.99600029 17.74399948
v 127 24.46500015 18.44599915
v 7.49100018 43.85400009 3
v 127 25.00300026 44.75
v 130 25.00300026 44.75
v 7.45599985 43.80400085 3
v 127 24.4489994 18.38599968
v 127 24.42900085 18.32799911
v 127 25.00099945 44.68899918
v 130 25.00099945 44.68899918
v 6.87200022 43.37099838 3
v 6.81400013 43.35100174 3
v 6.81400013 29.74900055 3
v 122.90599823 45.62400055 3
v 122.85399628 45.5909996 3
v 122.90599823 45.62400055 0
v 127 24.99600029 44.6269989
v 130 24.99600029 44.6269989
v 6.51100016 29.8010006 3
v 6.57299995 29.79599953 3
v 6.69399977 43.3219986 3
v 122.95999908 45.65499878 0
v 123.01399994 45.68199921 0
v 123.01399994 45.68199921 3
v 6.44999981 29.8029995 3
v 6.38899994 29.8010006 3
v 127 24.35499954 18.15999985
v 127 24.38199997 18.2140007
v 123.07099915 45.70700073 0
v 6.75400019 29.76499939 3
v 127 24.3239994 18.1060009
v 6.32700014 29.79599953 3
v 3 23.61400032 17.5510006
v 0 23.67200089 17.57099915
v 0 23.61400032 17.5510006
v 127 24.21800041 17.95499992
v 127 24.25600052 18.00399971
v 127 24.1779995 17.9090004
v 130 23.2140007 43.61800003
v 130 23.38599968 43.55099869
v 130 22.65999985 19.85499954
v 7.62900019 44.12799835 3
v 130 23.15999985 43.64500046
v 7.60699987 44.07099915 3
v 130 23.1060009 43.67599869
v 130 23.05400085 43.70899963
v 22.62199974 43.70899963 3
v 7.70100021 44.48899841 3
v 7.6960001 44.42699814 3
v 22.37100029 44.12799835 3
v 130 22.6760006 44.10599899
v 130 22.70899963 44.05400085
v 22.39299965 44.07099915 3
v 130 22.64500046 44.15999985
v 7.68900013 44.36600113 3
v 127 22.02199936 18.50600052
v 130 22.61800003 44.2140007
v 22.41799927 44.01399994 3
v 130 22.59300041 44.27099991
v 127 22.01099968 18.56599998
v 130 22.57099915 44.32799911
v 7.67799997 44.30599976 3
v 130 22.5510006 44.38600159
v 22.44499969 43.95999908 3
v 3 24.21800041 17.95499992
v 0 24.25600052 18.00399971
v 0 24.21800041 17.95499992
v 130 22.53499985 44.44599915
v 3 24.13599968 17.86400032
v 0 24.1779995 17.9090004
v 0 24.13599968 17.86400032
v 130 22.52199936 44.99399948
v 130 22.53499985 45.05400085
v 5.34499979 45.13999939 3
v 5.31799984 45.08599854 3
v 5.37599993 45.19400024 3
v 5.40899992 45.24599838 3
v 130 23.44599915 43.53499985
v 130 22.7140007 19.88199997
v 5.44399977 45.29600143 3
v 3 23.06599998 17.51099968
v 3 23.00600052 17.52199936
v 5.48199987 45.34500122 3
v 130 22.88599968 19.9489994
v 130 22.94599915 19.96500015
v 130 23.62700081 43.50400162
v 0 22.94599915 17.53499985
v 3 22.94599915 17.53499985
v 0 23.00600052 17.52199936
v 5.52199984 45.39099884 3
v 0 22.88599968 17.5510006
v 3 22.88599968 17.5510006
v 5.56400013 45.43600082 3
v 105.56400299 45.43600082 0
v 105.60900116 45.47800064 3
v 105.56400299 45.43600082 3
v 130 22.82799911 19.92900085
v 130 23.56599998 43.51100159
v 3 22.82799911 17.57099915
v 0 22.82799911 17.57099915
v 0 22.77099991 17.59300041
v 5.60900021 45.47800064 3
v 0 22.7140007 17.61800003
v 3 22.7140007 17.61800003
v 5.704 45.55599976 3
v 5.65500021 45.51800156 3
v 0 22.65999985 17.64500046
v 3 22.65999985 17.64500046
v 5.75400019 45.5909996 3
v 0 22.6060009 17.6760006
v 5.80600023 45.62400055 3
v 5.86000013 45.65499878 3
v 5.91400003 45.68199921 3
v 5.97100019 45.70700073 3
v 6.02799988 45.72900009 3
v 6.08599997 45.74900055 3
v 130 23.68899918 43.49900055
v 130 23.00600052 19.97800064
v 130 23.50600052 43.52199936
v 130 23.75 43.4980011
v 6.32700014 45.79600143 3
v 6.38899994 45.80099869 3
v 130 22.5510006 45.11399841
v 6.20599985 45.77799988 3
v 6.14599991 45.76499939 3
v 130 22.59300041 45.22900009
v 130 22.57099915 45.17200089
v 0 23.55400085 17.53499985
v 0 23.49399948 17.52199936
v 3 23.49399948 17.52199936
v 6.26599979 45.78900146 3
v 127 22.03499985 18.44599915
v 127 22.0510006 18.38599968
v 3 23.43400002 17.51099968
v 0 23.43400002 17.51099968
v 0 23.37299919 17.50399971
v 3 23.31100082 17.49900055
v 3 23.37299919 17.50399971
v 0 23.31100082 17.49900055
v 127 22.00399971 18.62700081
v 0 23.25 17.49799919
v 3 23.25 17.49799919
v 127 21.99900055 18.68899918
v 130 21.99900055 18.81100082
v 127 21.99799919 18.75
v 127 21.99900055 18.81100082
v 130 22.00399971 18.87299919
v 127 22.00399971 18.87299919
v 127 22.01099968 18.93400002
v 0 23.8939991 17.6760006
v 0 23.84000015 17.64500046
v 3 23.84000015 17.64500046
v 6.98600006 45.68199921 3
v 6.9289999 45.70700073 3
v 0 23.7859993 17.61800003
v 3 23.7859993 17.61800003
v 7.03999996 45.65499878 3
v 23.85400009 43.33499908 0
v 7.09399986 45.62400055 3
v 7.1960001 45.55599976 3
v 7.14599991 45.5909996 3
v 127 22.0510006 19.11400032
v 127 22.03499985 19.05400085
v 123.07099915 45.70700073 3
v 127 22.07099915 19.17200089
v 123.12799835 45.72900009 3
v 123.12799835 45.72900009 0
v 127 22.09300041 19.22900009
v 123.18599701 45.74900055 0
v 127 22.11800003 19.2859993
v 123.2460022 45.76499939 3
v 123.2460022 45.76499939 0
v 127 22.14500046 19.34000015
v 123.30599976 45.77799988 0
v 123.30599976 45.77799988 3
v 127 22.1760006 19.3939991
v 123.36599731 45.78900146 0
v 127 22.20899963 19.44599915
v 22.29800034 44.54999924 3
v 22.29899979 44.61100006 3
v 7.60699987 45.02899933 3
v 123.42700195 45.79600143 3
v 123.36599731 45.78900146 3
v 123.42700195 45.79600143 0
v 22.31100082 44.36600113 3
v 22.30400085 44.42699814 3
v 7.66499996 44.85400009 3
v 22.29899979 44.48899841 3
v 7.62900019 44.97200012 3
v 24.39100075 43.62200165 0
v 24.34499931 43.58200073 0
v 127 22.24399948 19.49600029
v 7.64900017 44.91400146 3
v 123.48899841 45.80099869 0
v 123.48899841 45.80099869 3
v 127 22.28199959 19.54500008
v 0 24.35499954 18.15999985
v 0 24.3239994 18.1060009
v 3 24.3239994 18.1060009
v 123.55000305 45.8030014 3
v 123.55000305 45.8030014 0
v 127 22.3220005 19.5909996
v 123.61100006 45.80099869 0
v 0 24.29100037 18.05400085
v 127 22.36400032 19.63599968
v 123.67299652 45.79600143 0
v 123.67299652 45.79600143 3
v 127 22.4090004 19.6779995
v 123.73400116 45.78900146 3
v 123.73400116 45.78900146 0
v 6.44999981 45.8030014 3
v 6.51100016 45.80099869 3
v 6.63399982 45.78900146 3
v 6.57299995 45.79600143 3
v 6.69399977 45.77799988 3
v 6.75400019 45.76499939 3
v 6.81400013 45.74900055 3
v 6.87200022 45.72900009 3
v 127 22.45499992 19.71800041
v 123.79399872 45.77799988 0
v 123.79399872 45.77799988 3
v 127 22.50399971 19.75600052
v 123.85399628 45.76499939 0
v 7.66499996 44.24599838 3
v 7.67799997 44.79399872 3
v 7.58199978 45.08599854 3
v 22.33499908 44.85400009 3
v 22.35099983 44.91400146 3
v 7.45599985 45.29600143 3
v 7.41800022 45.34500122 3
v 3 23.99600029 17.74399948
v 6.02799988 27.37100029 3
v 6.08599997 27.35099983 3
v 0 23.94599915 17.70899963
v 5.80600023 27.47599983 3
v 5.86000013 27.44499969 3
v 5.704 27.54400063 3
v 5.75400019 27.50900078 3
v 5.65500021 27.58200073 3
v 124.29599762 45.55599976 3
v 124.29599762 45.55599976 0
v 124.34500122 45.51800156 3
v 5.60900021 27.62199974 3
v 124.39099884 45.47800064 0
v 124.34500122 45.51800156 0
v 5.44399977 27.80400085 3
v 5.48199987 27.75499916 3
v 5.37599993 27.90600014 3
v 5.40899992 27.85400009 3
v 5.31799984 28.01399994 3
v 5.34499979 27.95999908 3
v 3 23.55400085 17.53499985
v 5.52199984 27.70899963 3
v 5.56400013 27.66399956 3
v 3 24.4489994 18.38599968
v 3 24.46500015 18.44599915
v 0 24.4489994 18.38599968
v 3 24.42900085 18.32799911
v 0 24.42900085 18.32799911
v 130 22.61800003 45.2859993
v 130 22.64500046 45.34000015
v 0 24.40699959 18.27099991
v 3 24.40699959 18.27099991
v 130 22.6760006 45.39400101
v 0 24.38199997 18.2140007
v 3 24.38199997 18.2140007
v 5.29300022 28.07099915 3
v 130 22.78199959 45.54499817
v 130 22.8220005 45.5909996
v 130 22.70899963 45.44599915
v 130 22.74399948 45.49599838
v 5.27099991 28.12800026 3
v 5.204 28.42700005 3
v 5.21099997 28.36599922 3
v 130 22.86400032 45.63600159
v 130 22.9090004 45.6780014
v 130 22.95499992 45.7179985
v 5.23500013 28.24600029 3
v 5.25099993 28.18600082 3
v 130 23.00399971 45.75600052
v 5.22200012 28.30599976 3
v 130 23.05400085 45.79100037
v 130 23.1060009 45.82400131
v 130 23.44599915 45.96500015
v 130 25.00300026 53
v 130 23.38599968 45.94900131
v 5.19899988 28.48900032 3
v 0 24.0909996 17.8220005
v 130 23.2140007 45.88199997
v 130 23.15999985 45.85499954
v 130 23.27099991 45.9070015
v 130 23.32799911 45.92900085
v 0 22.02199936 18.50600052
v 3 22.02199936 18.50600052
v 0 22.03499985 18.44599915
v 6.14599991 27.33499908 3
v 6.20599985 27.3220005 3
v 0 22.01099968 18.56599998
v 130 23.62700081 45.99599838
v 130 23.56599998 45.98899841
v 130 23.50600052 45.97800064
v 130 23.68899918 46.00099945
v 130 23.75 46.00299835
v 6.51100016 27.29899979 3
v 6.57299995 27.30400085 3
v 6.44999981 27.29800034 3
v 130 23.99399948 45.97800064
v 130 23.93400002 45.98899841
v 6.98600006 27.41799927 3
v 15 11 3
v 7.03999996 27.44499969 3
v 7.09399986 27.47599983 3
v 130 24.17200089 45.92900085
v 130 24.11400032 45.94900131
v 130 24.2859993 45.88199997
v 130 24.22900009 45.9070015
v 130 24.05400085 45.96500015
v 6.81400013 27.35099983 3
v 6.87200022 27.37100029 3
v 3 22.09300041 19.22900009
v 3 22.07099915 19.17200089
v 0 22.09300041 19.22900009
v 6.75400019 27.33499908 3
v 130 24.3939991 45.82400131
v 130 24.34000015 45.85499954
v 105.80599976 27.47599983 3
v 105.86000061 27.44499969 3
v 105.80599976 27.47599983 0
v 6.69399977 27.3220005 3
v 6.63399982 27.31100082 3
v 7.24499989 27.58200073 3
v 7.29099989 27.62199974 3
v 7.1960001 27.54400063 3
v 130 23.81100082 46.00099945
v 130 23.87299919 45.99599838
v 130 24.44599915 45.79100037
v 130 24.49600029 45.75600052
v 7.14599991 27.50900078 3
v 6.9289999 27.39299965 3
v 130 22.77099991 19.90699959
v 130 23.93400002 43.51100159
v 130 23.25 20.00300026
v 130 23.67200089 19.92900085
v 130 23.99600029 19.75600052
v 3 22.4090004 19.6779995
v 3 22.36400032 19.63599968
v 0 22.4090004 19.6779995
v 22.58200073 27.75499916 3
v 22.54400063 27.80400085 3
v 7.45599985 27.80400085 3
v 7.49100018 27.85400009 3
v 3 22.03499985 18.44599915
v 7.41800022 27.75499916 3
v 22.50900078 27.85400009 3
v 3 22.01099968 18.56599998
v 7.37799978 27.70899963 3
v 123.97200012 45.72900009 0
v 123.97200012 45.72900009 3
v 123.91400146 45.74900055 0
v 7.33599997 27.66399956 3
v 0 22.00399971 18.62700081
v 22.62199974 27.70899963 3
v 3 21.99900055 18.68899918
v 0 21.99900055 18.68899918
v 0 21.99799919 18.75
v 3 21.99799919 18.75
v 7.66499996 28.24600029 3
v 7.64900017 28.18600082 3
v 22.44499969 27.95999908 3
v 3 21.99900055 18.81100082
v 0 21.99900055 18.81100082
v 124.19400024 45.62400055 0
v 124.19400024 45.62400055 3
v 124.13999939 45.65499878 0
v 3 22.00399971 18.87299919
v 0 22.00399971 18.87299919
v 124.2460022 45.5909996 0
v 0 22.01099968 18.93400002
v 3 22.01099968 18.93400002
v 7.55499983 27.95999908 3
v 7.52400017 27.90600014 3
v 22.47599983 27.90600014 3
v 0 22.02199936 18.99399948
v 3 22.02199936 18.99399948
v 124.39099884 45.47800064 3
v 0 22.03499985 19.05400085
v 0 22.0510006 19.11400032
v 3 22.0510006 19.11400032
v 124.43599701 45.43600082 0
v 124.43599701 45.43600082 3
v 5.21099997 28.73399925 3
v 5.204 28.67300034 3
v 5.19899988 28.61100006 3
v 0 22.07099915 19.17200089
v 5.22200012 28.79400063 3
v 5.23500013 28.85400009 3
v 0 22.11800003 19.2859993
v 5.25099993 28.91399956 3
v 127 24.21800041 19.54500008
v 127 24.25600052 19.49600029
v 5.27099991 28.97200012 3
v 0 22.14500046 19.34000015
v 3 22.14500046 19.34000015
v 5.29300022 29.02899933 3
v 3 22.1760006 19.3939991
v 0 22.1760006 19.3939991
v 5.31799984 29.08600044 3
v 127 22.55400085 19.79100037
v 0 22.20899963 19.44599915
v 3 22.20899963 19.44599915
v 5.34499979 29.13999939 3
v 127 22.6060009 19.8239994
v 124.65499878 45.13999939 3
v 124.65499878 45.13999939 0
v 124.68199921 45.08599854 0
v 127 22.65999985 19.85499954
v 0 22.24399948 19.49600029
v 3 22.24399948 19.49600029
v 0 22.28199959 19.54500008
v 127 22.7140007 19.88199997
v 5.40899992 29.24600029 3
v 5.37599993 29.19400024 3
v 0 22.3220005 19.5909996
v 3 22.3220005 19.5909996
v 22.62199974 45.39099884 0
v 127 22.77099991 19.90699959
v 5.44399977 29.29599953 3
v 0 22.36400032 19.63599968
v 5.48199987 29.34499931 3
v 22.66399956 45.43600082 0
v 127 22.82799911 19.92900085
v 130 22.49900055 44.81100082
v 130 22.50399971 44.8730011
v 130 22.51099968 44.93399811
v 5.52199984 29.39100075 3
v 0 22.45499992 19.71800041
v 127 22.88599968 19.9489994
v 5.56400013 29.43600082 3
v 0 22.50399971 19.75600052
v 3 22.50399971 19.75600052
v 130 53.15999985 17.64500046
v 130 53.10599899 17.6760006
v 130 43.29800034 0
v 127 22.94599915 19.96500015
v 5.60900021 29.47800064 3
v 130 53.05400085 17.70899963
v 130 53.00400162 17.74399948
v 5.65500021 29.51799965 3
v 127 23.00600052 19.97800064
v 130 52.95500183 17.78199959
v 5.704 29.55599976 3
v 130 52.9090004 17.8220005
v 130 52.86399841 17.86400032
v 6.75400019 43.33499908 3
v 127 23.12700081 19.99600029
v 130 23.12700081 19.99600029
v 127 23.06599998 19.98900032
v 6.63399982 29.78899956 3
v 3 22.77099991 19.90699959
v 3 22.7140007 19.88199997
v 0 22.77099991 19.90699959
v 127 23.18899918 20.00099945
v 130 52.8219986 17.9090004
v 130 52.7820015 17.95499992
v 130 23.18899918 20.00099945
v 127 23.25 20.00300026
v 130 52.74399948 18.00399971
v 130 52.70899963 18.05400085
v 6.69399977 29.77799988 3
v 23.12800026 45.72900009 0
v 130 52.67599869 18.1060009
v 130 52.64500046 18.15999985
v 127 23.43400002 19.98900032
v 127 23.37299919 19.99600029
v 130 52.61800003 18.2140007
v 6.9289999 29.70700073 3
v 6.98600006 29.68199921 3
v 6.98600006 43.41799927 3
v 7.03999996 43.44499969 3
v 130 52.5929985 18.27099991
v 127 23.49399948 19.97800064
v 130 52.57099915 18.32799911
v 7.24499989 29.51799965 3
v 7.29099989 29.47800064 3
v 7.29099989 43.62200165 3
v 23.36599922 45.78900146 0
v 7.33599997 43.66400146 3
v 6.87200022 29.72900009 3
v 6.9289999 43.39300156 3
v 23.73399925 45.78900146 0
v 127 24.48900032 18.56599998
v 127 24.47800064 18.50600052
v 105.65499878 27.58200073 0
v 23.85400009 45.76499939 0
v 7.14599991 29.5909996 3
v 7.1960001 29.55599976 3
v 7.1960001 43.54399872 3
v 106.32700348 27.30400085 0
v 106.26599884 27.31100082 0
v 106.26599884 27.31100082 3
v 127 24.3239994 19.3939991
v 127 24.35499954 19.34000015
v 7.24499989 43.58200073 3
v 7.41800022 43.75500107 3
v 106.20600128 27.3220005 0
v 127 24.38199997 19.2859993
v 0 24.46500015 18.44599915
v 127 24.40699959 19.22900009
v 22.3220005 28.30599976 3
v 22.31100082 28.36599922 3
v 7.70100021 28.61100006 3
v 127 24.42900085 19.17200089
v 7.70300007 28.54999924 3
v 127 24.4489994 19.11400032
v 7.6960001 28.67300034 3
v 127 24.46500015 19.05400085
v 22.33499908 28.24600029 3
v 127 24.47800064 18.99399948
v 7.68900013 28.36599922 3
v 7.67799997 28.30599976 3
v 22.39299965 28.07099915 3
v 106.02799988 27.37100029 3
v 105.97100067 27.39299965 0
v 105.97100067 27.39299965 3
v 22.41799927 28.01399994 3
v 105.91400146 27.41799927 0
v 105.91400146 27.41799927 3
v 105.86000061 27.44499969 0
v 7.37799978 43.70899963 3
v 127 23.72900009 19.90699959
v 105.7539978 27.50900078 0
v 24.5909996 45.24599838 0
v 24.5909996 45.24599838 3
v 24.55599976 45.29600143 3
v 22.29899979 28.48900032 3
v 22.29800034 28.54999924 3
v 7.67799997 28.79400063 3
v 7.68900013 28.73399925 3
v 105.60900116 27.62199974 0
v 22.30400085 28.42700005 3
v 127 24.63599968 45.63600159
v 130 24.63599968 45.63600159
v 127 24.5909996 45.6780014
v 105.56400299 27.66399956 0
v 127 24.6779995 45.5909996
v 7.70100021 28.48900032 3
v 106.32700348 27.30400085 3
v 106.38899994 27.29899979 0
v 127 24.75600052 45.49599838
v 127 24.79100037 45.44599915
v 130 24.79100037 45.44599915
v 127 24.8239994 45.39400101
v 127 24.1779995 19.5909996
v 24.02899933 45.70700073 0
v 106.08599854 27.35099983 0
v 106.08599854 27.35099983 3
v 106.14600372 27.33499908 0
v 106.02799988 27.37100029 0
v 127 24.88199997 45.2859993
v 127 24.90699959 45.22900009
v 130 24.90699959 45.22900009
v 24.08600044 45.68199921 0
v 24.13999939 45.65499878 0
v 127 24.92900085 45.17200089
v 127 23.55400085 19.96500015
v 127 24.9489994 45.11399841
v 24.24600029 45.5909996 0
v 127 23.61400032 19.9489994
v 24.29599953 45.55599976 0
v 127 24.54500008 43.7820015
v 127 23.67200089 19.92900085
v 127 23.7859993 19.88199997
v 127 23.8939991 19.8239994
v 127 23.84000015 19.85499954
v 127 23.94599915 19.79100037
v 24.62400055 45.19400024 0
v 24.62400055 45.19400024 3
v 24.65500069 45.13999939 0
v 7.03999996 29.65500069 3
v 7.09399986 43.47600174 3
v 7.09399986 29.62400055 3
v 7.14599991 43.50899887 3
v 6.38899994 43.29899979 3
v 6.32700014 43.30400085 3
v 6.26599979 43.31100082 3
v 6.20599985 43.3219986 3
v 6.14599991 43.33499908 3
v 6.02799988 43.37099838 3
v 6.08599997 43.35100174 3
v 105.23500061 28.24600029 3
v 105.25099945 28.18600082 0
v 105.23500061 28.24600029 0
v 24.68199921 45.08599854 0
v 24.70700073 45.02899933 3
v 127 24.13599968 19.63599968
v 127 24.0909996 19.6779995
v 130 24.90699959 44.27099991
v 7.62900019 28.12800026 3
v 7.60699987 28.07099915 3
v 7.58199978 28.01399994 3
v 22.66399956 27.66399956 3
v 22.3220005 28.79400063 3
v 22.33499908 28.85400009 3
v 7.58199978 29.08600044 3
v 7.52400017 29.19400024 3
v 7.55499983 29.13999939 3
v 22.35099983 28.91399956 3
v 22.37100029 28.97200012 3
v 7.49100018 29.24600029 3
v 22.39299965 29.02899933 3
v 22.41799927 29.08600044 3
v 22.44499969 29.13999939 3
v 7.41800022 29.34499931 3
v 22.47599983 29.19400024 3
v 7.37799978 29.39100075 3
v 122.3219986 44.79399872 0
v 122.33499908 44.85400009 0
v 122.3219986 44.79399872 3
v 6.38899994 27.29899979 3
v 6.32700014 27.30400085 3
v 6.26599979 27.31100082 3
v 5.97100019 27.39299965 3
v 5.91400003 27.41799927 3
v 15 3 3
v 23.30599976 27.3220005 3
v 105.40899658 27.85400009 0
v 105.44400024 27.80400085 0
v 105.37599945 27.90600014 0
v 130 24.97800064 44.99399948
v 5.19799995 28.54999924 3
v 105.34500122 27.95999908 0
v 105.31800079 28.01399994 0
v 105.29299927 28.07099915 0
v 123.01399994 29.68199921 0
v 122.95999908 29.65500069 0
v 107.70300293 28.54999924 0
v 105.27100372 28.12800026 0
v 127 24.29100037 19.44599915
v 107.7009964 28.61100006 0
v 107.69599915 28.67300034 0
v 107.68900299 28.73399925 0
v 107.6780014 28.79400063 0
v 123.2460022 43.33499908 0
v 123.18599701 29.74900055 0
v 123.18599701 43.35100174 0
v 107.66500092 28.85400009 0
v 107.64900208 28.91399956 0
v 105.22200012 28.30599976 0
v 127 24.49600029 45.75600052
v 130 24.54500008 45.7179985
v 105.21099854 28.36599922 0
v 105.21099854 28.36599922 3
v 122.44499969 43.95999908 0
v 107.70300293 29.8029995 0
v 122.41799927 44.01399994 0
v 122.47599792 43.90599823 0
v 127 24.54500008 45.7179985
v 130 24.5909996 45.6780014
v 105.1989975 28.48900032 0
v 105.1989975 28.48900032 3
v 105.20400238 28.42700005 0
v 122.39299774 44.07099915 0
v 107.33599854 43.66400146 0
v 105.19799805 28.54999924 0
v 130 24.6779995 45.5909996
v 107.37799835 43.70899963 0
v 107.41799927 43.75500107 0
v 107.45600128 43.80400085 0
v 127 24.71800041 45.54499817
v 130 24.71800041 45.54499817
v 107.49099731 43.85400009 0
v 107.52400208 43.90599823 0
v 130 24.75600052 45.49599838
v 107.55500031 43.95999908 0
v 107.58200073 44.01399994 0
v 130 24.8239994 45.39400101
v 105.52200317 27.70899963 0
v 127 24.85499954 45.34000015
v 130 24.85499954 45.34000015
v 105.48200226 27.75499916 0
v 122.3710022 44.12799835 0
v 107.60700226 44.07099915 0
v 0 22.55400085 19.79100037
v 3 22.55400085 19.79100037
v 130 24.88199997 45.2859993
v 0 22.6060009 19.8239994
v 0 22.65999985 19.85499954
v 3 22.65999985 19.85499954
v 130 24.92900085 45.17200089
v 122.33499908 44.24599838 0
v 122.35099792 44.18600082 0
v 107.64900208 44.18600082 0
v 0 22.7140007 19.88199997
v 107.70300293 44.54999924 0
v 107.7009964 44.61100006 0
v 122.2990036 44.61100006 0
v 122.31099701 44.73400116 0
v 122.30400085 44.67300034 0
v 107.69599915 44.67300034 0
v 0 22.82799911 19.92900085
v 3 53.15999985 43.64500046
v 3 52.4980011 20.00300026
v 3 53.2140007 43.61800003
v 0 22.88599968 19.9489994
v 3 22.88599968 19.9489994
v 3 53.10599899 43.67599869
v 3 53.05400085 43.70899963
v 3 22.94599915 19.96500015
v 0 22.94599915 19.96500015
v 3 53.00400162 43.74399948
v 0 23.00600052 19.97800064
v 3 23.00600052 19.97800064
v 3 52.95500183 43.7820015
v 3 52.9090004 43.8219986
v 0 23.06599998 19.98900032
v 3 52.86399841 43.86399841
v 3 52.57099915 44.32799911
v 3 52.55099869 44.38600159
v 3 25.00300026 44.75
v 0 23.12700081 19.99600029
v 3 23.12700081 19.99600029
v 3 52.53499985 44.44599915
v 3 25.00099945 44.81100082
v 123.36599731 43.31100082 0
v 123.36599731 29.78899956 0
v 123.30599976 43.3219986 0
v 0 23.18899918 20.00099945
v 3 23.25 20.00300026
v 3 23.18899918 20.00099945
v 0 23.25 20.00300026
v 122.80400085 29.55599976 0
v 122.75499725 29.51799965 0
v 107.6780014 28.30599976 0
v 3 23.31100082 20.00099945
v 0 23.31100082 20.00099945
v 3 23.37299919 19.99600029
v 0 23.37299919 19.99600029
v 107.68900299 28.36599922 0
v 107.69599915 28.42700005 0
v 122.85399628 29.5909996 0
v 3 24.92900085 45.17200089
v 3 24.9489994 45.11399841
v 3 52.4980011 44.75
v 107.7009964 28.48900032 0
v 122.90599823 29.62400055 0
v 3 52.49900055 44.81100082
v 3 23.43400002 19.98900032
v 0 23.43400002 19.98900032
v 3 24.90699959 45.22900009
v 3 24.96500015 45.05400085
v 3 52.49900055 44.68899918
v 3 23.49399948 19.97800064
v 0 23.49399948 19.97800064
v 3 52.50400162 44.8730011
v 123.55000305 43.29800034 0
v 123.48899841 43.29899979 3
v 123.55000305 43.29800034 3
v 3 24.88199997 45.2859993
v 106.92900085 27.39299965 3
v 106.98600006 27.41799927 0
v 106.92900085 27.39299965 0
v 3 52.51100159 44.93399811
v 0 23.55400085 19.96500015
v 5.48199987 43.75500107 0
v 5.44399977 43.80400085 0
v 3 24.85499954 45.34000015
v 123.42700195 43.30400085 0
v 123.48899841 43.29899979 0
v 123.42700195 29.79599953 0
v 3 24.8239994 45.39400101
v 3 24.79100037 45.44599915
v 3 24.47800064 18.99399948
v 0 24.47800064 18.99399948
v 3 24.48900032 18.93400002
v 106.81400299 27.35099983 0
v 106.7539978 27.33499908 0
v 106.7539978 27.33499908 3
v 123.85399628 43.33499908 0
v 123.79399872 29.77799988 0
v 123.79399872 43.3219986 0
v 0 24.49600029 18.87299919
v 3 24.49600029 18.87299919
v 0 24.48900032 18.93400002
v 3 24.75600052 45.49599838
v 0 24.50099945 18.81100082
v 3 24.50099945 18.81100082
v 3 24.71800041 45.54499817
v 123.67299652 43.30400085 0
v 123.61100006 29.8010006 0
v 123.61100006 43.29899979 0
v 3 24.50300026 18.75
v 0 24.50300026 18.75
v 0 24.50099945 18.68899918
v 3 52.52199936 44.99399948
v 3 24.50300026 53
v 3 24.63599968 45.63600159
v 0 24.49600029 18.62700081
v 3 24.49600029 18.62700081
v 124.34500122 43.58200073 0
v 123.85399628 29.76499939 0
v 124.29599762 43.54399872 0
v 124.39099884 43.62200165 0
v 0 24.48900032 18.56599998
v 3 24.48900032 18.56599998
v 6.02799988 43.37099838 0
v 5.97100019 43.39300156 0
v 0 24.47800064 18.50600052
v 124.2460022 43.50899887 0
v 124.19400024 43.47600174 0
v 5.91400003 43.41799927 0
v 130 52.52199936 18.50600052
v 127 22.09300041 18.27099991
v 130 53.50600052 17.52199936
v 130 53.44599915 17.53499985
v 3 24.3239994 19.3939991
v 3 24.29100037 19.44599915
v 0 24.3239994 19.3939991
v 0 24.29100037 19.44599915
v 130 53.32799911 17.57099915
v 130 53.27099991 17.59300041
v 130 53.2140007 17.61800003
v 130 53.38600159 17.5510006
v 0 24.35499954 19.34000015
v 0 24.38199997 19.2859993
v 3 24.38199997 19.2859993
v 127 22.94599915 17.53499985
v 0 24.40699959 19.22900009
v 3 24.40699959 19.22900009
v 127 22.88599968 17.5510006
v 130 54.17200089 17.57099915
v 130 76 0
v 130 54.22900009 17.59300041
v 3 24.42900085 19.17200089
v 0 24.42900085 19.17200089
v 130 54.11399841 17.5510006
v 130 53.99399948 17.52199936
v 130 53.93399811 17.51099968
v 0 24.4489994 19.11400032
v 0 24.46500015 19.05400085
v 3 24.46500015 19.05400085
v 130 53.8730011 17.50399971
v 130 53.81100082 17.49900055
v 130 53.75 17.49799919
v 130 53.68899918 17.49900055
v 124.51799774 43.75500107 3
v 124.55599976 43.80400085 3
v 124.51799774 43.75500107 0
v 127 22.50399971 17.74399948
v 107.68900299 28.36599922 3
v 107.69599915 28.42700005 3
v 124.47799683 43.70899963 3
v 130 54.63600159 17.86400032
v 130 54.6780014 17.9090004
v 130 54.5909996 17.8220005
v 130 54.54499817 17.78199959
v 130 54.49599838 17.74399948
v 130 54.44599915 17.70899963
v 130 54.39400101 17.6760006
v 3 23.72900009 19.90699959
v 3 23.67200089 19.92900085
v 0 23.72900009 19.90699959
v 130 54.34000015 17.64500046
v 130 54.2859993 17.61800003
v 0 23.7859993 19.88199997
v 3 23.7859993 19.88199997
v 3 23.84000015 19.85499954
v 107.6289978 28.12800026 3
v 107.64900208 28.18600082 3
v 107.6289978 28.12800026 0
v 0 23.8939991 19.8239994
v 0 23.84000015 19.85499954
v 124.13999939 43.44499969 0
v 124.13999939 43.44499969 3
v 124.19400024 43.47600174 3
v 3 23.94599915 19.79100037
v 3 23.8939991 19.8239994
v 0 23.94599915 19.79100037
v 124.08599854 43.41799927 3
v 130 54.88199997 18.2140007
v 130 54.9070015 18.27099991
v 0 23.99600029 19.75600052
v 3 23.99600029 19.75600052
v 127 23.31100082 17.49900055
v 130 54.85499954 18.15999985
v 0 24.04500008 19.71800041
v 130 54.82400131 18.1060009
v 130 54.79100037 18.05400085
v 130 54.75600052 18.00399971
v 130 54.7179985 17.95499992
v 130 54.92900085 18.32799911
v 3 24.1779995 19.5909996
v 0 24.13599968 19.63599968
v 0 24.1779995 19.5909996
v 0 24.21800041 19.54500008
v 130 52.51100159 18.56599998
v 124.59100342 43.85400009 3
v 124.55599976 43.80400085 0
v 130 52.49900055 18.68899918
v 130 52.50400162 18.62700081
v 130 52.4980011 18.75
v 3 23.61400032 19.9489994
v 3 23.55400085 19.96500015
v 0 23.61400032 19.9489994
v 130 52.50400162 18.87299919
v 130 52.49900055 18.81100082
v 0 23.67200089 19.92900085
v 124.08599854 43.41799927 0
v 106.57299805 27.30400085 0
v 106.51100159 27.29899979 0
v 106.51100159 27.29899979 3
v 124.02899933 43.39300156 0
v 123.97200012 43.37099838 0
v 130 52.53499985 19.05400085
v 130 52.51100159 18.93400002
v 123.73400116 43.31100082 0
v 123.67299652 29.79599953 0
v 123.73400116 29.78899956 0
v 123.91400146 43.35100174 0
v 130 52.55099869 19.11400032
v 130 24.48900032 18.56599998
v 130 52.57099915 19.17200089
v 130 24.49600029 18.62700081
v 130 52.5929985 19.22900009
v 124.68199921 44.01399994 0
v 124.65499878 43.95999908 0
v 124.62400055 43.90599823 0
v 124.59100342 43.85400009 0
v 107.14600372 27.50900078 0
v 107.14600372 27.50900078 3
v 107.19599915 27.54400063 0
v 124.74900055 44.18600082 3
v 124.72899628 44.12799835 0
v 124.72899628 44.12799835 3
v 107.09400177 27.47599983 0
v 124.47799683 43.70899963 0
v 124.70700073 44.07099915 3
v 3 53.38600159 43.55099869
v 3 53.44599915 43.53499985
v 3 53.32799911 43.57099915
v 124.43599701 43.66400146 0
v 3 53.27099991 43.5929985
v 106.87200165 27.37100029 0
v 106.87200165 27.37100029 3
v 3 24.21800041 19.54500008
v 106.81400299 27.35099983 3
v 124.77799988 44.30599976 0
v 124.76499939 44.24599838 0
v 0 24.25600052 19.49600029
v 3 24.25600052 19.49600029
v 124.74900055 44.18600082 0
v 3 53.05400085 19.79100037
v 3 54.05400085 43.53499985
v 124.70700073 44.07099915 0
v 130 52.67599869 19.3939991
v 106.69400024 27.3220005 0
v 3 53.99399948 43.52199936
v 130 24.50099945 18.68899918
v 3 53.81100082 43.49900055
v 3 53.8730011 43.50400162
v 124.72899628 44.97200012 0
v 124.70700073 45.02899933 0
v 124.74900055 44.91400146 0
v 130 52.74399948 19.49600029
v 124.76499939 44.85400009 0
v 5.31799984 44.01399994 0
v 5.34499979 43.95999908 0
v 124.77799988 44.79399872 0
v 106.44999695 27.29800034 0
v 3 54.17200089 43.57099915
v 3 54.11399841 43.55099869
v 3 53.68899918 20.00099945
v 124.8010025 44.48899841 3
v 124.79599762 44.42699814 0
v 124.79599762 44.42699814 3
v 124.79599762 44.67300034 0
v 124.78900146 44.73400116 0
v 3 53.6269989 19.99600029
v 130 53.10599899 19.8239994
v 130 53.15999985 19.85499954
v 130 54.22900009 43.5929985
v 124.8010025 44.61100006 0
v 124.78900146 44.36600113 3
v 130 54.2859993 43.61800003
v 3 53.56600189 19.98900032
v 130 53.2140007 19.88199997
v 130 53.38600159 19.9489994
v 130 53.44599915 19.96500015
v 130 54.49599838 43.74399948
v 3 53.50600052 19.97800064
v 107.19599915 27.54400063 3
v 107.24500275 27.58200073 0
v 3 53.44599915 19.96500015
v 130 54.54499817 43.7820015
v 107.68900299 44.73400116 0
v 3 53.38600159 19.9489994
v 130 53.50600052 19.97800064
v 107.09400177 27.47599983 3
v 3 53.32799911 19.92900085
v 107.04000092 27.44499969 0
v 3 53.2140007 19.88199997
v 3 53.27099991 19.90699959
v 130 54.5909996 43.8219986
v 130 54.63600159 43.86399841
v 130 53.56600189 19.98900032
v 107.52400208 27.90600014 3
v 107.52400208 27.90600014 0
v 107.49099731 27.85400009 3
v 3 53.15999985 19.85499954
v 3 53.10599899 19.8239994
v 3 53.93399811 43.51100159
v 130 24.42900085 18.32799911
v 127 24.40699959 18.27099991
v 107.45600128 27.80400085 0
v 107.45600128 27.80400085 3
v 107.49099731 27.85400009 0
v 130 54.7179985 43.95500183
v 130 54.6780014 43.9090004
v 124.76499939 44.85400009 3
v 124.74900055 44.91400146 3
v 130 53.6269989 19.99600029
v 130 53.68899918 20.00099945
v 130 54.75600052 44.00400162
v 107.41799927 27.75499916 0
v 107.41799927 27.75499916 3
v 124.77799988 44.79399872 3
v 130 54.79100037 44.05400085
v 107.37799835 27.70899963 3
v 107.37799835 27.70899963 0
v 130 53.75 20.00300026
v 124.78900146 44.73400116 3
v 107.33599854 27.66399956 0
v 130 76 53
v 130 24.3239994 18.1060009
v 3 54.88199997 44.2140007
v 3 76 53
v 3 54.9070015 44.27099991
v 3 54.85499954 44.15999985
v 5.56400013 43.66400146 0
v 5.60900021 43.62200165 0
v 3 54.82400131 44.10599899
v 3 54.92900085 44.32799911
v 3 54.79100037 44.05400085
v 5.52199984 43.70899963 0
v 107.7009964 28.61100006 3
v 3 53.99399948 19.97800064
v 3 54.05400085 19.96500015
v 3 54.44599915 43.70899963
v 130 54.11399841 19.9489994
v 130 54.05400085 19.96500015
v 107.7009964 28.48900032 3
v 122.41799927 45.08599854 3
v 5.40899992 43.85400009 0
v 130 54.17200089 19.92900085
v 122.47599792 45.19400024 3
v 3 54.99599838 44.8730011
v 3 54.98899841 44.93399811
v 3 54.97800064 44.99399948
v 130 54.22900009 19.90699959
v 127 24.13599968 17.86400032
v 122.50900269 45.24599838 0
v 122.50900269 45.24599838 3
v 3 55.00299835 44.75
v 3 55.00099945 44.81100082
v 122.54399872 45.29600143 3
v 130 55.00099945 18.81100082
v 130 54.99599838 18.87299919
v 130 55.00299835 18.75
v 107.66500092 28.24600029 0
v 107.66500092 28.24600029 3
v 5.29300022 44.07099915 0
v 122.62200165 45.39099884 3
v 107.64900208 28.18600082 0
v 122.66400146 45.43600082 0
v 122.66400146 45.43600082 3
v 122.70899963 45.47800064 3
v 3 52.57099915 45.17200089
v 3 52.55099869 45.11399841
v 130 54.96500015 18.44599915
v 130 54.97800064 18.50600052
v 130 54.98899841 18.56599998
v 130 54.99599838 18.62700081
v 107.60700226 28.07099915 0
v 3 52.61800003 45.2859993
v 3 52.5929985 45.22900009
v 122.80400085 45.55599976 3
v 107.58200073 28.01399994 0
v 107.58200073 28.01399994 3
v 122.85399628 45.5909996 0
v 5.86000013 43.44499969 0
v 107.55500031 27.95999908 0
v 107.55500031 27.95999908 3
v 3 52.74399948 45.49599838
v 3 52.70899963 45.44599915
v 5.75400019 43.50899887 0
v 130 54.92900085 19.17200089
v 130 54.94900131 19.11400032
v 130 54.85499954 19.34000015
v 130 54.88199997 19.2859993
v 5.704 43.54399872 0
v 3 52.8219986 45.5909996
v 3 52.7820015 45.54499817
v 130 54.9070015 19.22900009
v 5.65500021 43.58200073 0
v 130 54.96500015 19.05400085
v 130 54.97800064 18.99399948
v 3 52.86399841 45.63600159
v 3 52.9090004 45.6780014
v 130 54.98899841 18.93400002
v 3 52.95500183 45.7179985
v 3 53.00400162 45.75600052
v 105.22200012 28.79400063 0
v 105.23500061 28.85400009 0
v 3 53.05400085 45.79100037
v 130 54.34000015 19.85499954
v 130 54.2859993 19.88199997
v 3 53.10599899 45.82400131
v 130 54.39400101 19.8239994
v 130 54.44599915 19.79100037
v 130 54.49599838 19.75600052
v 127 24.29100037 18.05400085
v 130 54.54499817 19.71800041
v 5.22200012 44.30599976 0
v 105.31800079 29.08600044 0
v 5.21099997 44.36600113 0
v 130 54.63600159 19.63599968
v 130 54.5909996 19.6779995
v 130 54.7179985 19.54500008
v 130 54.6780014 19.5909996
v 130 54.75600052 19.49600029
v 130 54.79100037 19.44599915
v 130 54.82400131 19.3939991
v 130 53.15999985 43.64500046
v 130 53.10599899 43.67599869
v 130 52.9090004 19.6779995
v 107.6780014 44.79399872 0
v 130 53.05400085 43.70899963
v 123.85399628 45.76499939 3
v 130 53.00400162 43.74399948
v 107.64900208 44.91400146 0
v 122.35099792 44.91400146 0
v 130 52.95500183 43.7820015
v 130 52.9090004 43.8219986
v 122.39299774 45.02899933 0
v 122.3710022 44.97200012 0
v 107.6289978 44.97200012 0
v 107.60700226 45.02899933 0
v 122.95999908 45.65499878 3
v 105.65499878 29.51799965 3
v 105.60900116 29.47800064 0
v 105.65499878 29.51799965 0
v 130 52.86399841 43.86399841
v 130 52.74399948 44.00400162
v 0 22.0510006 18.38599968
v 123.18599701 45.74900055 3
v 105.86000061 29.65500069 3
v 105.80599976 29.62400055 3
v 105.86000061 29.65500069 0
v 130 52.64500046 44.15999985
v 130 52.61800003 44.2140007
v 130 52.70899963 44.05400085
v 130 52.52199936 44.50600052
v 130 52.53499985 44.44599915
v 130 22.01099968 18.93400002
v 127 22.02199936 18.99399948
v 130 22.02199936 18.99399948
v 130 52.5929985 44.27099991
v 130 22.03499985 19.05400085
v 106.02799988 29.72900009 3
v 105.97100067 29.70700073 3
v 106.02799988 29.72900009 0
v 130 52.57099915 44.32799911
v 130 52.55099869 44.38600159
v 3 22.28199959 17.95499992
v 123.61100006 45.80099869 3
v 3 22.1760006 18.1060009
v 130 52.50400162 44.6269989
v 130 52.51100159 44.56600189
v 130 52.49900055 44.68899918
v 130 52.4980011 44.75
v 3 22.07099915 18.32799911
v 123.91400146 45.74900055 3
v 3 22.0510006 18.38599968
v 105.21099854 28.73399925 0
v 105.20400238 28.67300034 0
v 124.02899933 45.70700073 0
v 124.02899933 45.70700073 3
v 130 52.52199936 44.99399948
v 130 52.51100159 44.93399811
v 3 53.15999985 45.85499954
v 3 53.2140007 45.88199997
v 105.25099945 28.91399956 0
v 5.23500013 44.24599838 0
v 5.25099993 44.18600082 0
v 105.27100372 28.97200012 0
v 3 53.32799911 45.92900085
v 3 53.27099991 45.9070015
v 3 22.77099991 17.59300041
v 105.29299927 29.02899933 0
v 3 53.38600159 45.94900131
v 3 53.44599915 45.96500015
v 105.34500122 29.13999939 0
v 3 22.6060009 17.6760006
v 3 53.6269989 45.99599838
v 3 53.68899918 46.00099945
v 3 53.50600052 45.97800064
v 105.37599945 29.19400024 0
v 3 53.56600189 45.98899841
v 3 53.75 46.00299835
v 105.40899658 29.24600029 0
v 5.19899988 44.48899841 0
v 5.19799995 44.54999924 0
v 124.08599854 45.68199921 0
v 105.44400024 29.29599953 0
v 105.44400024 29.29599953 3
v 5.19899988 44.61100006 0
v 3 23.18899918 17.49900055
v 105.48200226 29.34499931 0
v 105.48200226 29.34499931 3
v 5.204 44.67300034 0
v 3 53.93399811 45.98899841
v 3 53.8730011 45.99599838
v 130 23.06599998 19.98900032
v 105.52200317 29.39100075 3
v 105.52200317 29.39100075 0
v 3 53.99399948 45.97800064
v 5.22200012 44.79399872 0
v 5.21099997 44.73400116 0
v 3 54.17200089 45.92900085
v 3 54.11399841 45.94900131
v 105.56400299 29.43600082 0
v 105.56400299 29.43600082 3
v 5.23500013 44.85400009 0
v 124.47799683 45.39099884 0
v 5.25099993 44.91400146 0
v 3 54.22900009 45.9070015
v 5.27099991 44.97200012 0
v 3 54.75600052 45.49599838
v 3 54.7179985 45.54499817
v 105.70400238 29.55599976 0
v 127 23.31100082 20.00099945
v 130 53.38600159 43.55099869
v 130 53.32799911 43.57099915
v 130 53.05400085 19.79100037
v 130 53.44599915 43.53499985
v 3 54.79100037 45.44599915
v 105.7539978 29.5909996 0
v 105.7539978 29.5909996 3
v 3 54.82400131 45.39400101
v 130 53.27099991 43.5929985
v 3 54.85499954 45.34000015
v 105.80599976 29.62400055 0
v 3 54.88199997 45.2859993
v 3 54.9070015 45.22900009
v 130 53.00400162 19.75600052
v 3 23.94599915 17.70899963
v 3 54.92900085 45.17200089
v 105.91400146 29.68199921 0
v 130 53.2140007 43.61800003
v 130 52.95500183 19.71800041
v 3 54.94900131 45.11399841
v 127 24.48900032 18.93400002
v 3 54.96500015 45.05400085
v 105.91400146 29.68199921 3
v 105.97100067 29.70700073 0
v 127 24.49600029 18.87299919
v 127 24.50099945 18.81100082
v 0 23.72900009 17.59300041
v 3 54.34000015 45.85499954
v 3 54.2859993 45.88199997
v 127 24.50300026 18.75
v 130 54.05400085 43.53499985
v 130 53.99399948 43.52199936
v 106.08599854 29.74900055 0
v 3 54.39400101 45.82400131
v 130 53.93399811 43.51100159
v 3 54.44599915 45.79100037
v 127 24.50099945 18.68899918
v 106.14600372 29.76499939 0
v 106.14600372 29.76499939 3
v 130 53.81100082 43.49900055
v 130 53.75 43.4980011
v 3 54.49599838 45.75600052
v 127 24.49600029 18.62700081
v 106.20600128 29.77799988 0
v 3 54.54499817 45.7179985
v 130 54.11399841 43.55099869
v 3 54.5909996 45.6780014
v 130 53.68899918 43.49900055
v 130 53.6269989 43.50400162
v 130 53.56600189 43.51100159
v 106.32700348 29.79599953 0
v 106.32700348 29.79599953 3
v 106.26599884 29.78899956 0
v 106.38899994 29.8010006 0
v 3 54.6780014 45.5909996
v 3 54.63600159 45.63600159
v 106.44999695 29.8029995 3
v 106.38899994 29.8010006 3
v 106.44999695 29.8029995 0
v 3 53.81100082 46.00099945
v 3 54.05400085 45.96500015
v 130 54.44599915 43.70899963
v 130 54.39400101 43.67599869
v 130 53.32799911 19.92900085
v 130 53.27099991 19.90699959
v 130 54.34000015 43.64500046
v 3 55.00099945 44.68899918
v 3 54.99599838 44.6269989
v 3 54.98899841 44.56600189
v 3 54.97800064 44.50600052
v 3 54.94900131 44.38600159
v 3 54.96500015 44.44599915
v 130 54.17200089 43.57099915
v 3 53.15999985 17.64500046
v 3 24.50300026 18.28274918
v 3 53.2140007 17.61800003
v 3 53.10599899 17.6760006
v 3 53.05400085 17.70899963
v 3 24.25600052 18.00399971
v 3 24.29100037 18.05400085
v 6.44999981 43.29800034 0
v 6.38899994 43.29899979 0
v 3 53.00400162 17.74399948
v 130 53.50600052 43.52199936
v 3 52.95500183 17.78199959
v 3 52.9090004 17.8220005
v 3 24.1779995 17.9090004
v 6.20599985 43.3219986 0
v 6.26599979 43.31100082 0
v 3 52.86399841 17.86400032
v 3 24.0909996 17.8220005
v 3 52.8219986 17.9090004
v 130 54.88199997 44.2140007
v 130 54.9070015 44.27099991
v 124.47799683 45.39099884 3
v 130 54.85499954 44.15999985
v 3 52.74399948 18.00399971
v 3 52.7820015 17.95499992
v 130 54.82400131 44.10599899
v 124.51799774 45.34500122 3
v 124.51799774 45.34500122 0
v 3 52.70899963 18.05400085
v 130 54.92900085 44.32799911
v 130 54.94900131 44.38600159
v 3 52.67599869 18.1060009
v 124.55599976 45.29600143 3
v 124.55599976 45.29600143 0
v 3 52.64500046 18.15999985
v 124.59100342 45.24599838 3
v 124.59100342 45.24599838 0
v 3 52.61800003 18.2140007
v 3 23.8939991 17.6760006
v 3 52.5929985 18.27099991
v 124.62400055 45.19400024 0
v 124.62400055 45.19400024 3
v 3 52.57099915 18.32799911
v 130 54.97800064 44.99399948
v 130 54.96500015 45.05400085
v 3 52.55099869 18.38599968
v 124.68199921 45.08599854 3
v 3 23.72900009 17.59300041
v 130 54.99599838 44.8730011
v 130 55.00099945 44.81100082
v 3 52.53499985 18.44599915
v 3 52.52199936 18.50600052
v 127 24.04500008 19.71800041
v 127 23.99600029 19.75600052
v 130 55.00299835 44.75
v 130 54.98899841 44.93399811
v 3 23.67200089 17.57099915
v 130 55.00099945 44.68899918
v 124.08599854 45.68199921 3
v 3 53.32799911 17.57099915
v 3 53.38600159 17.5510006
v 3 53.50600052 17.52199936
v 3 53.56600189 17.51099968
v 124.13999939 45.65499878 3
v 3 53.27099991 17.59300041
v 124.2460022 45.5909996 3
v 3 24.35499954 18.15999985
v 124.78900146 44.36600113 0
v 124.8010025 44.48899841 0
v 124.8030014 44.54999924 0
v 3 54.05400085 17.53499985
v 3 54.11399841 17.5510006
v 122.85399628 27.50900078 0
v 122.80400085 27.54400063 0
v 3 53.93399811 17.51099968
v 3 53.99399948 17.52199936
v 3 53.81100082 17.49900055
v 3 53.8730011 17.50399971
v 122.75499725 27.58200073 0
v 107.51999664 27.29800034 0
v 122.70899963 27.62199974 0
v 3 53.75 17.49799919
v 3 54.63600159 17.86400032
v 3 54.6780014 17.9090004
v 130 54.98899841 44.56600189
v 130 54.97800064 44.50600052
v 3 54.5909996 17.8220005
v 3 54.54499817 17.78199959
v 130 52.57099915 45.17200089
v 130 52.55099869 45.11399841
v 3 54.49599838 17.74399948
v 130 52.5929985 45.22900009
v 3 54.44599915 17.70899963
v 130 52.61800003 45.2859993
v 3 54.39400101 17.6760006
v 7.24499989 43.58200073 0
v 7.1960001 43.54399872 0
v 3 54.2859993 17.61800003
v 3 54.34000015 17.64500046
v 3 22.00399971 18.62700081
v 122.85399628 27.50900078 3
v 130 52.67599869 45.39400101
v 130 52.64500046 45.34000015
v 3 54.22900009 17.59300041
v 3 54.17200089 17.57099915
v 130 52.74399948 45.49599838
v 130 52.70899963 45.44599915
v 130 52.7820015 45.54499817
v 122.66400146 27.66399956 0
v 122.66400146 27.66399956 3
v 3 54.9070015 18.27099991
v 3 65 20
v 3 54.92900085 18.32799911
v 3 54.88199997 18.2140007
v 130 52.86399841 45.63600159
v 130 52.8219986 45.5909996
v 130 52.9090004 45.6780014
v 3 54.85499954 18.15999985
v 130 52.95500183 45.7179985
v 3 54.82400131 18.1060009
v 130 53.00400162 45.75600052
v 3 54.79100037 18.05400085
v 3 22.03499985 19.05400085
v 130 53.05400085 45.79100037
v 3 54.94900131 18.38599968
v 130 53.10599899 45.82400131
v 3 54.75600052 18.00399971
v 3 54.7179985 17.95499992
v 130 53.15999985 45.85499954
v 3 22.11800003 19.2859993
v 130 53.2140007 45.88199997
v 130 53.27099991 45.9070015
v 3 52.51100159 18.56599998
v 130 53.32799911 45.92900085
v 3 52.49900055 18.68899918
v 3 52.50400162 18.62700081
v 130 53.44599915 45.96500015
v 130 53.38600159 45.94900131
v 3 52.4980011 18.75
v 130 53.56600189 45.98899841
v 130 53.6269989 45.99599838
v 3 52.50400162 18.87299919
v 3 52.49900055 18.81100082
v 130 53.68899918 46.00099945
v 130 53.50600052 45.97800064
v 3 22.28199959 19.54500008
v 130 53.75 46.00299835
v 3 52.52199936 18.99399948
v 3 52.51100159 18.93400002
v 3 22.45499992 19.71800041
v 130 53.8730011 45.99599838
v 130 53.81100082 46.00099945
v 3 52.57099915 19.17200089
v 3 52.55099869 19.11400032
v 3 52.5929985 19.22900009
v 130 53.93399811 45.98899841
v 3 52.61800003 19.2859993
v 3 52.53499985 19.05400085
v 3 52.64500046 19.34000015
v 130 54.22900009 45.9070015
v 130 54.17200089 45.92900085
v 130 54.05400085 45.96500015
v 130 53.99399948 45.97800064
v 3 52.67599869 19.3939991
v 122.62200165 27.70899963 0
v 3 22.6060009 19.8239994
v 122.54399872 27.80400085 3
v 122.58200073 27.75499916 0
v 122.54399872 27.80400085 0
v 127 23.27099991 43.5929985
v 127 23.2140007 43.61800003
v 122.50900269 27.85400009 0
v 3 52.7820015 19.54500008
v 3 52.74399948 19.49600029
v 3 52.8219986 19.5909996
v 3 22.82799911 19.92900085
v 130 54.82400131 45.39400101
v 130 54.79100037 45.44599915
v 3 52.86399841 19.63599968
v 130 54.85499954 45.34000015
v 3 52.9090004 19.6779995
v 130 54.88199997 45.2859993
v 3 52.95500183 19.71800041
v 130 54.9070015 45.22900009
v 3 53.00400162 19.75600052
v 130 54.75600052 45.49599838
v 130 54.94900131 45.11399841
v 130 54.92900085 45.17200089
v 3 23.06599998 19.98900032
v 3 53.75 20.00300026
v 3 52.70899963 19.44599915
v 130 54.34000015 45.85499954
v 130 54.2859993 45.88199997
v 3 53.81100082 20.00099945
v 3 54.22900009 43.5929985
v 3 53.8730011 19.99600029
v 3 53.93399811 19.98900032
v 3 54.34000015 43.64500046
v 130 54.44599915 45.79100037
v 3 54.39400101 43.67599869
v 130 54.54499817 45.7179985
v 7.70100021 44.61100006 3
v 7.6960001 44.67300034 0
v 7.70100021 44.61100006 0
v 130 54.5909996 45.6780014
v 3 54.2859993 43.61800003
v 130 54.63600159 45.63600159
v 127 22.5510006 44.38600159
v 127 22.53499985 44.44599915
v 3 54.49599838 43.74399948
v 130 54.6780014 45.5909996
v 130 54.39400101 45.82400131
v 3 54.11399841 19.9489994
v 3 54.54499817 43.7820015
v 130 54.7179985 45.54499817
v 3 54.17200089 19.92900085
v 6.32700014 43.30400085 0
v 130 54.11399841 45.94900131
v 122.80400085 27.54400063 3
v 6.14599991 43.33499908 0
v 122.75499725 27.58200073 3
v 3 24.50099945 18.68899918
v 130 52.7820015 43.95500183
v 130 53.8730011 43.50400162
v 130 53.81100082 20.00099945
v 130 53.8730011 19.99600029
v 130 53.93399811 19.98900032
v 130 53.99399948 19.97800064
v 127 22.9090004 43.8219986
v 127 22.86400032 43.86399841
v 3 54.6780014 43.9090004
v 3 54.63600159 43.86399841
v 3 54.2859993 19.88199997
v 3 24.47800064 18.50600052
v 127 22.8220005 43.9090004
v 127 22.78199959 43.95500183
v 122.62200165 27.70899963 3
v 6.57299995 43.30400085 0
v 6.51100016 43.29899979 0
v 127 22.74399948 44.00400162
v 3 55.00099945 18.81100082
v 3 54.99599838 18.87299919
v 122.47599792 27.90600014 0
v 3 55.00299835 18.75
v 122.44499969 27.95999908 0
v 122.41799927 28.01399994 0
v 122.3710022 28.12800026 0
v 122.39299774 28.07099915 0
v 3 24.35499954 19.34000015
v 122.35099792 28.18600082 0
v 122.41799927 28.01399994 3
v 127 23.38599968 43.55099869
v 127 23.44599915 43.53499985
v 122.33499908 28.24600029 0
v 3 54.97800064 18.50600052
v 3 54.96500015 18.44599915
v 122.3219986 28.30599976 0
v 122.31099701 28.36599922 0
v 122.39299774 28.07099915 3
v 122.30400085 28.42700005 0
v 122.2990036 28.48900032 0
v 127 23.32799911 43.57099915
v 122.3710022 28.12800026 3
v 122.35099792 28.18600082 3
v 3 24.4489994 19.11400032
v 3 54.85499954 19.34000015
v 3 54.82400131 19.3939991
v 123.2460022 27.33499908 0
v 123.18599701 27.35099983 0
v 3 54.88199997 19.2859993
v 127 23.15999985 43.64500046
v 123.12799835 27.37100029 0
v 123.07099915 27.39299965 0
v 123.01399994 27.41799927 0
v 122.95999908 27.44499969 0
v 127 23.1060009 43.67599869
v 3 54.79100037 19.44599915
v 122.90599823 27.47599983 0
v 3 54.94900131 19.11400032
v 3 54.92900085 19.17200089
v 127 23.05400085 43.70899963
v 3 54.9070015 19.22900009
v 123.36599731 27.31100082 0
v 123.42700195 27.30400085 0
v 3 54.96500015 19.05400085
v 123.79399872 27.3220005 0
v 123.85399628 27.33499908 0
v 3 54.98899841 18.93400002
v 3 54.97800064 18.99399948
v 127 22.70899963 44.05400085
v 123.67299652 27.30400085 0
v 123.73400116 27.31100082 0
v 123.61100006 27.29899979 0
v 122.2990036 28.48900032 3
v 122.29799652 28.54999924 3
v 127 22.6760006 44.10599899
v 3 54.34000015 19.85499954
v 130 54.99599838 44.6269989
v 130 54.96500015 44.44599915
v 130 55.00099945 18.68899918
v 130 54.94900131 18.38599968
v 122.29799652 28.54999924 0
v 122.2990036 28.61100006 0
v 127 22.64500046 44.15999985
v 124.39099884 27.62199974 0
v 124.43599701 27.66399956 0
v 127 22.61800003 44.2140007
v 3 54.49599838 19.75600052
v 3 54.44599915 19.79100037
v 124.34500122 27.58200073 0
v 3 54.54499817 19.71800041
v 124.29599762 27.54400063 0
v 127 22.59300041 44.27099991
v 3 54.5909996 19.6779995
v 130 23.87299919 43.50400162
v 127 22.57099915 44.32799911
v 3 54.63600159 19.63599968
v 124.19400024 27.47599983 0
v 124.2460022 27.50900078 0
v 3 54.6780014 19.5909996
v 3 54.75600052 44.00400162
v 3 54.7179985 19.54500008
v 3 54.75600052 19.49600029
v 124.02899933 27.39299965 0
v 124.08599854 27.41799927 0
v 3 54.39400101 19.8239994
v 130 23.81100082 43.49900055
v 122.50900269 27.85400009 3
v 123.91400146 27.35099983 0
v 123.97200012 27.37100029 0
v 7.14599991 43.50899887 0
v 7.09399986 43.47600174 0
v 122.44499969 27.95999908 3
v 122.47599792 27.90600014 3
v 124.70700073 28.07099915 0
v 124.72899628 28.12800026 0
v 124.74900055 28.18600082 0
v 7.03999996 43.44499969 0
v 6.98600006 43.41799927 0
v 124.65499878 27.95999908 0
v 124.68199921 28.01399994 0
v 6.9289999 43.39300156 0
v 124.59100342 27.85400009 0
v 124.62400055 27.90600014 0
v 6.87200022 43.37099838 0
v 6.81400013 43.35100174 0
v 124.47799683 27.70899963 0
v 124.51799774 27.75499916 0
v 122.33499908 28.24600029 3
v 6.75400019 43.33499908 0
v 122.3219986 28.30599976 3
v 6.69399977 43.3219986 0
v 124.79599762 28.67300034 0
v 124.8010025 28.61100006 0
v 122.30400085 28.42700005 3
v 124.79599762 28.42700005 0
v 124.78900146 28.36599922 0
v 3 24.04500008 19.71800041
v 124.77799988 28.30599976 0
v 124.76499939 28.24600029 0
v 0 24.0909996 19.6779995
v 3 24.0909996 19.6779995
v 122.30400085 28.67300034 0
v 7.49100018 43.85400009 0
v 7.52400017 43.90599823 0
v 3 24.13599968 19.63599968
v 3 54.5909996 43.8219986
v 3 54.22900009 19.90699959
v 3 54.7179985 43.95500183
v 3 53.75 43.4980011
v 3 53.68899918 43.49900055
v 3 53.6269989 43.50400162
v 3 53.56600189 43.51100159
v 3 53.50600052 43.52199936
v 122.31099701 28.73399925 0
v 7.45599985 43.80400085 0
v 123.30599976 27.3220005 3
v 123.30599976 27.3220005 0
v 122.3219986 28.79400063 0
v 122.33499908 28.85400009 0
v 7.41800022 43.75500107 0
v 3 55.00099945 18.68899918
v 3 54.99599838 18.62700081
v 3 54.98899841 18.56599998
v 123.2460022 27.33499908 3
v 122.35099792 28.91399956 0
v 122.3710022 28.97200012 0
v 7.37799978 43.70899963 0
v 3 76 20
v 122.39299774 29.02899933 0
v 122.41799927 29.08600044 0
v 7.33599997 43.66400146 0
v 3 53.68899918 17.49900055
v 3 53.6269989 17.50399971
v 3 53.44599915 17.53499985
v 7.29099989 43.62200165 0
v 122.44499969 29.13999939 0
v 127 23.68899918 43.49900055
v 127 23.75 43.4980011
v 122.47599792 29.19400024 0
v 122.50900269 29.24600029 0
v 127 23.62700081 43.50400162
v 122.54399872 29.29599953 0
v 127 23.56599998 43.51100159
v 122.62200165 29.39100075 0
v 127 24.11400032 43.55099869
v 122.58200073 29.34499931 0
v 127 23.99399948 43.52199936
v 127 24.05400085 43.53499985
v 127 23.93400002 43.51100159
v 3 11 20
v 127 23.87299919 43.50400162
v 127 23.81100082 43.49900055
v 122.66400146 29.43600082 0
v 123.07099915 29.70700073 0
v 123.12799835 29.72900009 0
v 123.2460022 29.76499939 0
v 127 24.49600029 43.74399948
v 123.30599976 29.77799988 0
v 123.12799835 27.37100029 3
v 123.18599701 27.35099983 3
v 7.60699987 45.02899933 0
v 7.62900019 44.97200012 0
v 7.64900017 44.91400146 0
v 123.48899841 29.8010006 0
v 127 24.22900009 43.5929985
v 127 24.2859993 43.61800003
v 7.68900013 44.73400116 3
v 7.68900013 44.73400116 0
v 123.48899841 27.29899979 3
v 123.55000305 27.29800034 0
v 123.48899841 27.29899979 0
v 127 24.17200089 43.57099915
v 124.65499878 29.13999939 0
v 124.68199921 29.08600044 0
v 124.70700073 29.02899933 0
v 124.72899628 28.97200012 0
v 123.79399872 27.3220005 3
v 123.85399628 27.33499908 3
v 124.76499939 28.85400009 0
v 124.74900055 28.91399956 0
v 124.78900146 28.73399925 0
v 124.77799988 28.79400063 0
v 7.6960001 44.42699814 0
v 7.68900013 44.36600113 0
v 123.61100006 27.29899979 3
v 7.67799997 44.30599976 0
v 124.08599854 29.68199921 0
v 124.13999939 29.65500069 0
v 124.34500122 27.58200073 3
v 124.19400024 29.62400055 0
v 124.29599762 27.54400063 3
v 7.62900019 44.12799835 0
v 124.2460022 29.5909996 0
v 124.29599762 29.55599976 0
v 7.60699987 44.07099915 0
v 124.34500122 29.51799965 0
v 124.13999939 27.44499969 0
v 124.13999939 27.44499969 3
v 124.39099884 29.47800064 0
v 124.43599701 29.43600082 0
v 124.47799683 29.39100075 0
v 124.08599854 27.41799927 3
v 124.51799774 29.34499931 0
v 107.69599915 28.67300034 3
v 124.55599976 29.29599953 0
v 124.59100342 29.24600029 0
v 124.62400055 29.19400024 0
v 106.98600006 29.68199921 3
v 106.98600006 29.68199921 0
v 107.04000092 29.65500069 0
v 7.66499996 44.85400009 0
v 123.97200012 29.72900009 0
v 123.91400146 29.74900055 0
v 7.67799997 44.79399872 0
v 124.02899933 29.70700073 0
v 123.55000305 29.8029995 0
v 123.12799835 43.37099838 0
v 7.70300007 44.54999924 0
v 124.55599976 27.80400085 0
v 124.8010025 28.48900032 0
v 124.8030014 28.54999924 0
v 127 22.6760006 45.39400101
v 127 22.70899963 45.44599915
v 127 22.74399948 45.49599838
v 127 22.78199959 45.54499817
v 105.37599945 43.90599823 0
v 105.40899658 43.85400009 0
v 105.19799805 43.29800034 0
v 105.44400024 43.80400085 0
v 0 0 0
v 127 22.8220005 45.5909996
v 105.52200317 43.70899963 0
v 105.56400299 43.66400146 0
v 105.34500122 43.95999908 0
v 3 23.2140007 43.61800003
v 3 23.27099991 43.5929985
v 0 23.2140007 43.61800003
v 105.97100067 43.39300156 0
v 105.91400146 43.41799927 0
v 105.86000061 43.44499969 0
v 105.80599976 43.47600174 0
v 105.7539978 43.50899887 0
v 105.70400238 43.54399872 0
v 105.65499878 43.58200073 0
v 107.09400177 29.62400055 3
v 107.09400177 29.62400055 0
v 105.60900116 43.62200165 0
v 107.14600372 29.5909996 3
v 107.14600372 29.5909996 0
v 105.48200226 43.75500107 0
v 127 23.2140007 45.88199997
v 127 23.27099991 45.9070015
v 107.19599915 29.55599976 0
v 107.19599915 29.55599976 3
v 3 24.2859993 43.61800003
v 3 24.22900009 43.5929985
v 107.24500275 29.51799965 0
v 107.29100037 29.47800064 0
v 107.29100037 29.47800064 3
v 106.32700348 43.30400085 0
v 106.26599884 43.31100082 0
v 3 22.78199959 43.95500183
v 3 3 38
v 107.33599854 29.43600082 3
v 107.33599854 29.43600082 0
v 5.31799984 45.08599854 0
v 106.14600372 43.33499908 0
v 106.08599854 43.35100174 0
v 107.37799835 29.39100075 3
v 107.37799835 29.39100075 0
v 5.34499979 45.13999939 0
v 106.02799988 43.37099838 0
v 107.41799927 29.34499931 0
v 127 22.5510006 45.11399841
v 3 24.44599915 43.70899963
v 3 24.3939991 43.67599869
v 107.45600128 29.29599953 0
v 107.45600128 29.29599953 3
v 3 24.34000015 43.64500046
v 3 25.00300026 43.4980011
v 105.31800079 44.01399994 0
v 107.49099731 29.24600029 0
v 107.49099731 29.24600029 3
v 105.29299927 44.07099915 0
v 105.27100372 44.12799835 0
v 107.52400208 29.19400024 0
v 107.52400208 29.19400024 3
v 105.23500061 44.24599838 0
v 105.25099945 44.18600082 0
v 106.51100159 29.8010006 0
v 106.51100159 29.8010006 3
v 24.19400024 27.47599983 0
v 24.24600029 27.50900078 0
v 105.22200012 44.30599976 0
v 106.57299805 29.79599953 0
v 106.57299805 29.79599953 3
v 105.21099854 44.36600113 0
v 106.63400269 29.78899956 0
v 105.20400238 44.42699814 0
v 24.29599953 27.54400063 0
v 106.69400024 29.77799988 0
v 106.69400024 29.77799988 3
v 24.34499931 27.58200073 0
v 106.7539978 29.76499939 3
v 106.7539978 29.76499939 0
v 106.81400299 29.74900055 0
v 106.81400299 29.74900055 3
v 106.87200165 29.72900009 0
v 24.39100075 27.62199974 0
v 105.1989975 44.48899841 0
v 24.43600082 27.66399956 0
v 105.19799805 44.54999924 0
v 106.92900085 29.70700073 0
v 106.92900085 29.70700073 3
v 105.1989975 44.61100006 0
v 127 22.86400032 45.63600159
v 5.91400003 45.68199921 0
v 5.97100019 45.70700073 0
v 107.55500031 29.13999939 0
v 107.55500031 29.13999939 3
v 106.87200165 43.37099838 0
v 106.92900085 43.39300156 0
v 106.98600006 43.41799927 0
v 107.58200073 29.08600044 0
v 107.58200073 29.08600044 3
v 106.81400299 43.35100174 0
v 106.7539978 43.33499908 0
v 107.60700226 29.02899933 3
v 107.60700226 29.02899933 0
v 106.69400024 43.3219986 0
v 106.63400269 43.31100082 0
v 107.6289978 28.97200012 0
v 127 22.57099915 45.17200089
v 106.57299805 43.30400085 0
v 106.51100159 43.29899979 0
v 107.64900208 28.91399956 3
v 127 22.59300041 45.22900009
v 107.66500092 28.85400009 3
v 127 22.61800003 45.2859993
v 107.6780014 28.79400063 3
v 107.66500092 44.24599838 0
v 107.6780014 44.30599976 0
v 122.3219986 44.30599976 0
v 107.29100037 43.62200165 0
v 107.24500275 43.58200073 0
v 107.19599915 43.54399872 0
v 107.14600372 43.50899887 0
v 107.09400177 43.47600174 0
v 107.04000092 43.44499969 0
v 122.30400085 44.42699814 0
v 122.31099701 44.36600113 0
v 107.68900299 44.36600113 0
v 127 22.9090004 45.6780014
v 127 22.95499992 45.7179985
v 122.29799652 44.54999924 0
v 122.2990036 44.48899841 0
v 127 23.00399971 45.75600052
v 127 23.05400085 45.79100037
v 107.69599915 44.42699814 0
v 107.7009964 44.48899841 0
v 127 23.1060009 45.82400131
v 127 23.15999985 45.85499954
v 106.38899994 27.29899979 3
v 107.55500031 45.13999939 0
v 127 23.32799911 45.92900085
v 5.37599993 45.19400024 0
v 127 23.38599968 45.94900131
v 3 22.51099968 44.56600189
v 3 22.50399971 44.6269989
v 3 22.52199936 44.50600052
v 127 23.44599915 45.96500015
v 5.44399977 45.29600143 0
v 5.40899992 45.24599838 0
v 3 22.49900055 44.68899918
v 106.14600372 27.33499908 3
v 106.20600128 27.3220005 3
v 127 23.50600052 45.97800064
v 5.48199987 45.34500122 0
v 124.65499878 27.95999908 3
v 3 0 53
v 3 22.49799919 44.75
v 124.62400055 27.90600014 3
v 105.20400238 44.67300034 0
v 24.47800064 27.70899963 0
v 5.60900021 45.47800064 0
v 5.56400013 45.43600082 0
v 24.51799965 27.75499916 0
v 106.44999695 27.29800034 3
v 3 22.52199936 44.99399948
v 3 22.51099968 44.93399811
v 5.65500021 45.51800156 0
v 105.91400146 45.68199921 0
v 105.86000061 45.65499878 0
v 24.70700073 28.07099915 0
v 24.72900009 28.12800026 0
v 105.31800079 45.08599854 0
v 124.51799774 27.75499916 3
v 105.34500122 45.13999939 0
v 5.704 45.55599976 0
v 3 22.95499992 43.7820015
v 3 23.00399971 43.74399948
v 5.75400019 45.5909996 0
v 3 22.9090004 43.8219986
v 24.74900055 28.18600082 0
v 105.37599945 45.19400024 0
v 3 22.86400032 43.86399841
v 5.80600023 45.62400055 0
v 24.76499939 28.24600029 0
v 3 22.8220005 43.9090004
v 105.40899658 45.24599838 0
v 5.86000013 45.65499878 0
v 24.77799988 28.30599976 0
v 105.44400024 45.29600143 0
v 24.78899956 28.36599922 0
v 105.80599976 45.62400055 0
v 6.02799988 45.72900009 0
v 105.97100067 45.70700073 0
v 124.78900146 28.36599922 3
v 124.79599762 28.42700005 3
v 124.77799988 28.30599976 3
v 3 22.74399948 44.00400162
v 106.02799988 45.72900009 0
v 124.76499939 28.24600029 3
v 106.08599854 45.74900055 0
v 106.14600372 45.76499939 0
v 0 22.9090004 43.8219986
v 0 22.86400032 43.86399841
v 106.20600128 45.77799988 0
v 106.26599884 45.78900146 0
v 106.32700348 45.79600143 0
v 0 22.8220005 43.9090004
v 106.38899994 45.80099869 0
v 0 22.78199959 43.95500183
v 0 22.74399948 44.00400162
v 123.36599731 27.31100082 3
v 3 23.44599915 43.53499985
v 3 23.50600052 43.52199936
v 106.44999695 45.8030014 0
v 106.51100159 45.80099869 0
v 3 23.15999985 43.64500046
v 3 23.1060009 43.67599869
v 3 23.05400085 43.70899963
v 0 23.50600052 43.52199936
v 0 23.44599915 43.53499985
v 106.69400024 45.77799988 0
v 106.7539978 45.76499939 0
v 127 23.62700081 45.99599838
v 127 23.56599998 45.98899841
v 106.81400299 45.74900055 0
v 106.87200165 45.72900009 0
v 3 23.38599968 43.55099869
v 0 23.38599968 43.55099869
v 127 23.68899918 46.00099945
v 3 22.6760006 44.10599899
v 3 22.64500046 44.15999985
v 0 23.32799911 43.57099915
v 3 23.32799911 43.57099915
v 122.95999908 27.44499969 3
v 127 23.75 46.00299835
v 3 22.61800003 44.2140007
v 106.92900085 45.70700073 0
v 106.98600006 45.68199921 0
v 0 23.27099991 43.5929985
v 107.04000092 45.65499878 0
v 3 22.59300041 44.27099991
v 3 22.70899963 44.05400085
v 127 23.81100082 46.00099945
v 3 22.57099915 44.32799911
v 127 23.87299919 45.99599838
v 3 22.5510006 44.38600159
v 107.09400177 45.62400055 0
v 0 23.15999985 43.64500046
v 3 22.53499985 44.44599915
v 127 23.93400002 45.98899841
v 0 23.1060009 43.67599869
v 127 23.99399948 45.97800064
v 0 23.05400085 43.70899963
v 107.19599915 45.55599976 0
v 107.14600372 45.5909996 0
v 105.7539978 27.50900078 3
v 3 22.53499985 45.05400085
v 107.33599854 45.43600082 0
v 107.29100037 45.47800064 0
v 105.70400238 27.54400063 0
v 0 22.70899963 44.05400085
v 0 22.6760006 44.10599899
v 107.41799927 45.34500122 0
v 107.37799835 45.39099884 0
v 107.49099731 45.24599838 0
v 107.45600128 45.29600143 0
v 0 22.64500046 44.15999985
v 3 23.56599998 43.51100159
v 3 23.62700081 43.50400162
v 127 24.22900009 45.9070015
v 127 24.17200089 45.92900085
v 107.52400208 45.19400024 0
v 0 22.61800003 44.2140007
v 3 23.93400002 43.51100159
v 3 23.87299919 43.50400162
v 127 24.2859993 45.88199997
v 0 22.59300041 44.27099991
v 0 22.57099915 44.32799911
v 3 23.81100082 43.49900055
v 3 23.75 43.4980011
v 107.24500275 45.51800156 0
v 106.63400269 45.78900146 0
v 106.57299805 45.79600143 0
v 105.29299927 45.02899933 0
v 0 22.5510006 44.38600159
v 107.6289978 44.12799835 0
v 107.58200073 45.08599854 0
v 0 22.52199936 44.99399948
v 0 22.53499985 45.05400085
v 127 22.52199936 44.50600052
v 127 22.51099968 44.56600189
v 127 22.50399971 44.6269989
v 127 22.49900055 44.68899918
v 3 23.68899918 43.49900055
v 0 23.62700081 43.50400162
v 127 22.49799919 44.75
v 127 22.49900055 44.81100082
v 3 23.99399948 43.52199936
v 3 24.05400085 43.53499985
v 127 22.50399971 44.8730011
v 127 22.51099968 44.93399811
v 3 22.57099915 45.17200089
v 3 22.59300041 45.22900009
v 3 22.61800003 45.2859993
v 3 22.64500046 45.34000015
v 6.87200022 45.72900009 0
v 6.9289999 45.70700073 0
v 127 22.52199936 44.99399948
v 6.98600006 45.68199921 0
v 127 22.53499985 45.05400085
v 3 22.5510006 45.11399841
v 127 23.00399971 43.74399948
v 127 22.95499992 43.7820015
v 7.14599991 45.5909996 0
v 3 22.70899963 45.44599915
v 3 22.6760006 45.39400101
v 3 22.74399948 45.49599838
v 105.20400238 28.42700005 3
v 3 22.78199959 45.54499817
v 3 22.86400032 45.63600159
v 3 22.8220005 45.5909996
v 105.1989975 28.61100006 0
v 3 22.9090004 45.6780014
v 3 22.95499992 45.7179985
v 127 23.50600052 43.52199936
v 3 23.00399971 45.75600052
v 3 23.15999985 45.85499954
v 3 23.1060009 45.82400131
v 3 23.05400085 45.79100037
v 0 23.75 43.4980011
v 0 23.68899918 43.49900055
v 3 23.27099991 45.9070015
v 3 23.2140007 45.88199997
v 0 23.56599998 43.51100159
v 3 23.32799911 45.92900085
v 3 23.38599968 45.94900131
v 3 24.11400032 43.55099869
v 0 24.11400032 43.55099869
v 3 23.44599915 45.96500015
v 123.55000305 27.29800034 3
v 0 23.99399948 43.52199936
v 0 24.05400085 43.53499985
v 6.26599979 45.78900146 0
v 6.32700014 45.79600143 0
v 3 23.56599998 45.98899841
v 3 23.50600052 45.97800064
v 0 23.93400002 43.51100159
v 6.38899994 45.80099869 0
v 3 23.62700081 45.99599838
v 6.44999981 45.8030014 0
v 3 23.68899918 46.00099945
v 0 23.87299919 43.50400162
v 0 23.81100082 43.49900055
v 106.63400269 27.31100082 0
v 105.27100372 28.12800026 3
v 3 23.99399948 45.97800064
v 3 23.93400002 45.98899841
v 105.25099945 28.18600082 3
v 107.29100037 27.62199974 0
v 105.22200012 28.30599976 3
v 3 24.17200089 45.92900085
v 3 24.11400032 45.94900131
v 3 24.2859993 45.88199997
v 3 24.22900009 45.9070015
v 3 24.05400085 45.96500015
v 3 24.3939991 45.82400131
v 3 24.34000015 45.85499954
v 122.70899963 29.47800064 0
v 122.80400085 43.54399872 0
v 122.85399628 43.50899887 0
v 3 23.75 46.00299835
v 3 23.81100082 46.00099945
v 3 23.87299919 45.99599838
v 3 24.44599915 45.79100037
v 3 24.49600029 45.75600052
v 6.14599991 45.76499939 0
v 6.20599985 45.77799988 0
v 122.95999908 43.44499969 0
v 123.01399994 43.41799927 0
v 3 24.17200089 43.57099915
v 0 24.17200089 43.57099915
v 0 24.22900009 43.5929985
v 3 22.49900055 44.81100082
v 3 22.50399971 44.8730011
v 6.51100016 45.80099869 0
v 127 24.44599915 43.70899963
v 6.57299995 45.79600143 0
v 106.63400269 27.31100082 3
v 106.69400024 27.3220005 3
v 127 24.3939991 43.67599869
v 6.63399982 45.78900146 0
v 106.57299805 27.30400085 3
v 127 24.34000015 43.64500046
v 6.81400013 45.74900055 0
v 6.75400019 45.76499939 0
v 124.2460022 27.50900078 3
v 107.04000092 27.44499969 3
v 3 24.49600029 43.74399948
v 3 24.54500008 43.7820015
v 127 22.64500046 45.34000015
v 106.98600006 27.41799927 3
v 123.97200012 27.37100029 3
v 123.91400146 27.35099983 3
v 3 24.6779995 43.9090004
v 3 24.71800041 43.95500183
v 124.70700073 28.07099915 3
v 3 24.5909996 43.8219986
v 3 24.63599968 43.86399841
v 107.33599854 27.66399956 3
v 107.29100037 27.62199974 3
v 3 24.75600052 44.00400162
v 107.24500275 27.58200073 3
v 124.47799683 27.70899963 3
v 3 24.88199997 44.2140007
v 3 24.90699959 44.27099991
v 124.43599701 27.66399956 3
v 3 24.85499954 44.15999985
v 3 24.8239994 44.10599899
v 124.39099884 27.62199974 3
v 3 24.79100037 44.05400085
v 124.8030014 28.54999924 3
v 124.8010025 28.61100006 3
v 124.8010025 28.48900032 3
v 3 52.67599869 44.10599899
v 3 52.64500046 44.15999985
v 3 24.97800064 44.50600052
v 3 24.98900032 44.56600189
v 3 24.96500015 44.44599915
v 3 52.70899963 44.05400085
v 107.70300293 28.54999924 3
v 3 24.92900085 44.32799911
v 107.6780014 28.30599976 3
v 3 24.54500008 45.7179985
v 7.03999996 45.65499878 0
v 124.72899628 28.12800026 3
v 3 24.5909996 45.6780014
v 107.60700226 28.07099915 3
v 3 52.50400162 44.6269989
v 3 24.97800064 44.99399948
v 7.1960001 45.55599976 0
v 3 52.51100159 44.56600189
v 3 24.98900032 44.93399811
v 7.24499989 45.51800156 0
v 3 52.52199936 44.50600052
v 7.29099989 45.47800064 0
v 7.33599997 45.43600082 0
v 7.37799978 45.39099884 0
v 3 24.99600029 44.8730011
v 3 25.00099945 44.68899918
v 3 24.99600029 44.6269989
v 3 52.5929985 44.27099991
v 7.41800022 45.34500122 0
v 7.45599985 45.29600143 0
v 3 52.61800003 44.2140007
v 7.49100018 45.24599838 0
v 7.52400017 45.19400024 0
v 7.55499983 45.13999939 0
v 0 22.78199959 45.54499817
v 0 22.8220005 45.5909996
v 3 24.9489994 44.38600159
v 3 52.74399948 44.00400162
v 3 52.8219986 43.9090004
v 3 52.7820015 43.95500183
v 3 24.6779995 45.5909996
v 3 52.53499985 45.05400085
v 3 52.64500046 45.34000015
v 3 52.67599869 45.39400101
v 0 22.86400032 45.63600159
v 122.3219986 28.79400063 3
v 5.37599993 43.90599823 0
v 0 22.57099915 45.17200089
v 0 22.59300041 45.22900009
v 105.60900116 29.47800064 3
v 3 3 20
v 0 22.61800003 45.2859993
v 3 0 38
v 105.70400238 29.55599976 3
v 0 52.4980011 53
v 0 76 53
v 0 22.49799919 53
v 0 0 53
v 0 22.6760006 45.39400101
v 0 22.70899963 45.44599915
v 0 22.74399948 45.49599838
v 0 76 0
v 106.08599854 29.74900055 3
v 0 22.9090004 45.6780014
v 106.20600128 29.77799988 3
v 0 22.95499992 45.7179985
v 0 53.00400162 43.74399948
v 0 52.95500183 43.7820015
v 106.26599884 29.78899956 3
v 5.80600023 43.47600174 0
v 0 23.05400085 45.79100037
v 0 23.1060009 45.82400131
v 0 23.15999985 45.85499954
v 0 23.2140007 45.88199997
v 107.04000092 29.65500069 3
v 127 24.05400085 45.96500015
v 0 23.27099991 45.9070015
v 122.50900269 43.85400009 0
v 122.54399872 43.80400085 0
v 127 24.11400032 45.94900131
v 0 23.32799911 45.92900085
v 122.58200073 43.75500107 0
v 122.62200165 43.70899963 0
v 122.66400146 43.66400146 0
v 122.70899963 43.62200165 0
v 0 23.38599968 45.94900131
v 122.75499725 43.58200073 0
v 0 23.44599915 45.96500015
v 107.24500275 29.51799965 3
v 0 23.50600052 45.97800064
v 127 24.34000015 45.85499954
v 106.20600128 43.3219986 0
v 106.38899994 43.29899979 0
v 106.44999695 43.29800034 0
v 127 24.3939991 45.82400131
v 127 24.44599915 45.79100037
v 107.41799927 29.34499931 3
v 123.07099915 43.39300156 0
v 122.90599823 43.47600174 0
v 6.08599997 43.35100174 0
v 22.47599983 27.90600014 0
v 22.50900078 27.85400009 0
v 106.63400269 29.78899956 3
v 22.44499969 27.95999908 0
v 22.41799927 28.01399994 0
v 22.39299965 28.07099915 0
v 22.37100029 28.12800026 0
v 106.87200165 29.72900009 3
v 22.35099983 28.18600082 0
v 0 53.15999985 43.64500046
v 0 53.10599899 43.67599869
v 22.3220005 28.30599976 0
v 22.33499908 28.24600029 0
v 22.31100082 28.36599922 0
v 0 53.05400085 43.70899963
v 7.24499989 27.58200073 0
v 22.30400085 28.42700005 0
v 0 52.9090004 43.8219986
v 0 52.86399841 43.86399841
v 107.6289978 28.97200012 3
v 0 52.8219986 43.9090004
v 0 52.7820015 43.95500183
v 0 23.75 46.00299835
v 107.68900299 28.73399925 3
v 0 23.81100082 46.00099945
v 0 52.67599869 44.10599899
v 0 52.70899963 44.05400085
v 122.47599792 29.19400024 3
v 122.44499969 29.13999939 3
v 0 52.64500046 44.15999985
v 0 52.61800003 44.2140007
v 0 52.5929985 44.27099991
v 0 52.57099915 44.32799911
v 0 52.55099869 44.38600159
v 0 52.53499985 44.44599915
v 0 24.22900009 45.9070015
v 0 24.17200089 45.92900085
v 0 24.2859993 45.88199997
v 0 52.50400162 44.6269989
v 0 52.51100159 44.56600189
v 5.204 44.42699814 0
v 0 52.49900055 44.68899918
v 127 52.7820015 17.95499992
v 127 52.74399948 18.00399971
v 0 52.50400162 44.8730011
v 0 52.49900055 44.81100082
v 0 52.51100159 44.93399811
v 0 22.53499985 44.44599915
v 0 52.52199936 44.99399948
v 127 52.61800003 18.2140007
v 127 52.64500046 18.15999985
v 0 22.51099968 44.56600189
v 0 22.52199936 44.50600052
v 122.3710022 28.97200012 3
v 122.35099792 28.91399956 3
v 0 22.50399971 44.6269989
v 122.39299774 29.02899933 3
v 0 22.49900055 44.68899918
v 0 22.49799919 44.75
v 0 22.49900055 44.81100082
v 0 22.50399971 44.8730011
v 0 22.51099968 44.93399811
v 5.29300022 45.02899933 0
v 122.54399872 29.29599953 3
v 0 23.00399971 43.74399948
v 0 53.32799911 43.57099915
v 0 53.27099991 43.5929985
v 5.27099991 44.12799835 0
v 0 22.95499992 43.7820015
v 0 53.2140007 43.61800003
v 122.66400146 29.43600082 3
v 122.70899963 29.47800064 3
v 122.80400085 29.55599976 3
v 122.75499725 29.51799965 3
v 122.85399628 29.5909996 3
v 127 52.67599869 18.1060009
v 22.37100029 28.12800026 3
v 127 52.5929985 18.27099991
v 127 52.57099915 18.32799911
v 122.41799927 29.08600044 3
v 22.29899979 28.48900032 0
v 22.29800034 28.54999924 0
v 127 53.00400162 17.74399948
v 127 53.05400085 17.70899963
v 22.29899979 28.61100006 0
v 127 52.95500183 17.78199959
v 122.62200165 29.39100075 3
v 22.80400085 27.54400063 0
v 22.85400009 27.50900078 0
v 6.63399982 43.31100082 0
v 22.66399956 27.66399956 0
v 22.62199974 27.70899963 0
v 22.70899963 27.62199974 0
v 22.75499916 27.58200073 0
v 22.90600014 27.47599983 0
v 23.54999924 27.29800034 0
v 23.48900032 27.29899979 0
v 0 22.5510006 45.11399841
v 23.36599922 27.31100082 0
v 23.30599976 27.3220005 0
v 23.24600029 27.33499908 0
v 23.18600082 27.35099983 0
v 22.35099983 28.18600082 3
v 22.95999908 27.44499969 0
v 23.01399994 27.41799927 0
v 23.07099915 27.39299965 0
v 23.12800026 27.37100029 0
v 123.07099915 29.70700073 3
v 22.58200073 27.75499916 0
v 22.54400063 27.80400085 0
v 22.29899979 28.61100006 3
v 24.02899933 27.39299965 0
v 24.08600044 27.41799927 0
v 23.97200012 27.37100029 0
v 0 24.54500008 43.7820015
v 23.91399956 27.35099983 0
v 0 24.44599915 43.70899963
v 0 24.49600029 43.74399948
v 23.79400063 27.3220005 0
v 23.73399925 27.31100082 0
v 0 24.3939991 43.67599869
v 23.67300034 27.30400085 0
v 23.61100006 27.29899979 0
v 0 24.34000015 43.64500046
v 0 24.2859993 43.61800003
v 0 53.6269989 43.50400162
v 0 53.56600189 43.51100159
v 0 53.50600052 43.52199936
v 127 52.9090004 17.8220005
v 127 52.86399841 17.86400032
v 0 53.44599915 43.53499985
v 0 53.38600159 43.55099869
v 123.2460022 29.76499939 3
v 127 52.70899963 18.05400085
v 0 54.11399841 43.55099869
v 0 54.05400085 43.53499985
v 0 53.99399948 43.52199936
v 127 52.55099869 18.38599968
v 0 53.93399811 43.51100159
v 0 53.8730011 43.50400162
v 0 53.81100082 43.49900055
v 7.58199978 44.01399994 0
v 0 53.75 43.4980011
v 7.55499983 43.95999908 0
v 130 53.6269989 17.50399971
v 127 53.6269989 17.50399971
v 0 54.7179985 43.95500183
v 0 54.75600052 44.00400162
v 0 23.00399971 45.75600052
v 0 54.6780014 43.9090004
v 0 54.63600159 43.86399841
v 0 54.5909996 43.8219986
v 23.42700005 27.30400085 3
v 23.48900032 27.29899979 3
v 23.42700005 27.30400085 0
v 0 54.54499817 43.7820015
v 0 54.49599838 43.74399948
v 0 54.44599915 43.70899963
v 0 22.64500046 45.34000015
v 0 54.34000015 43.64500046
v 0 54.39400101 43.67599869
v 0 54.2859993 43.61800003
v 7.66499996 44.24599838 0
v 0 54.94900131 44.38600159
v 0 54.92900085 44.32799911
v 0 54.9070015 44.27099991
v 0 54.88199997 44.2140007
v 0 54.85499954 44.15999985
v 0 54.82400131 44.10599899
v 0 54.79100037 44.05400085
v 124.68199921 29.08600044 3
v 0 54.98899841 44.93399811
v 0 54.97800064 44.99399948
v 124.70700073 29.02899933 3
v 0 54.99599838 44.8730011
v 7.6960001 44.67300034 3
v 0 23.56599998 45.98899841
v 0 55.00099945 44.81100082
v 0 55.00299835 44.75
v 0 23.62700081 45.99599838
v 0 23.68899918 46.00099945
v 0 54.99599838 44.6269989
v 0 54.98899841 44.56600189
v 7.70100021 44.48899841 0
v 0 23.87299919 45.99599838
v 0 23.93400002 45.98899841
v 0 23.99399948 45.97800064
v 124.13999939 29.65500069 3
v 7.64900017 44.18600082 0
v 0 24.05400085 45.96500015
v 23.85400009 27.33499908 3
v 23.85400009 27.33499908 0
v 0 24.11400032 45.94900131
v 124.2460022 29.5909996 3
v 7.58199978 45.08599854 0
v 127 54.54499817 17.78199959
v 127 54.49599838 17.74399948
v 0 24.34000015 45.85499954
v 127 54.44599915 17.70899963
v 0 24.3939991 45.82400131
v 0 24.44599915 45.79100037
v 24.29599953 27.54400063 3
v 0 24.49600029 45.75600052
v 124.55599976 29.29599953 3
v 24.08600044 27.41799927 3
v 127 54.92900085 18.32799911
v 127 54.9070015 18.27099991
v 127 54.88199997 18.2140007
v 24.51799965 27.75499916 3
v 24.55599976 27.80400085 3
v 0 52.57099915 45.17200089
v 0 52.5929985 45.22900009
v 127 54.79100037 18.05400085
v 127 54.82400131 18.1060009
v 0 52.64500046 45.34000015
v 0 52.67599869 45.39400101
v 127 54.75600052 18.00399971
v 24.5909996 27.85400009 0
v 24.62400055 27.90600014 0
v 105.23500061 44.85400009 0
v 105.25099945 44.91400146 0
v 23.01399994 27.41799927 3
v 22.95999908 27.44499969 3
v 0 52.70899963 45.44599915
v 24.55599976 27.80400085 0
v 105.22200012 44.79399872 0
v 24.13999939 27.44499969 0
v 105.21099854 44.73400116 0
v 127 53.75 17.49799919
v 127 53.68899918 17.49900055
v 22.80400085 27.54400063 3
v 22.75499916 27.58200073 3
v 24.65500069 27.95999908 0
v 24.68199921 28.01399994 0
v 105.27100372 44.97200012 0
v 127 53.56600189 17.51099968
v 122.90599823 29.62400055 3
v 127 53.50600052 17.52199936
v 0 52.86399841 45.63600159
v 0 52.9090004 45.6780014
v 127 53.44599915 17.53499985
v 127 53.32799911 17.57099915
v 127 53.38600159 17.5510006
v 0 53.00400162 45.75600052
v 0 53.05400085 45.79100037
v 127 53.27099991 17.59300041
v 0 53.10599899 45.82400131
v 23.24600029 27.33499908 3
v 6.08599997 45.74900055 0
v 23.12800026 27.37100029 3
v 127 54.2859993 17.61800003
v 127 54.22900009 17.59300041
v 123.42700195 29.79599953 3
v 123.36599731 29.78899956 3
v 127 54.17200089 17.57099915
v 123.48899841 29.8010006 3
v 127 54.05400085 17.53499985
v 130 54.05400085 17.53499985
v 127 54.11399841 17.5510006
v 127 53.99399948 17.52199936
v 127 53.93399811 17.51099968
v 127 53.8730011 17.50399971
v 5.52199984 45.39099884 0
v 0 24.71800041 43.95500183
v 0 24.75600052 44.00400162
v 127 53.81100082 17.49900055
v 123.85399628 29.76499939 3
v 0 24.6779995 43.9090004
v 0 24.63599968 43.86399841
v 0 24.5909996 43.8219986
v 123.12799835 29.72900009 3
v 0 24.97800064 44.50600052
v 123.18599701 29.74900055 3
v 105.52200317 45.39099884 0
v 24.8010006 28.48900032 0
v 0 24.96500015 44.44599915
v 0 24.9489994 44.38600159
v 24.79599953 28.42700005 0
v 105.48200226 45.34500122 0
v 123.30599976 29.77799988 3
v 0 24.92900085 44.32799911
v 0 24.90699959 44.27099991
v 24.78899956 28.73399925 0
v 24.77799988 28.79400063 0
v 105.7539978 45.5909996 0
v 0 24.88199997 44.2140007
v 0 24.85499954 44.15999985
v 0 24.8239994 44.10599899
v 24.8010006 28.61100006 0
v 24.79599953 28.67300034 0
v 105.65499878 45.51800156 0
v 24.8029995 28.54999924 0
v 105.60900116 45.47800064 0
v 0 24.79100037 44.05400085
v 123.67299652 29.79599953 3
v 7.29099989 27.62199974 0
v 7.33599997 27.66399956 0
v 0 24.96500015 45.05400085
v 0 24.97800064 44.99399948
v 0 24.98900032 44.93399811
v 0 24.99600029 44.8730011
v 0 25.00099945 44.81100082
v 0 52.74399948 45.49599838
v 0 25.00300026 44.75
v 0 25.00099945 44.68899918
v 0 24.99600029 44.6269989
v 124.74900055 28.91399956 3
v 0 24.98900032 44.56600189
v 0 52.8219986 45.5909996
v 124.76499939 28.85400009 3
v 127 54.6780014 17.9090004
v 127 54.63600159 17.86400032
v 23.36599922 27.31100082 3
v 0 53.15999985 45.85499954
v 127 54.39400101 17.6760006
v 7.09399986 45.62400055 0
v 127 54.34000015 17.64500046
v 0 24.6779995 45.5909996
v 0 24.71800041 45.54499817
v 0 24.75600052 45.49599838
v 127 54.96500015 18.44599915
v 127 54.94900131 18.38599968
v 124.43599701 29.43600082 3
v 23.97200012 27.37100029 3
v 124.59100342 29.24600029 3
v 127 54.7179985 17.95499992
v 6.69399977 45.77799988 0
v 124.65499878 29.13999939 3
v 23.73399925 27.31100082 3
v 127 52.53499985 18.44599915
v 127 52.52199936 18.50600052
v 127 52.51100159 18.56599998
v 24.43600082 27.66399956 3
v 24.39100075 27.62199974 3
v 124.77799988 28.79400063 3
v 124.78900146 28.73399925 3
v 124.08599854 29.68199921 3
v 124.47799683 29.39100075 3
v 0 24.54500008 45.7179985
v 0 24.5909996 45.6780014
v 0 24.63599968 45.63600159
v 123.91400146 29.74900055 3
v 123.97200012 29.72900009 3
v 124.02899933 29.70700073 3
v 24.5909996 27.85400009 3
v 0 24.79100037 45.44599915
v 0 24.8239994 45.39400101
v 24.47800064 27.70899963 3
v 0 24.85499954 45.34000015
v 0 24.88199997 45.2859993
v 122.70899963 27.62199974 3
v 0 24.90699959 45.22900009
v 0 24.92900085 45.17200089
v 0 24.9489994 45.11399841
v 127 52.50400162 18.62700081
v 127 52.49900055 18.68899918
v 127 52.4980011 18.75
v 122.80400085 43.54399872 3
v 122.29799652 29.69599915 3
v 122.85399628 43.50899887 3
v 122.75499725 43.58200073 3
v 127 52.49900055 18.81100082
v 122.70899963 43.62200165 3
v 127 52.50400162 18.87299919
v 122.66400146 43.66400146 3
v 122.62200165 43.70899963 3
v 107.70300293 43.29800034 3
v 127 52.51100159 18.93400002
v 122.58200073 43.75500107 3
v 122.54399872 43.80400085 3
v 127 52.52199936 18.99399948
v 0 53.2140007 45.88199997
v 0 53.27099991 45.9070015
v 127 52.53499985 19.05400085
v 122.44499969 43.95999908 3
v 122.47599792 43.90599823 3
v 122.50900269 43.85400009 3
v 0 53.32799911 45.92900085
v 127 52.55099869 19.11400032
v 0 53.38600159 45.94900131
v 127 52.57099915 19.17200089
v 0 53.44599915 45.96500015
v 0 53.50600052 45.97800064
v 127 52.5929985 19.22900009
v 0 53.56600189 45.98899841
v 122.3710022 44.12799835 3
v 122.39299774 44.07099915 3
v 127 52.61800003 19.2859993
v 0 53.6269989 45.99599838
v 127 52.64500046 19.34000015
v 122.31099701 44.73400116 3
v 0 53.68899918 46.00099945
v 127 52.67599869 19.3939991
v 0 53.75 46.00299835
v 122.41799927 44.01399994 3
v 127 52.70899963 19.44599915
v 122.33499908 44.85400009 3
v 22.30400085 28.67300034 0
v 7.41800022 27.75499916 0
v 107.64900208 44.91400146 3
v 0 53.81100082 46.00099945
v 122.35099792 44.91400146 3
v 0 53.8730011 45.99599838
v 22.31100082 28.73399925 0
v 7.45599985 27.80400085 0
v 127 52.74399948 19.49600029
v 22.3220005 28.79400063 0
v 7.49100018 27.85400009 0
v 0 53.93399811 45.98899841
v 107.6289978 44.97200012 3
v 127 52.7820015 19.54500008
v 0 53.99399948 45.97800064
v 127 52.8219986 19.5909996
v 22.33499908 28.85400009 0
v 7.52400017 27.90600014 0
v 0 54.05400085 45.96500015
v 127 52.86399841 19.63599968
v 0 54.11399841 45.94900131
v 122.2990036 28.61100006 3
v 0 54.17200089 45.92900085
v 0 54.22900009 45.9070015
v 107.52400208 45.19400024 3
v 107.55500031 45.13999939 3
v 122.39299774 45.02899933 3
v 107.58200073 45.08599854 3
v 130 52.67599869 44.10599899
v 22.47599983 29.19400024 0
v 22.44499969 29.13999939 0
v 7.66499996 28.24600029 0
v 22.50900078 29.24600029 0
v 7.67799997 28.30599976 0
v 7.62900019 28.97200012 0
v 7.60699987 29.02899933 0
v 22.70899963 29.47800064 0
v 22.66399956 29.43600082 0
v 22.29800034 43.29800034 0
v 130 52.8219986 43.9090004
v 22.75499916 29.51799965 0
v 22.80400085 29.55599976 0
v 122.58200073 27.75499916 3
v 22.85400009 29.5909996 0
v 22.90600014 29.62400055 0
v 22.95999908 29.65500069 0
v 23.01399994 29.68199921 0
v 0 54.82400131 45.39400101
v 0 54.85499954 45.34000015
v 0 54.88199997 45.2859993
v 23.07099915 29.70700073 0
v 123.01399994 43.41799927 3
v 123.07099915 43.39300156 3
v 122.95999908 43.44499969 3
v 23.12800026 29.72900009 0
v 23.18600082 29.74900055 0
v 127 52.9090004 19.6779995
v 23.24600029 29.76499939 0
v 23.30599976 29.77799988 0
v 122.90599823 43.47600174 3
v 127 52.95500183 19.71800041
v 23.36599922 29.78899956 0
v 127 53.00400162 19.75600052
v 23.42700005 29.79599953 0
v 23.48900032 29.8010006 0
v 127 53.05400085 19.79100037
v 127 53.10599899 19.8239994
v 122.31099701 28.36599922 3
v 123.79399872 43.3219986 3
v 123.85399628 43.33499908 3
v 127 53.15999985 19.85499954
v 6.08599997 27.35099983 0
v 6.02799988 27.37100029 0
v 123.73400116 43.31100082 3
v 24.08600044 29.68199921 0
v 24.13999939 29.65500069 0
v 127 53.2140007 19.88199997
v 24.19400024 29.62400055 0
v 24.24600029 29.5909996 0
v 24.8029995 29.8029995 0
v 5.97100019 27.39299965 0
v 0 54.44599915 45.79100037
v 0 54.49599838 45.75600052
v 123.61100006 43.29899979 3
v 123.67299652 43.30400085 3
v 5.91400003 27.41799927 0
v 24.29599953 29.55599976 0
v 0 54.54499817 45.7179985
v 24.34499931 29.51799965 0
v 24.39100075 29.47800064 0
v 5.86000013 27.44499969 0
v 5.80600023 27.47599983 0
v 24.43600082 29.43600082 0
v 24.47800064 29.39100075 0
v 24.51799965 29.34499931 0
v 24.55599976 29.29599953 0
v 130 52.49900055 44.81100082
v 130 52.50400162 44.8730011
v 130 52.53499985 45.05400085
v 124.02899933 43.39300156 3
v 124.29599762 43.54399872 3
v 124.8030014 43.29800034 3
v 124.34500122 43.58200073 3
v 0 54.75600052 45.49599838
v 0 54.7179985 45.54499817
v 124.2460022 43.50899887 3
v 0 54.79100037 45.44599915
v 23.79400063 29.77799988 0
v 23.85400009 29.76499939 0
v 123.01399994 27.41799927 3
v 23.91399956 29.74900055 0
v 23.97200012 29.72900009 0
v 124.65499878 43.95999908 3
v 124.68199921 44.01399994 3
v 122.90599823 27.47599983 3
v 24.02899933 29.70700073 0
v 124.62400055 43.90599823 3
v 130 53.56600189 17.51099968
v 24.5909996 29.24600029 0
v 0 54.9070015 45.22900009
v 24.62400055 29.19400024 0
v 5.75400019 27.50900078 0
v 0 54.94900131 45.11399841
v 0 54.92900085 45.17200089
v 123.42700195 27.30400085 3
v 24.65500069 29.13999939 0
v 24.68199921 29.08600044 0
v 5.704 27.54400063 0
v 124.43599701 43.66400146 3
v 5.65500021 27.58200073 0
v 24.70700073 29.02899933 0
v 24.72900009 28.97200012 0
v 0 54.2859993 19.88199997
v 0 54.22900009 19.90699959
v 124.39099884 43.62200165 3
v 123.97200012 43.37099838 3
v 5.60900021 27.62199974 0
v 24.76499939 28.85400009 0
v 124.77799988 44.30599976 3
v 124.76499939 44.24599838 3
v 22.54400063 43.80400085 0
v 22.47599983 43.90599823 0
v 7.70300007 29.69599915 0
v 22.41799927 44.01399994 0
v 0 54.5909996 45.6780014
v 22.44499969 43.95999908 0
v 22.58200073 43.75500107 0
v 0 54.63600159 45.63600159
v 124.72899628 44.97200012 3
v 127 65 3
v 124.70700073 45.02899933 3
v 22.39299965 44.07099915 0
v 0 54.6780014 45.5909996
v 123.07099915 27.39299965 3
v 127 55.00299835 18.75
v 127 55.00099945 18.68899918
v 5.29300022 28.07099915 0
v 124.79599762 44.67300034 3
v 5.27099991 28.12800026 0
v 124.8010025 44.61100006 3
v 22.37100029 44.12799835 0
v 127 27.29800034 3
v 124.8030014 44.54999924 3
v 24.65500069 27.95999908 3
v 22.35099983 44.18600082 0
v 24.62400055 27.90600014 3
v 22.33499908 44.24599838 0
v 0 54.17200089 19.92900085
v 0 52.74399948 44.00400162
v 5.19899988 28.48900032 0
v 5.204 28.42700005 0
v 115 65 3
v 22.29899979 44.61100006 0
v 123.73400116 27.31100082 3
v 0 54.11399841 19.9489994
v 0 54.05400085 19.96500015
v 123.67299652 27.30400085 3
v 0 53.99399948 19.97800064
v 0 53.93399811 19.98900032
v 24.8010006 28.48900032 3
v 0 53.6269989 19.99600029
v 127 54.88199997 19.2859993
v 127 54.9070015 19.22900009
v 24.77799988 28.30599976 3
v 22.90600014 43.47600174 0
v 22.85400009 43.50899887 0
v 24.76499939 28.24600029 3
v 22.80400085 43.54399872 0
v 22.75499916 43.58200073 0
v 22.70899963 43.62200165 0
v 22.66399956 43.66400146 0
v 124.19400024 27.47599983 3
v 0 52.52199936 44.50600052
v 22.62199974 43.70899963 0
v 5.19799995 28.54999924 0
v 124.02899933 27.39299965 3
v 0 52.4980011 44.75
v 23.54999924 43.29800034 0
v 23.48900032 43.29899979 0
v 124.68199921 28.01399994 3
v 0 52.53499985 45.05400085
v 23.42700005 43.30400085 0
v 23.36599922 43.31100082 0
v 0 52.55099869 45.11399841
v 23.30599976 43.3219986 0
v 0 53.68899918 43.49900055
v 23.24600029 43.33499908 0
v 124.59100342 27.85400009 3
v 0 55.00299835 20.00300026
v 23.18600082 43.35100174 0
v 23.12800026 43.37099838 0
v 124.55599976 27.80400085 3
v 0 54.44599915 19.79100037
v 24.74900055 28.18600082 3
v 127 53.27099991 19.90699959
v 127 53.32799911 19.92900085
v 0 54.39400101 19.8239994
v 23.01399994 43.41799927 0
v 22.95999908 43.44499969 0
v 23.07099915 43.39300156 0
v 127 53.38600159 19.9489994
v 0 54.34000015 19.85499954
v 127 53.44599915 19.96500015
v 127 53.50600052 19.97800064
v 23.97200012 43.37099838 0
v 24.02899933 43.39300156 0
v 127 53.56600189 19.98900032
v 23.91399956 43.35100174 0
v 0 54.17200089 43.57099915
v 0 54.22900009 43.5929985
v 127 53.6269989 19.99600029
v 23.79400063 43.3219986 0
v 127 53.68899918 20.00099945
v 23.67300034 43.30400085 0
v 23.73399925 43.31100082 0
v 23.61100006 43.29899979 0
v 127 53.75 20.00300026
v 24.51799965 43.75500107 0
v 24.47800064 43.70899963 0
v 24.55599976 43.80400085 0
v 24.78899956 28.36599922 3
v 24.43600082 43.66400146 0
v 127 53.99399948 19.97800064
v 127 53.93399811 19.98900032
v 127 54.05400085 19.96500015
v 127 11 3
v 24.29599953 43.54399872 0
v 24.24600029 43.50899887 0
v 127 54.11399841 19.9489994
v 5.48199987 27.75499916 0
v 127 54.17200089 19.92900085
v 5.44399977 27.80400085 0
v 24.08600044 43.41799927 0
v 24.13999939 43.44499969 0
v 24.19400024 43.47600174 0
v 5.40899992 27.85400009 0
v 5.37599993 27.90600014 0
v 24.68199921 44.01399994 0
v 24.65500069 43.95999908 0
v 0 54.96500015 44.44599915
v 127 54.99599838 18.87299919
v 127 54.98899841 18.93400002
v 5.31799984 28.01399994 0
v 5.34499979 27.95999908 0
v 24.5909996 43.85400009 0
v 24.62400055 43.90599823 0
v 127 55.00099945 18.81100082
v 22.39299965 29.02899933 0
v 22.37100029 28.97200012 0
v 122.30400085 28.67300034 3
v 127 54.99599838 18.62700081
v 22.41799927 29.08600044 0
v 5.25099993 28.18600082 0
v 127 54.98899841 18.56599998
v 122.31099701 28.73399925 3
v 122.33499908 28.85400009 3
v 24.77799988 44.30599976 0
v 24.76499939 44.24599838 0
v 0 54.97800064 44.50600052
v 0 54.96500015 45.05400085
v 24.74900055 44.18600082 0
v 24.72900009 44.12799835 0
v 127 54.97800064 18.50600052
v 22.50900078 29.24600029 3
v 5.22200012 28.30599976 0
v 5.23500013 28.24600029 0
v 24.70700073 44.07099915 0
v 22.54400063 29.29599953 0
v 22.54400063 29.29599953 3
v 0 55.00099945 44.68899918
v 127 54.75600052 19.49600029
v 127 54.79100037 19.44599915
v 22.58200073 29.34499931 3
v 22.58200073 29.34499931 0
v 24.74900055 44.91400146 0
v 24.72900009 44.97200012 0
v 22.62199974 29.39100075 0
v 24.76499939 44.85400009 0
v 24.77799988 44.79399872 0
v 127 54.82400131 19.3939991
v 127 54.85499954 19.34000015
v 5.19899988 28.61100006 0
v 24.79599953 44.67300034 0
v 24.78899956 44.73400116 0
v 24.8010006 44.61100006 0
v 22.70899963 29.47800064 3
v 0 52.61800003 45.2859993
v 127 54.92900085 19.17200089
v 22.31100082 44.73400116 0
v 22.30400085 44.67300034 0
v 127 54.94900131 19.11400032
v 127 54.96500015 19.05400085
v 22.95999908 29.65500069 3
v 22.95999908 45.65499878 0
v 22.90600014 45.62400055 0
v 22.3220005 44.79399872 0
v 127 54.97800064 18.99399948
v 0 52.95500183 45.7179985
v 124.74900055 28.18600082 3
v 22.33499908 44.85400009 0
v 127 54.34000015 19.85499954
v 127 54.2859993 19.88199997
v 127 54.39400101 19.8239994
v 22.70899963 45.47800064 0
v 22.75499916 45.51800156 0
v 127 54.44599915 19.79100037
v 22.80400085 45.55599976 0
v 22.85400009 45.5909996 0
v 127 54.49599838 19.75600052
v 127 54.54499817 19.71800041
v 23.01399994 29.68199921 3
v 127 54.5909996 19.6779995
v 127 54.63600159 19.63599968
v 127 54.6780014 19.5909996
v 0 52.7820015 45.54499817
v 23.01399994 45.68199921 0
v 23.07099915 45.70700073 0
v 23.24600029 29.76499939 3
v 23.18600082 29.74900055 3
v 23.18600082 45.74900055 0
v 23.24600029 45.76499939 0
v 23.30599976 45.77799988 0
v 23.42700005 45.79600143 0
v 23.48900032 45.80099869 0
v 122.58200073 29.34499931 3
v 24.13999939 29.65500069 3
v 24.19400024 29.62400055 3
v 23.79400063 45.77799988 0
v 24.24600029 29.5909996 3
v 23.91399956 45.74900055 0
v 24.29599953 29.55599976 3
v 127 54.7179985 19.54500008
v 0 54.34000015 45.85499954
v 0 54.2859993 45.88199997
v 127 53.2140007 17.61800003
v 0 54.39400101 45.82400131
v 24.51799965 29.34499931 3
v 127 53.15999985 17.64500046
v 24.55599976 29.29599953 3
v 6.9289999 27.39299965 0
v 127 53.10599899 17.6760006
v 23.61100006 29.8010006 0
v 23.61100006 29.8010006 3
v 23.54999924 29.8029995 0
v 23.67300034 29.79599953 0
v 23.67300034 29.79599953 3
v 23.73399925 29.78899956 0
v 23.85400009 29.76499939 3
v 23.97200012 45.72900009 0
v 7.1960001 27.54400063 0
v 122.50900269 29.24600029 3
v 24.02899933 29.70700073 3
v 24.19400024 45.62400055 0
v 22.62199974 29.39100075 3
v 24.39100075 45.47800064 0
v 24.34499931 45.51800156 0
v 22.66399956 29.43600082 3
v 24.51799965 45.34500122 0
v 24.47800064 45.39099884 0
v 24.55599976 45.29600143 0
v 122.95999908 29.65500069 3
v 123.01399994 29.68199921 3
v 24.70700073 45.02899933 0
v 0 53.15999985 17.64500046
v 0 53.2140007 17.61800003
v 0 24.50300026 17.49799919
v 24.43600082 45.43600082 0
v 23.54999924 45.8030014 0
v 0 53.10599899 17.6760006
v 0 53.00400162 17.74399948
v 0 52.95500183 17.78199959
v 0 52.9090004 17.8220005
v 0 53.05400085 17.70899963
v 0 52.86399841 17.86400032
v 24.74900055 28.91399956 0
v 0 52.8219986 17.9090004
v 127 52.8219986 17.9090004
v 23.07099915 29.70700073 3
v 0 52.7820015 17.95499992
v 0 52.74399948 18.00399971
v 23.12800026 29.72900009 3
v 0 52.70899963 18.05400085
v 123.55000305 29.8029995 3
v 0 52.67599869 18.1060009
v 105.70400238 45.55599976 0
v 24.78899956 44.36600113 0
v 24.79599953 44.42699814 0
v 24.8010006 44.48899841 0
v 24.8029995 44.54999924 0
v 0 52.64500046 18.15999985
v 0 52.61800003 18.2140007
v 123.61100006 29.8010006 3
v 0 52.5929985 18.27099991
v 0 52.57099915 18.32799911
v 23.36599922 29.78899956 3
v 23.30599976 29.77799988 3
v 0 52.51100159 18.56599998
v 0 52.50400162 18.62700081
v 0 52.55099869 18.38599968
v 123.73400116 29.78899956 3
v 23.42700005 29.79599953 3
v 0 53.75 17.49799919
v 0 53.68899918 17.49900055
v 123.79399872 29.77799988 3
v 5.19799995 43.29800034 0
v 0 53.6269989 17.50399971
v 0 53.56600189 17.51099968
v 0 53.50600052 17.52199936
v 0 53.44599915 17.53499985
v 0 53.32799911 17.57099915
v 0 53.38600159 17.5510006
v 7.37799978 27.70899963 0
v 0 53.27099991 17.59300041
v 0 54.17200089 17.57099915
v 0 54.22900009 17.59300041
v 0 54.11399841 17.5510006
v 24.34499931 29.51799965 3
v 0 54.05400085 17.53499985
v 0 53.99399948 17.52199936
v 0 53.93399811 17.51099968
v 0 53.8730011 17.50399971
v 0 53.81100082 17.49900055
v 7.6960001 28.42700005 3
v 7.68900013 28.36599922 0
v 0 54.6780014 17.9090004
v 0 54.63600159 17.86400032
v 0 54.5909996 17.8220005
v 0 54.54499817 17.78199959
v 6.44999981 27.29800034 0
v 6.38899994 27.29899979 0
v 0 54.39400101 17.6760006
v 0 54.44599915 17.70899963
v 6.32700014 27.30400085 0
v 6.26599979 27.31100082 0
v 0 54.2859993 17.61800003
v 0 54.34000015 17.64500046
v 0 54.49599838 17.74399948
v 6.20599985 27.3220005 0
v 6.14599991 27.33499908 0
v 0 54.94900131 18.38599968
v 0 54.92900085 18.32799911
v 127 54.5909996 17.8220005
v 0 54.9070015 18.27099991
v 0 54.88199997 18.2140007
v 0 54.82400131 18.1060009
v 0 54.85499954 18.15999985
v 6.57299995 27.30400085 0
v 6.51100016 27.29899979 0
v 0 54.79100037 18.05400085
v 0 54.7179985 17.95499992
v 0 54.75600052 18.00399971
v 24.65500069 29.13999939 3
v 0 52.53499985 18.44599915
v 0 52.52199936 18.50600052
v 24.72900009 28.97200012 3
v 24.76499939 28.85400009 3
v 0 52.49900055 18.68899918
v 124.29599762 29.55599976 3
v 127 54.85499954 18.15999985
v 124.34500122 29.51799965 3
v 124.39099884 29.47800064 3
v 124.51799774 29.34499931 3
v 0 52.64500046 19.34000015
v 0 52.67599869 19.3939991
v 0 52.61800003 19.2859993
v 0 52.70899963 19.44599915
v 0 52.74399948 19.49600029
v 124.62400055 29.19400024 3
v 0 52.7820015 19.54500008
v 22.29899979 44.48899841 0
v 22.30400085 44.42699814 0
v 0 52.8219986 19.5909996
v 22.31100082 44.36600113 0
v 0 52.86399841 19.63599968
v 22.3220005 44.30599976 0
v 0 52.95500183 19.71800041
v 0 52.9090004 19.6779995
v 124.72899628 28.97200012 3
v 0 53.00400162 19.75600052
v 7.14599991 27.50900078 0
v 7.09399986 27.47599983 0
v 7.03999996 27.44499969 0
v 124.79599762 28.67300034 3
v 0 53.15999985 19.85499954
v 0 53.10599899 19.8239994
v 6.98600006 27.41799927 0
v 0 53.2140007 19.88199997
v 22.35099983 44.91400146 0
v 0 53.27099991 19.90699959
v 0 53.32799911 19.92900085
v 22.29800034 44.54999924 0
v 0 53.38600159 19.9489994
v 6.87200022 27.37100029 0
v 6.81400013 27.35099983 0
v 124.19400024 29.62400055 3
v 6.75400019 27.33499908 0
v 6.69399977 27.3220005 0
v 22.54400063 45.29600143 0
v 22.50900078 45.24599838 0
v 0 53.50600052 19.97800064
v 22.47599983 45.19400024 0
v 0 53.56600189 19.98900032
v 22.44499969 45.13999939 0
v 22.41799927 45.08599854 0
v 0 54.97800064 18.99399948
v 0 54.98899841 18.93400002
v 0 54.99599838 18.87299919
v 0 54.98899841 18.56599998
v 0 54.99599838 18.62700081
v 0 54.97800064 18.50600052
v 0 54.96500015 18.44599915
v 7.55499983 27.95999908 0
v 0 54.79100037 19.44599915
v 0 54.82400131 19.3939991
v 0 54.85499954 19.34000015
v 0 54.88199997 19.2859993
v 0 54.9070015 19.22900009
v 0 54.92900085 19.17200089
v 0 54.94900131 19.11400032
v 0 54.96500015 19.05400085
v 0 53.75 20.00300026
v 0 53.81100082 20.00099945
v 0 53.8730011 19.99600029
v 0 53.68899918 20.00099945
v 0 54.49599838 19.75600052
v 0 54.5909996 19.6779995
v 0 54.54499817 19.71800041
v 0 54.6780014 19.5909996
v 0 54.7179985 19.54500008
v 0 54.75600052 19.49600029
v 7.60699987 28.07099915 0
v 7.58199978 28.01399994 0
v 0 54.63600159 19.63599968
v 0 53.44599915 19.96500015
v 0 55.00099945 18.68899918
v 0 55.00299835 18.75
v 0 55.00099945 18.81100082
v 123.91400146 43.35100174 3
v 123.42700195 43.30400085 3
v 123.36599731 43.31100082 3
v 123.30599976 43.3219986 3
v 123.18599701 43.35100174 3
v 123.2460022 43.33499908 3
v 123.12799835 43.37099838 3
v 22.85400009 27.50900078 3
v 22.58200073 45.34500122 0
v 22.70899963 27.62199974 3
v 7.70100021 28.61100006 0
v 7.70300007 28.54999924 0
v 23.54999924 27.29800034 3
v 7.70100021 28.48900032 0
v 105.40899658 43.85400009 3
v 105.37599945 43.90599823 3
v 7.6960001 28.42700005 0
v 105.34500122 43.95999908 3
v 105.31800079 44.01399994 3
v 22.37100029 44.97200012 0
v 22.39299965 45.02899933 0
v 23.18600082 27.35099983 3
v 7.64900017 28.18600082 0
v 105.91400146 43.41799927 3
v 105.97100067 43.39300156 3
v 105.86000061 43.44499969 3
v 7.62900019 28.12800026 0
v 23.07099915 27.39299965 3
v 105.80599976 43.47600174 3
v 105.7539978 43.50899887 3
v 105.70400238 43.54399872 3
v 105.65499878 43.58200073 3
v 22.90600014 27.47599983 3
v 105.52200317 43.70899963 3
v 105.56400299 43.66400146 3
v 105.48200226 43.75500107 3
v 105.60900116 43.62200165 3
v 106.32700348 43.30400085 3
v 106.38899994 43.29899979 3
v 5.56400013 27.66399956 0
v 5.52199984 27.70899963 0
v 106.08599854 43.35100174 3
v 106.02799988 43.37099838 3
v 105.23500061 44.24599838 3
v 105.25099945 44.18600082 3
v 105.22200012 44.30599976 3
v 105.21099854 44.36600113 3
v 105.20400238 44.42699814 3
v 5.21099997 28.36599922 0
v 105.1989975 44.48899841 3
v 127 53.81100082 20.00099945
v 0 52.53499985 19.05400085
v 127 53.8730011 19.99600029
v 105.25099945 44.91400146 3
v 24.02899933 27.39299965 3
v 105.27100372 44.97200012 3
v 127 54.22900009 19.90699959
v 105.29299927 45.02899933 3
v 6.63399982 27.31100082 0
v 106.81400299 43.35100174 3
v 106.87200165 43.37099838 3
v 106.14600372 43.33499908 3
v 106.92900085 43.39300156 3
v 106.7539978 43.33499908 3
v 106.63400269 43.31100082 3
v 106.69400024 43.3219986 3
v 106.44999695 43.29800034 3
v 106.51100159 43.29899979 3
v 107.24500275 43.58200073 3
v 107.29100037 43.62200165 3
v 22.35099983 28.91399956 0
v 107.19599915 43.54399872 3
v 107.14600372 43.50899887 3
v 107.33599854 43.66400146 3
v 107.09400177 43.47600174 3
v 107.04000092 43.44499969 3
v 107.37799835 43.70899963 3
v 106.98600006 43.41799927 3
v 106.57299805 43.30400085 3
v 107.55500031 43.95999908 3
v 107.52400208 43.90599823 3
v 122.35099792 44.18600082 3
v 107.49099731 43.85400009 3
v 24.13999939 27.44499969 3
v 24.19400024 27.47599983 3
v 107.58200073 44.01399994 3
v 107.45600128 43.80400085 3
v 107.41799927 43.75500107 3
v 122.3219986 44.30599976 3
v 122.31099701 44.36600113 3
v 107.68900299 44.36600113 3
v 7.66499996 28.85400009 0
v 7.64900017 28.91399956 0
v 107.6780014 44.30599976 3
v 23.91399956 27.35099983 3
v 107.66500092 44.24599838 3
v 107.64900208 44.18600082 3
v 122.33499908 44.24599838 3
v 7.6960001 28.67300034 0
v 107.6289978 44.12799835 3
v 23.79400063 27.3220005 3
v 107.60700226 44.07099915 3
v 23.67300034 27.30400085 3
v 107.69599915 44.67300034 3
v 107.7009964 44.61100006 3
v 122.2990036 44.61100006 3
v 5.21099997 28.73399925 0
v 5.204 28.67300034 0
v 23.61100006 27.29899979 3
v 5.22200012 28.79400063 0
v 5.23500013 28.85400009 0
v 24.34499931 27.58200073 3
v 107.70300293 44.54999924 3
v 107.7009964 44.48899841 3
v 122.2990036 44.48899841 3
v 122.29799652 44.54999924 3
v 5.25099993 28.91399956 0
v 122.30400085 44.42699814 3
v 5.27099991 28.97200012 0
v 107.69599915 44.42699814 3
v 0 52.57099915 19.17200089
v 0 52.55099869 19.11400032
v 24.24600029 27.50900078 3
v 5.31799984 29.08600044 0
v 5.29300022 29.02899933 0
v 5.34499979 29.13999939 0
v 105.34500122 45.13999939 3
v 105.31800079 45.08599854 3
v 127 53.00400162 43.74399948
v 127 52.95500183 43.7820015
v 5.37599993 29.19400024 0
v 5.40899992 29.24600029 0
v 5.44399977 29.29599953 0
v 0 52.5929985 19.22900009
v 5.48199987 29.34499931 0
v 105.37599945 45.19400024 3
v 105.40899658 45.24599838 3
v 5.56400013 29.43600082 0
v 5.52199984 29.39100075 0
v 105.44400024 45.29600143 3
v 5.65500021 29.51799965 0
v 5.60900021 29.47800064 0
v 105.48200226 45.34500122 3
v 24.72900009 28.12800026 3
v 5.704 29.55599976 0
v 24.68199921 28.01399994 3
v 5.75400019 29.5909996 0
v 5.86000013 29.65500069 0
v 5.80600023 29.62400055 0
v 105.52200317 45.39099884 3
v 5.97100019 29.70700073 0
v 5.91400003 29.68199921 0
v 105.65499878 45.51800156 3
v 6.08599997 29.74900055 0
v 6.02799988 29.72900009 0
v 24.8010006 28.61100006 3
v 24.79599953 28.67300034 3
v 105.70400238 45.55599976 3
v 105.7539978 45.5909996 3
v 105.80599976 45.62400055 3
v 105.86000061 45.65499878 3
v 105.91400146 45.68199921 3
v 7.09399986 29.62400055 0
v 7.14599991 29.5909996 0
v 105.97100067 45.70700073 3
v 106.26599884 45.78900146 3
v 106.20600128 45.77799988 3
v 106.38899994 45.80099869 3
v 106.32700348 45.79600143 3
v 6.26599979 29.78899956 0
v 6.20599985 29.77799988 0
v 6.14599991 29.76499939 0
v 106.14600372 45.76499939 3
v 106.08599854 45.74900055 3
v 6.32700014 29.79599953 0
v 6.38899994 29.8010006 0
v 106.02799988 45.72900009 3
v 6.69399977 29.77799988 0
v 6.75400019 29.76499939 0
v 6.81400013 29.74900055 0
v 6.87200022 29.72900009 0
v 24.8029995 28.54999924 3
v 7.03999996 29.65500069 0
v 6.98600006 29.68199921 0
v 6.9289999 29.70700073 0
v 127 52.70899963 44.05400085
v 127 52.67599869 44.10599899
v 24.79599953 28.42700005 3
v 7.55499983 29.13999939 0
v 7.58199978 29.08600044 0
v 127 52.57099915 44.32799911
v 22.30400085 28.67300034 3
v 22.31100082 28.73399925 3
v 7.1960001 29.55599976 0
v 7.24499989 29.51799965 0
v 7.29099989 29.47800064 0
v 7.33599997 29.43600082 0
v 7.45599985 29.29599953 0
v 7.41800022 29.34499931 0
v 7.37799978 29.39100075 0
v 7.49100018 29.24600029 0
v 7.52400017 29.19400024 0
v 6.63399982 29.78899956 0
v 6.57299995 29.79599953 0
v 6.51100016 29.8010006 0
v 6.44999981 29.8029995 0
v 106.57299805 45.79600143 3
v 106.51100159 45.80099869 3
v 106.81400299 45.74900055 3
v 106.87200165 45.72900009 3
v 127 53.15999985 43.64500046
v 127 53.10599899 43.67599869
v 106.7539978 45.76499939 3
v 7.68900013 28.73399925 0
v 7.67799997 28.79400063 0
v 127 53.05400085 43.70899963
v 106.92900085 45.70700073 3
v 107.04000092 45.65499878 3
v 106.98600006 45.68199921 3
v 22.80400085 29.55599976 3
v 107.19599915 45.55599976 3
v 107.14600372 45.5909996 3
v 107.24500275 45.51800156 3
v 107.29100037 45.47800064 3
v 127 0 38
v 107.33599854 45.43600082 3
v 106.20600128 43.3219986 3
v 107.37799835 45.39099884 3
v 127 52.9090004 43.8219986
v 107.41799927 45.34500122 3
v 107.09400177 45.62400055 3
v 127 76 20
v 115 76 5
v 107.45600128 45.29600143 3
v 127 52.86399841 43.86399841
v 107.68900299 44.73400116 3
v 127 52.8219986 43.9090004
v 127 52.7820015 43.95500183
v 15 76 5
v 122.30400085 44.67300034 3
v 107.49099731 45.24599838 3
v 127 52.74399948 44.00400162
v 106.44999695 45.8030014 3
v 106.69400024 45.77799988 3
v 106.63400269 45.78900146 3
v 115 73 3
v 127 52.64500046 44.15999985
v 127 52.61800003 44.2140007
v 127 52.5929985 44.27099991
v 127 52.55099869 44.38600159
v 127 52.53499985 44.44599915
v 0 52.49900055 18.81100082
v 0 52.4980011 18.75
v 127 52.52199936 44.50600052
v 0 52.50400162 18.87299919
v 0 52.51100159 18.93400002
v 122.3710022 44.97200012 3
v 107.60700226 45.02899933 3
v 0 52.52199936 18.99399948
v 127 52.51100159 44.56600189
v 127 52.50400162 44.6269989
v 127 52.49900055 44.68899918
v 127 52.4980011 44.75
v 106.26599884 43.31100082 3
v 127 52.49900055 44.81100082
v 127 52.52199936 44.99399948
v 127 52.51100159 44.93399811
v 24.08600044 29.68199921 3
v 127 52.53499985 45.05400085
v 127 53.6269989 43.50400162
v 24.39100075 29.47800064 3
v 24.43600082 29.43600082 3
v 24.47800064 29.39100075 3
v 127 53.38600159 43.55099869
v 24.51799965 45.34500122 3
v 7.60699987 29.02899933 3
v 23.91399956 29.74900055 3
v 127 54.05400085 43.53499985
v 127 53.99399948 43.52199936
v 23.97200012 29.72900009 3
v 24.5909996 29.24600029 3
v 24.62400055 29.19400024 3
v 24.68199921 29.08600044 3
v 24.70700073 29.02899933 3
v 24.74900055 28.91399956 3
v 24.77799988 28.79400063 3
v 24.78899956 28.73399925 3
v 0 53.05400085 19.79100037
v 127 53.75 43.4980011
v 127 53.68899918 43.49900055
v 127 53.56600189 43.51100159
v 127 53.50600052 43.52199936
v 127 53.44599915 43.53499985
v 127 53.32799911 43.57099915
v 127 53.27099991 43.5929985
v 127 53.81100082 43.49900055
v 127 54.2859993 43.61800003
v 127 54.22900009 43.5929985
v 127 54.17200089 43.57099915
v 127 54.11399841 43.55099869
v 127 53.93399811 43.51100159
v 127 53.8730011 43.50400162
v 127 54.79100037 44.05400085
v 127 54.75600052 44.00400162
v 127 54.7179985 43.95500183
v 7.62900019 28.97200012 3
v 127 54.6780014 43.9090004
v 127 54.63600159 43.86399841
v 127 54.5909996 43.8219986
v 127 54.54499817 43.7820015
v 127 54.49599838 43.74399948
v 127 54.44599915 43.70899963
v 127 54.39400101 43.67599869
v 127 54.34000015 43.64500046
v 127 54.98899841 44.56600189
v 127 54.96500015 44.44599915
v 127 54.97800064 44.50600052
v 127 54.94900131 44.38600159
v 127 54.92900085 44.32799911
v 127 54.9070015 44.27099991
v 127 54.88199997 44.2140007
v 127 54.85499954 44.15999985
v 127 54.82400131 44.10599899
v 127 54.96500015 45.05400085
v 127 54.97800064 44.99399948
v 127 54.98899841 44.93399811
v 127 54.99599838 44.8730011
v 127 55.00099945 44.81100082
v 127 55.00299835 44.75
v 127 55.00099945 44.68899918
v 127 54.99599838 44.6269989
v 7.66499996 28.85400009 3
v 7.64900017 28.91399956 3
v 22.3220005 44.30599976 3
v 127 52.8219986 45.5909996
v 127 52.86399841 45.63600159
v 7.45599985 29.29599953 3
v 127 52.55099869 45.11399841
v 127 52.57099915 45.17200089
v 127 52.5929985 45.22900009
v 127 52.61800003 45.2859993
v 127 52.64500046 45.34000015
v 127 52.67599869 45.39400101
v 127 52.70899963 45.44599915
v 127 52.74399948 45.49599838
v 127 52.7820015 45.54499817
v 127 52.9090004 45.6780014
v 127 52.95500183 45.7179985
v 127 53.00400162 45.75600052
v 127 53.05400085 45.79100037
v 127 53.10599899 45.82400131
v 127 53.15999985 45.85499954
v 127 53.2140007 45.88199997
v 127 53.27099991 45.9070015
v 15 0 20
v 115 0 20
v 15 0 38
v 115 0 38
v 15 65 20
v 127 65 20
v 115 65 20
v 15 76 20
v 115 76 20
v 15 73 5
v 115 73 5
v 15 11 20
v 115 11 20
v 127 11 20
v 115 3 20
v 15 3 20
v 15 3 38
v 115 3 38
v 127 3 38
v 127 3 20
v 127 22.45499992 17.78199959
v 127 22.14500046 18.15999985
v 127 22.1760006 18.1060009
v 127 22.36400032 17.86400032
v 127 22.3220005 17.9090004
v 127 22.4090004 17.8220005
v 127 22.28199959 17.95499992
v 127 53.32799911 45.92900085
v 127 22.24399948 18.00399971
v 127 53.38600159 45.94900131
v 127 22.20899963 18.05400085
v 127 53.44599915 45.96500015
v 127 53.50600052 45.97800064
v 127 22.11800003 18.2140007
v 127 53.56600189 45.98899841
v 127 22.07099915 18.32799911
v 127 53.6269989 45.99599838
v 127 53.68899918 46.00099945
v 127 53.75 46.00299835
v 127 53.81100082 46.00099945
v 127 53.8730011 45.99599838
v 127 53.93399811 45.98899841
v 127 53.99399948 45.97800064
v 127 54.05400085 45.96500015
v 127 54.11399841 45.94900131
v 127 54.17200089 45.92900085
v 127 54.22900009 45.9070015
v 127 54.2859993 45.88199997
v 127 54.7179985 45.54499817
v 127 54.75600052 45.49599838
v 127 54.34000015 45.85499954
v 127 54.44599915 45.79100037
v 127 54.39400101 45.82400131
v 127 54.6780014 45.5909996
v 127 54.79100037 45.44599915
v 127 54.82400131 45.39400101
v 127 54.85499954 45.34000015
v 127 54.88199997 45.2859993
v 127 54.9070015 45.22900009
v 127 54.92900085 45.17200089
v 127 54.94900131 45.11399841
v 127 54.5909996 45.6780014
v 127 54.63600159 45.63600159
v 127 53.2140007 43.61800003
v 127 24.50300026 20.00300026
v 127 52.50400162 44.8730011
v 127 0 53
v 127 25.00300026 53
v 127 76 53
v 127 52.4980011 53
vn 1 0 0
vn 0 0 1
vn 0 0.36008 0.93292
vn 0 0.08038 0.99676
vn 0 0.11401 0.99348
vn -0.08038 -0.99676 0
vn 0 0.18033 0.98361
vn 0 0.40166 0.91579
vn 0 0.44721 0.89443
vn 0 0.49787 0.86725
vn 0.89443 -0.44721 0
vn 0.86725 -0.49787 0
vn 0.79022 -0.61282 0
vn 0.75461 -0.65618 0
vn 0.65618 -0.75461 0
vn 0.61282 -0.79022 0
vn 0.84433 0.53582 0
vn 0 -0.61282 -0.79022
vn 0 0.57346 0.81923
vn 0 0.61282 0.79022
vn 0 0.65618 0.75461
vn 0 0.68232 0.73106
vn 0 0.73106 0.68232
vn 0 0.53582 0.84433
vn 0 0.79022 0.61282
vn 0 0.81923 0.57346
vn 0 0.84433 0.53582
vn 0 0.01639 0.99987
vn 0 0.86725 0.49787
vn 0 0.89443 0.44721
vn 0 0.91579 0.40166
vn 0 0.93292 0.36008
vn 0 -0.21175 0.97732
vn 0 -0.18033 0.98361
vn 0 -0.11401 0.99348
vn 0 -0.32599 0.94537
vn 0 -0.25766 0.96623
vn 0 -0.81923 0.57346
vn 0 -0.79022 0.61282
vn 0 -0.75461 0.65618
vn 0 -0.73106 0.68232
vn 0 -0.68232 0.73106
vn 0 -0.98361 0.18033
vn 0 -0.97732 0.21175
vn 0 -0.96623 0.25766
vn 0 -0.94537 0.32599
vn 0 -0.93292 0.36008
vn 0 -0.65618 0.75461
vn 0 -0.91579 0.40166
vn 0 -0.61282 0.79022
vn 0 -0.89443 0.44721
vn 0 -0.86725 0.49787
vn 0 -0.53582 0.84433
vn -0.97732 -0.21175 0
vn 0 -0.84433 0.53582
vn 0 -0.49787 0.86725
vn 0 -0.44721 0.89443
vn 0 -0.40166 0.91579
vn 0 -0.96623 -0.25766
vn 0 -0.97732 -0.21175
vn 0 -0.98361 -0.18033
vn 0 -0.99348 -0.11401
vn 0 -0.99676 -0.08038
vn 0 -0.99946 -0.03277
vn 0 -0.99946 0.03277
vn 0.53582 -0.84433 0
vn 0 -0.99676 0.08038
vn 0.49787 -0.86725 0
vn 0.44721 -0.89443 0
vn 0.40166 -0.91579 0
vn 0 0.97732 0.21175
vn 0 0.98361 0.18033
vn 0 0.21175 0.97732
vn 0 0.25766 0.96623
vn 0.68232 -0.73106 0
vn 0 0.32599 0.94537
vn 0 0.96623 0.25766
vn 0 -0.08038 0.99676
vn 0 0.99348 0.11401
vn 0 -0.01639 0.99987
vn 0 0.99676 0.08038
vn 0 0.99987 -0.01639
vn 0 0.99676 -0.08038
vn 0 0.99348 -0.11401
vn -0.21175 0.97732 0
vn 0 0.96623 -0.25766
vn 0 0.94537 -0.32599
vn 0.36008 -0.93292 0
vn 0 0.93292 -0.36008
vn 0.32599 -0.94537 0
vn 0 0.91579 -0.40166
vn 0.25766 -0.96623 0
vn 0 0.89443 -0.44721
vn 0.21175 -0.97732 0
vn 0 0.86725 -0.49787
vn 0.18033 -0.98361 0
vn 0 0.84433 -0.53582
vn 0.11401 -0.99348 0
vn -0.65618 0.75461 0
vn 0 0.81923 -0.57346
vn 0.08038 -0.99676 0
vn 0 0.79022 -0.61282
vn 0.03277 -0.99946 0
vn 0 0.75461 -0.65618
vn -0.03277 -0.99946 0
vn 0 0.73106 -0.68232
vn 0 0.68232 -0.73106
vn -0.11401 -0.99348 0
vn 0 0.65618 -0.75461
vn -0.18033 -0.98361 0
vn 0 0.61282 -0.79022
vn -0.21175 -0.97732 0
vn 0 -0.57346 0.81923
vn -0.61282 -0.79022 0
vn -0.65618 -0.75461 0
vn 0.49787 0.86725 0
vn -0.32599 -0.94537 0
vn 0 0.99987 0.01639
vn -0.49787 -0.86725 0
vn -0.53582 -0.84433 0
vn -0.57346 -0.81923 0
vn 0 0.98361 -0.18033
vn 0 0.97732 -0.21175
vn -0.68232 -0.73106 0
vn 0 -0.79022 -0.61282
vn 0 0.57346 -0.81923
vn 0 0.53582 -0.84433
vn -0.89443 -0.44721 0
vn 0 0.49787 -0.86725
vn 0 0.44721 -0.89443
vn 0 0.40166 -0.91579
vn 0.73106 -0.68232 0
vn 0 0.36008 -0.93292
vn 0 0.32599 -0.94537
vn 0 0.25766 -0.96623
vn 0 0.21175 -0.97732
vn 0 0.11401 -0.99348
vn 0 0.08038 -0.99676
vn 0 0.03277 -0.99946
vn 0 -0.11401 -0.99348
vn 0 -0.18033 -0.98361
vn 0.61282 0.79022 0
vn -0.25766 -0.96623 0
vn 0.11401 0.99348 0
vn 0 -0.86725 -0.49787
vn 0.18033 0.98361 0
vn 0 -0.89443 -0.44721
vn 0 -0.91579 -0.40166
vn 0 -0.93292 -0.36008
vn 0 -0.94537 -0.32599
vn 0.36008 0.93292 0
vn 0 -0.99348 0.11401
vn 0.40166 0.91579 0
vn 0.44721 0.89443 0
vn 0 -0.36008 -0.93292
vn 0.53582 0.84433 0
vn -0.81923 -0.57346 0
vn 0.65618 0.75461 0
vn 0 -0.68232 -0.73106
vn 0.68232 0.73106 0
vn 0 -0.73106 -0.68232
vn 0.08038 0.99676 0
vn 0 -0.81923 -0.57346
vn 0 -0.84433 -0.53582
vn 0 -0.75461 -0.65618
vn -0.40166 -0.91579 0
vn 0.25766 0.96623 0
vn 0.32599 0.94537 0
vn -0.44721 -0.89443 0
vn 0 -0.21175 -0.97732
vn 0 -0.25766 -0.96623
vn 0 -0.32599 -0.94537
vn 0 -0.40166 -0.91579
vn 0 -0.49787 -0.86725
vn 0 -0.53582 -0.84433
vn -0.84433 -0.53582 0
vn -0.86725 -0.49787 0
vn 0.96623 0.25766 0
vn -0.91579 -0.40166 0
vn 0.97732 -0.21175 0
vn 0.81923 0.57346 0
vn 0.86725 0.49787 0
vn 0.89443 0.44721 0
vn 0.91579 0.40166 0
vn 0 0 -1
vn 0.93292 0.36008 0
vn 0.97732 0.21175 0
vn 0.98361 0.18033 0
vn 0 -0.65618 -0.75461
vn 0.99676 0.08038 0
vn 0.99987 0.01639 0
vn 0.73106 0.68232 0
vn 0.75461 0.65618 0
vn 0.79022 0.61282 0
vn 0 0.18033 -0.98361
vn 0 -0.03277 -0.99946
vn 0 -0.08038 -0.99676
vn 0.01639 0.99987 0
vn -0.40166 0.91579 0
vn -0.25766 0.96623 0
vn -0.79022 0.61282 0
vn -0.99348 0.11401 0
vn -0.75461 0.65618 0
vn 0 -0.44721 -0.89443
vn -0.94537 0.32599 0
vn -0.49787 0.86725 0
vn -0.44721 0.89443 0
vn 0 -0.57346 -0.81923
vn -0.81923 0.57346 0
vn -0.08038 0.99676 0
vn -0.57346 0.81923 0
vn -0.53582 0.84433 0
vn -0.93292 0.36008 0
vn -0.36008 0.93292 0
vn -0.32599 0.94537 0
vn -0.01639 0.99987 0
vn -0.99676 0.08038 0
vn -0.61282 0.79022 0
vn -0.84433 0.53582 0
vn -0.96623 -0.25766 0
vn -0.98361 -0.18033 0
vn -0.73106 0.68232 0
vn -0.99946 -0.03277 0
vn -0.99946 0.03277 0
vn 0.84433 -0.53582 0
vn 0.81923 -0.57346 0
vn -0.98361 0.18033 0
vn -0.97732 0.21175 0
vn -0.96623 0.25766 0
vn -0.91579 0.40166 0
vn 0.57346 -0.81923 0
vn -0.89443 0.44721 0
vn 0 -0.36008 0.93292
vn -0.86725 0.49787 0
vn 0.57346 0.81923 0
vn 0.91579 -0.40166 0
vn 0 0.75461 0.65618
vn 0 0.94537 0.32599
vn 0.99348 -0.11401 0
vn -0.36008 -0.93292 0
vn 0.98361 -0.18033 0
vn 0.96623 -0.25766 0
vn 0.94537 -0.32599 0
vn 0.93292 -0.36008 0
vn 0.99987 -0.01639 0
vn 0.99676 -0.08038 0
vn -0.73106 -0.68232 0
vn -0.75461 -0.65618 0
vn -0.79022 -0.61282 0
vn -0.99676 -0.08038 0
vn 0.21175 0.97732 0
vn 0.94537 0.32599 0
vn -0.68232 0.73106 0
vn -0.93292 -0.36008 0
vn -0.94537 -0.32599 0
vn -0.99348 -0.11401 0
vn 0.99348 0.11401 0
vn -0.18033 0.98361 0
vn -0.11401 0.99348 0
vn 0 -1 0
vn 0 1 0
vn -1 0 0
f 1//1 2//1 3//1
f 4//1 2//1 1//1
f 5//1 2//1 4//1
f 6//1 2//1 5//1
f 7//1 2//1 8//1
f 9//1 2//1 7//1
f 10//1 2//1 9//1
f 8//1 2//1 6//1
f 11//2 12//2 13//2
f 14//1 2//1 10//1
f 15//1 2//1 14//1
f 16//2 17//2 18//2
f 17//2 13//2 12//2
f 19//1 2//1 15//1
f 20//1 2//1 19//1
f 21//1 2//1 20//1
f 22//1 23//1 2//1
f 24//1 25//1 2//1
f 26//1 27//1 28//1
f 29//1 27//1 30//1
f 31//1 2//1 29//1
f 32//2 33//2 34//2
f 35//1 2//1 31//1
f 36//1 2//1 35//1
f 26//1 30//1 27//1
f 37//1 2//1 38//1
f 3//1 2//1 37//1
f 38//1 2//1 36//1
f 39//1 27//1 40//1
f 41//2 42//2 43//2
f 42//2 44//2 43//2
f 45//2 46//2 47//2
f 48//2 46//2 45//2
f 49//2 46//2 48//2
f 50//2 46//2 49//2
f 31//3 51//3 52//3
f 53//2 46//2 50//2
f 54//2 46//2 53//2
f 55//2 46//2 54//2
f 56//2 57//2 58//2
f 59//1 27//1 60//1
f 60//1 27//1 61//1
f 62//1 27//1 59//1
f 63//1 27//1 64//1
f 65//4 40//4 66//4
f 67//1 27//1 63//1
f 40//5 65//5 68//5
f 69//1 27//1 67//1
f 70//2 46//2 71//2
f 72//2 46//2 70//2
f 73//1 27//1 69//1
f 74//2 46//2 72//2
f 75//1 27//1 76//1
f 47//2 46//2 74//2
f 77//2 46//2 78//2
f 79//2 46//2 77//2
f 80//2 46//2 79//2
f 81//2 46//2 80//2
f 82//2 46//2 83//2
f 84//2 46//2 85//2
f 86//2 87//2 88//2
f 89//2 86//2 88//2
f 90//6 91//6 92//6
f 93//2 86//2 89//2
f 94//2 86//2 93//2
f 95//2 86//2 94//2
f 96//2 86//2 95//2
f 97//2 86//2 96//2
f 98//1 27//1 99//1
f 100//2 86//2 97//2
f 101//1 27//1 98//1
f 102//1 27//1 101//1
f 61//1 27//1 102//1
f 46//2 103//2 104//2
f 105//1 106//1 107//1
f 78//2 46//2 104//2
f 83//2 46//2 81//2
f 105//1 108//1 106//1
f 109//2 110//2 87//2
f 110//2 111//2 87//2
f 112//1 113//1 106//1
f 111//2 114//2 87//2
f 27//1 106//1 115//1
f 116//2 109//2 87//2
f 114//2 117//2 87//2
f 117//2 88//2 87//2
f 118//2 87//2 119//2
f 120//2 87//2 118//2
f 121//2 87//2 120//2
f 122//2 87//2 121//2
f 123//2 124//2 87//2
f 124//2 125//2 87//2
f 125//2 116//2 87//2
f 123//2 87//2 122//2
f 126//2 127//2 128//2
f 129//2 126//2 130//2
f 130//2 119//2 129//2
f 128//2 130//2 126//2
f 131//2 132//2 43//2
f 133//2 132//2 131//2
f 134//2 132//2 133//2
f 132//2 41//2 43//2
f 135//1 27//1 136//1
f 136//1 27//1 115//1
f 137//2 132//2 138//2
f 139//1 27//1 135//1
f 64//1 27//1 139//1
f 76//1 27//1 73//1
f 99//1 27//1 75//1
f 140//2 132//2 141//2
f 134//2 141//2 132//2
f 23//1 142//1 2//1
f 21//1 22//1 2//1
f 138//2 132//2 140//2
f 143//1 24//1 2//1
f 142//1 143//1 2//1
f 144//2 145//2 137//2
f 146//2 145//2 144//2
f 147//2 145//2 146//2
f 148//2 145//2 147//2
f 149//2 145//2 148//2
f 150//2 145//2 149//2
f 151//1 152//1 153//1
f 154//1 152//1 151//1
f 155//2 145//2 150//2
f 156//1 152//1 154//1
f 28//7 39//7 157//7
f 158//1 152//1 156//1
f 159//1 152//1 158//1
f 160//2 161//2 145//2
f 161//2 162//2 145//2
f 163//2 164//2 145//2
f 165//1 152//1 159//1
f 166//2 145//2 167//2
f 168//2 169//2 145//2
f 170//1 152//1 171//1
f 172//1 152//1 170//1
f 167//2 145//2 155//2
f 173//1 152//1 172//1
f 165//1 171//1 152//1
f 31//8 52//8 174//8
f 175//1 152//1 173//1
f 176//1 177//1 152//1
f 169//2 160//2 145//2
f 174//9 178//9 36//9
f 162//2 163//2 145//2
f 179//10 38//10 178//10
f 36//10 178//10 38//10
f 180//11 181//11 182//11
f 183//1 152//1 177//1
f 175//1 176//1 152//1
f 184//12 181//12 180//12
f 185//1 186//1 187//1
f 187//1 188//1 185//1
f 189//13 190//13 191//13
f 188//1 192//1 193//1
f 194//14 190//14 189//14
f 195//1 193//1 192//1
f 192//1 196//1 195//1
f 193//1 185//1 188//1
f 197//15 198//15 199//15
f 196//1 200//1 201//1
f 201//1 195//1 196//1
f 202//2 203//2 145//2
f 204//16 198//16 197//16
f 205//1 201//1 200//1
f 203//2 206//2 145//2
f 207//2 202//2 145//2
f 200//1 208//1 205//1
f 209//1 205//1 208//1
f 210//2 211//2 145//2
f 212//1 213//1 214//1
f 211//2 215//2 145//2
f 215//2 216//2 145//2
f 206//2 210//2 145//2
f 217//1 218//1 219//1
f 220//1 221//1 217//1
f 216//2 222//2 145//2
f 223//2 224//2 225//2
f 226//1 227//1 228//1
f 229//2 223//2 230//2
f 225//2 230//2 223//2
f 231//1 232//1 226//1
f 230//2 233//2 229//2
f 234//2 229//2 233//2
f 233//2 235//2 234//2
f 236//2 234//2 235//2
f 237//1 238//1 239//1
f 240//1 238//1 241//1
f 235//2 242//2 236//2
f 242//2 243//2 244//2
f 244//2 236//2 242//2
f 127//2 244//2 243//2
f 243//2 128//2 127//2
f 239//1 238//1 245//1
f 164//2 246//2 145//2
f 246//2 91//2 145//2
f 91//2 247//2 145//2
f 247//2 248//2 145//2
f 248//2 249//2 145//2
f 249//2 207//2 145//2
f 250//2 251//2 222//2
f 251//2 145//2 222//2
f 252//2 253//2 254//2
f 166//2 168//2 145//2
f 255//1 256//1 257//1
f 258//17 259//17 260//17
f 261//1 262//1 263//1
f 264//1 263//1 262//1
f 262//1 265//1 264//1
f 266//1 264//1 265//1
f 265//1 267//1 266//1
f 268//18 269//18 270//18
f 271//2 86//2 272//2
f 273//2 86//2 274//2
f 275//2 276//2 100//2
f 104//2 275//2 100//2
f 82//2 85//2 46//2
f 46//2 84//2 277//2
f 46//2 277//2 278//2
f 46//2 278//2 279//2
f 46//2 279//2 280//2
f 280//2 71//2 46//2
f 281//2 282//2 283//2
f 284//1 238//1 285//1
f 286//1 238//1 284//1
f 287//1 238//1 286//1
f 288//1 238//1 287//1
f 289//19 290//19 291//19
f 285//1 238//1 292//1
f 293//1 238//1 288//1
f 241//1 238//1 293//1
f 245//1 238//1 240//1
f 294//1 295//1 237//1
f 296//1 297//1 294//1
f 298//20 289//20 299//20
f 291//20 299//20 289//20
f 300//21 301//21 299//21
f 302//1 152//1 303//1
f 304//22 301//22 305//22
f 306//1 152//1 302//1
f 305//23 307//23 304//23
f 308//23 304//23 307//23
f 87//2 129//2 119//2
f 309//2 254//2 253//2
f 254//2 310//2 252//2
f 311//2 312//2 313//2
f 250//2 314//2 315//2
f 251//2 250//2 316//2
f 251//2 317//2 318//2
f 318//2 319//2 251//2
f 320//2 321//2 251//2
f 322//2 323//2 251//2
f 324//2 325//2 251//2
f 326//2 327//2 251//2
f 328//2 329//2 251//2
f 251//2 330//2 331//2
f 251//2 331//2 332//2
f 251//2 332//2 333//2
f 251//2 333//2 334//2
f 334//2 335//2 251//2
f 336//1 152//1 337//1
f 87//2 338//2 339//2
f 38//24 179//24 340//24
f 341//25 342//25 343//25
f 342//26 341//26 344//26
f 345//26 344//26 341//26
f 346//2 347//2 348//2
f 345//27 349//27 344//27
f 350//2 347//2 346//2
f 351//28 352//28 66//28
f 353//29 354//29 349//29
f 351//4 66//4 40//4
f 355//1 183//1 356//1
f 357//2 347//2 350//2
f 358//30 354//30 359//30
f 360//1 183//1 355//1
f 361//2 347//2 357//2
f 40//5 68//5 39//5
f 358//31 359//31 362//31
f 363//31 362//31 359//31
f 364//2 347//2 361//2
f 68//7 157//7 39//7
f 365//2 347//2 364//2
f 362//32 363//32 366//32
f 367//2 347//2 365//2
f 102//33 101//33 368//33
f 369//2 347//2 367//2
f 61//34 102//34 370//34
f 368//34 370//34 102//34
f 61//35 370//35 371//35
f 372//2 347//2 373//2
f 374//2 347//2 375//2
f 376//2 377//2 378//2
f 379//2 347//2 380//2
f 381//2 347//2 379//2
f 382//2 347//2 381//2
f 383//2 347//2 382//2
f 384//2 347//2 383//2
f 385//2 347//2 384//2
f 291//19 290//19 386//19
f 387//1 183//1 360//1
f 348//2 347//2 385//2
f 388//1 389//1 183//1
f 390//4 391//4 392//4
f 373//2 347//2 393//2
f 390//5 392//5 394//5
f 375//2 347//2 372//2
f 369//2 393//2 347//2
f 378//2 347//2 374//2
f 98//36 395//36 396//36
f 397//1 183//1 389//1
f 387//1 388//1 183//1
f 398//37 101//37 396//37
f 399//2 377//2 376//2
f 400//2 132//2 399//2
f 401//1 402//1 403//1
f 404//2 132//2 405//2
f 406//2 132//2 404//2
f 407//2 132//2 406//2
f 408//2 132//2 409//2
f 410//2 132//2 408//2
f 411//38 412//38 413//38
f 414//39 415//39 416//39
f 413//39 416//39 415//39
f 417//40 418//40 414//40
f 415//40 414//40 418//40
f 419//2 132//2 410//2
f 420//41 418//41 421//41
f 417//41 421//41 418//41
f 420//42 421//42 422//42
f 420//42 422//42 266//42
f 423//43 424//43 425//43
f 426//44 427//44 428//44
f 425//44 428//44 427//44
f 429//45 430//45 426//45
f 427//45 426//45 430//45
f 431//46 430//46 432//46
f 429//46 432//46 430//46
f 433//2 347//2 434//2
f 431//47 432//47 435//47
f 139//48 436//48 64//48
f 437//2 347//2 433//2
f 438//49 439//49 435//49
f 64//50 440//50 441//50
f 442//2 443//2 444//2
f 445//51 446//51 438//51
f 439//51 438//51 446//51
f 447//2 442//2 444//2
f 448//52 446//52 449//52
f 445//52 449//52 446//52
f 450//53 69//53 451//53
f 452//54 453//54 454//54
f 455//2 447//2 444//2
f 448//55 449//55 412//55
f 448//55 412//55 411//55
f 69//56 450//56 456//56
f 457//2 455//2 444//2
f 458//2 457//2 444//2
f 416//38 413//38 412//38
f 456//57 459//57 76//57
f 460//2 461//2 444//2
f 459//58 462//58 76//58
f 463//59 464//59 465//59
f 466//2 460//2 444//2
f 467//2 466//2 444//2
f 465//60 464//60 468//60
f 347//2 467//2 444//2
f 469//61 468//61 470//61
f 98//37 396//37 101//37
f 469//62 470//62 471//62
f 469//62 471//62 472//62
f 473//2 46//2 474//2
f 398//33 368//33 101//33
f 475//63 476//63 471//63
f 472//63 471//63 476//63
f 477//2 46//2 473//2
f 478//50 479//50 480//50
f 226//45 481//45 231//45
f 482//2 46//2 477//2
f 476//64 475//64 483//64
f 476//64 483//64 484//64
f 485//2 46//2 482//2
f 486//46 487//46 231//46
f 488//65 489//65 483//65
f 484//65 483//65 489//65
f 490//2 491//2 492//2
f 493//66 494//66 495//66
f 496//67 497//67 488//67
f 489//67 488//67 497//67
f 498//2 499//2 500//2
f 501//68 493//68 495//68
f 500//2 444//2 498//2
f 502//69 503//69 501//69
f 504//2 498//2 444//2
f 505//2 504//2 444//2
f 506//51 108//51 507//51
f 508//70 503//70 502//70
f 509//2 492//2 491//2
f 108//52 506//52 510//52
f 443//2 511//2 444//2
f 511//2 505//2 444//2
f 512//36 513//36 514//36
f 515//39 115//39 516//39
f 115//40 515//40 517//40
f 183//1 403//1 402//1
f 518//1 183//1 402//1
f 519//1 401//1 520//1
f 58//2 521//2 56//2
f 522//1 183//1 518//1
f 523//2 474//2 55//2
f 524//1 183//1 522//1
f 139//42 135//42 436//42
f 525//1 183//1 524//1
f 46//2 55//2 474//2
f 55//2 526//2 523//2
f 356//1 183//1 525//1
f 440//48 64//48 436//48
f 527//2 528//2 529//2
f 530//1 152//1 531//1
f 532//2 529//2 528//2
f 533//1 152//1 530//1
f 528//2 534//2 532//2
f 23//71 22//71 535//71
f 536//1 152//1 533//1
f 397//1 531//1 183//1
f 537//2 532//2 534//2
f 538//1 152//1 536//1
f 539//72 23//72 535//72
f 540//1 152//1 538//1
f 534//2 541//2 537//2
f 542//1 152//1 540//1
f 543//2 537//2 541//2
f 544//39 545//39 546//39
f 547//1 152//1 542//1
f 258//2 543//2 541//2
f 303//1 152//1 547//1
f 259//2 258//2 541//2
f 548//41 549//41 550//41
f 152//1 551//1 552//1
f 553//2 132//2 554//2
f 555//2 132//2 553//2
f 556//2 132//2 555//2
f 419//2 554//2 132//2
f 557//1 519//1 558//1
f 559//2 132//2 556//2
f 560//7 394//7 561//7
f 562//2 132//2 559//2
f 563//1 564//1 565//1
f 566//73 567//73 568//73
f 561//73 568//73 567//73
f 569//2 132//2 562//2
f 570//74 571//74 566//74
f 567//74 566//74 571//74
f 572//2 132//2 569//2
f 573//75 574//75 575//75
f 576//1 563//1 577//1
f 578//76 571//76 579//76
f 570//76 579//76 571//76
f 578//3 579//3 580//3
f 581//2 132//2 572//2
f 582//8 583//8 580//8
f 584//2 132//2 585//2
f 586//9 587//9 582//9
f 583//9 582//9 587//9
f 588//2 132//2 584//2
f 587//10 586//10 589//10
f 590//2 132//2 588//2
f 581//2 585//2 132//2
f 591//2 132//2 590//2
f 592//2 132//2 591//2
f 593//2 132//2 592//2
f 594//2 132//2 593//2
f 595//2 132//2 594//2
f 596//1 565//1 564//1
f 564//1 597//1 596//1
f 565//1 577//1 563//1
f 577//1 598//1 576//1
f 599//1 596//1 597//1
f 132//2 600//2 601//2
f 394//5 560//5 390//5
f 152//1 552//1 602//1
f 603//2 132//2 604//2
f 595//2 604//2 132//2
f 568//7 561//7 394//7
f 605//1 152//1 606//1
f 607//33 608//33 609//33
f 600//2 132//2 610//2
f 603//2 610//2 132//2
f 611//77 22//77 612//77
f 613//34 609//34 614//34
f 608//34 614//34 609//34
f 611//71 535//71 22//71
f 613//35 614//35 615//35
f 616//78 617//78 618//78
f 619//79 143//79 539//79
f 620//80 621//80 618//80
f 143//81 619//81 622//81
f 623//82 624//82 625//82
f 623//83 625//83 626//83
f 627//83 626//83 625//83
f 626//84 627//84 628//84
f 629//56 630//56 631//56
f 632//2 132//2 633//2
f 634//57 635//57 630//57
f 636//2 132//2 632//2
f 637//85 81//85 80//85
f 638//2 132//2 636//2
f 639//2 132//2 640//2
f 638//2 640//2 132//2
f 641//86 153//86 642//86
f 508//70 643//70 503//70
f 641//87 644//87 153//87
f 151//87 153//87 644//87
f 643//88 508//88 645//88
f 646//88 645//88 508//88
f 512//37 514//37 607//37
f 41//2 132//2 639//2
f 647//89 151//89 644//89
f 645//90 646//90 648//90
f 12//2 18//2 17//2
f 649//91 156//91 647//91
f 650//92 648//92 651//92
f 156//93 649//93 652//93
f 653//94 654//94 651//94
f 159//95 652//95 655//95
f 656//96 654//96 653//96
f 159//97 655//97 657//97
f 658//2 659//2 660//2
f 661//98 662//98 663//98
f 664//2 665//2 666//2
f 667//2 658//2 668//2
f 669//99 670//99 93//99
f 165//100 657//100 171//100
f 671//100 171//100 657//100
f 283//2 527//2 281//2
f 665//2 667//2 672//2
f 673//101 674//101 663//101
f 671//102 675//102 171//102
f 170//102 171//102 675//102
f 676//52 677//52 678//52
f 679//103 673//103 680//103
f 170//104 675//104 681//104
f 529//2 281//2 527//2
f 682//105 679//105 680//105
f 678//55 677//55 683//55
f 173//106 681//106 684//106
f 685//6 686//6 682//6
f 687//107 173//107 684//107
f 686//108 685//108 688//108
f 689//108 688//108 685//108
f 690//2 132//2 601//2
f 691//2 132//2 690//2
f 692//2 132//2 693//2
f 693//2 132//2 691//2
f 694//2 132//2 692//2
f 132//2 694//2 695//2
f 696//2 132//2 695//2
f 697//2 132//2 696//2
f 697//2 633//2 132//2
f 660//2 668//2 658//2
f 668//2 672//2 667//2
f 672//2 666//2 665//2
f 698//109 176//109 687//109
f 699//110 700//110 689//110
f 688//110 689//110 700//110
f 176//111 698//111 701//111
f 544//40 546//40 549//40
f 699//112 702//112 700//112
f 541//2 703//2 259//2
f 57//2 259//2 703//2
f 703//2 58//2 57//2
f 526//2 56//2 521//2
f 521//2 523//2 526//2
f 666//2 704//2 664//2
f 705//2 660//2 659//2
f 706//2 707//2 708//2
f 709//2 708//2 707//2
f 707//2 32//2 709//2
f 34//2 709//2 32//2
f 44//2 34//2 33//2
f 33//2 43//2 44//2
f 132//2 137//2 145//2
f 478//50 480//50 710//50
f 711//2 377//2 712//2
f 710//113 480//113 713//113
f 714//2 377//2 715//2
f 716//2 377//2 717//2
f 631//57 630//57 635//57
f 718//2 377//2 716//2
f 717//2 377//2 714//2
f 719//114 720//114 721//114
f 722//2 377//2 718//2
f 723//115 721//115 724//115
f 725//2 377//2 726//2
f 727//2 377//2 728//2
f 729//2 377//2 730//2
f 607//37 731//37 512//37
f 732//2 377//2 733//2
f 726//2 377//2 732//2
f 734//45 735//45 736//45
f 722//2 733//2 377//2
f 737//46 734//46 738//46
f 736//46 738//46 734//46
f 739//1 152//1 605//1
f 728//2 377//2 725//2
f 740//1 152//1 739//1
f 602//1 606//1 152//1
f 741//47 742//47 738//47
f 743//1 152//1 740//1
f 730//2 377//2 727//2
f 744//49 745//49 741//49
f 746//2 377//2 729//2
f 747//1 748//1 152//1
f 745//51 744//51 676//51
f 749//1 750//1 152//1
f 743//1 749//1 152//1
f 751//2 377//2 746//2
f 752//2 377//2 753//2
f 754//1 755//1 152//1
f 755//1 756//1 152//1
f 757//2 377//2 758//2
f 756//1 759//1 152//1
f 760//2 377//2 757//2
f 758//2 377//2 751//2
f 759//1 761//1 152//1
f 748//1 754//1 152//1
f 753//2 377//2 760//2
f 750//1 747//1 152//1
f 761//1 762//1 152//1
f 763//1 764//1 765//1
f 766//2 377//2 752//2
f 548//42 550//42 767//42
f 347//2 378//2 377//2
f 768//1 764//1 769//1
f 764//1 152//1 769//1
f 478//48 767//48 479//48
f 770//1 764//1 768//1
f 771//1 764//1 770//1
f 765//1 764//1 771//1
f 762//1 769//1 152//1
f 772//71 773//71 774//71
f 775//2 377//2 776//2
f 777//72 773//72 772//72
f 778//1 764//1 779//1
f 780//1 779//1 764//1
f 781//1 764//1 778//1
f 782//1 764//1 781//1
f 783//2 377//2 784//2
f 785//2 377//2 783//2
f 786//1 764//1 787//1
f 788//2 789//2 790//2
f 790//2 789//2 791//2
f 792//1 764//1 793//1
f 794//1 764//1 795//1
f 796//1 793//1 764//1
f 797//2 789//2 798//2
f 799//89 800//89 801//89
f 802//2 789//2 797//2
f 803//1 764//1 804//1
f 795//1 764//1 792//1
f 805//116 806//116 807//116
f 808//2 789//2 802//2
f 809//2 789//2 808//2
f 810//2 789//2 811//2
f 812//2 789//2 810//2
f 763//1 780//1 764//1
f 764//1 782//1 813//1
f 787//1 764//1 814//1
f 813//1 814//1 764//1
f 796//1 764//1 786//1
f 804//1 764//1 794//1
f 815//1 764//1 803//1
f 816//1 764//1 815//1
f 817//2 789//2 812//2
f 791//2 789//2 817//2
f 818//2 789//2 788//2
f 798//2 789//2 818//2
f 819//1 576//1 598//1
f 598//1 557//1 819//1
f 558//1 819//1 557//1
f 520//1 558//1 519//1
f 403//1 520//1 401//1
f 337//1 152//1 306//1
f 183//1 531//1 152//1
f 186//1 820//1 821//1
f 821//1 187//1 186//1
f 208//1 822//1 209//1
f 213//1 209//1 822//1
f 822//1 214//1 213//1
f 214//1 261//1 212//1
f 263//1 212//1 261//1
f 238//1 266//1 267//1
f 238//1 267//1 823//1
f 292//1 238//1 823//1
f 824//107 825//107 826//107
f 827//2 828//2 789//2
f 829//2 789//2 830//2
f 773//71 831//71 774//71
f 832//2 789//2 829//2
f 830//2 789//2 833//2
f 777//72 834//72 773//72
f 835//2 789//2 832//2
f 836//117 837//117 838//117
f 839//2 789//2 835//2
f 834//79 777//79 840//79
f 811//2 789//2 839//2
f 841//2 827//2 789//2
f 842//81 840//81 843//81
f 843//118 844//118 842//118
f 845//118 842//118 844//118
f 846//2 847//2 848//2
f 845//82 844//82 849//82
f 850//82 849//82 844//82
f 851//119 852//119 853//119
f 849//83 850//83 854//83
f 855//83 854//83 850//83
f 856//120 852//120 851//120
f 857//84 858//84 854//84
f 857//84 854//84 855//84
f 720//121 719//121 856//121
f 724//114 721//114 720//114
f 859//2 860//2 861//2
f 860//2 830//2 861//2
f 857//122 862//122 863//122
f 723//115 864//115 721//115
f 863//123 862//123 865//123
f 833//2 861//2 830//2
f 866//86 867//86 865//86
f 723//124 868//124 864//124
f 869//124 864//124 868//124
f 870//2 347//2 871//2
f 872//2 871//2 347//2
f 867//87 866//87 800//87
f 873//87 800//87 866//87
f 874//2 347//2 870//2
f 873//89 801//89 800//89
f 875//2 347//2 874//2
f 799//91 801//91 876//91
f 877//2 347//2 875//2
f 287//125 878//125 879//125
f 880//2 347//2 877//2
f 881//93 882//93 876//93
f 883//2 347//2 880//2
f 882//95 881//95 884//95
f 885//95 884//95 881//95
f 886//2 347//2 883//2
f 887//126 183//126 701//126
f 888//97 889//97 884//97
f 888//97 884//97 885//97
f 890//2 347//2 886//2
f 887//127 891//127 183//127
f 403//127 183//127 891//127
f 892//128 893//128 894//128
f 403//129 891//129 895//129
f 888//100 896//100 897//100
f 897//102 896//102 898//102
f 558//130 895//130 899//130
f 900//2 347//2 901//2
f 890//2 901//2 347//2
f 902//104 903//104 898//104
f 904//14 138//14 140//14
f 905//131 558//131 899//131
f 906//2 347//2 900//2
f 903//106 902//106 825//106
f 907//106 825//106 902//106
f 908//2 347//2 906//2
f 909//132 137//132 138//132
f 909//132 138//132 904//132
f 907//107 826//107 825//107
f 910//133 576//133 905//133
f 336//1 911//1 152//1
f 911//1 912//1 152//1
f 912//1 913//1 152//1
f 913//1 551//1 152//1
f 914//2 347//2 908//2
f 824//109 826//109 915//109
f 144//75 137//75 909//75
f 576//134 910//134 916//134
f 917//2 347//2 914//2
f 918//111 919//111 915//111
f 920//1 921//1 922//1
f 564//135 916//135 923//135
f 924//2 347//2 917//2
f 921//1 925//1 922//1
f 925//1 926//1 922//1
f 927//2 347//2 924//2
f 564//136 923//136 928//136
f 926//1 929//1 922//1
f 930//2 347//2 927//2
f 929//1 931//1 922//1
f 467//2 347//2 930//2
f 931//1 932//1 922//1
f 461//2 458//2 444//2
f 933//2 500//2 499//2
f 934//137 935//137 936//137
f 499//2 937//2 933//2
f 938//131 939//131 940//131
f 941//138 935//138 934//138
f 942//1 943//1 922//1
f 932//1 942//1 922//1
f 944//139 941//139 945//139
f 946//1 947//1 922//1
f 937//2 948//2 491//2
f 491//2 933//2 937//2
f 943//1 946//1 922//1
f 949//88 166//88 167//88
f 948//2 509//2 491//2
f 950//1 27//1 947//1
f 168//90 166//90 949//90
f 951//1 27//1 950//1
f 952//140 192//140 953//140
f 954//1 27//1 951//1
f 955//2 956//2 957//2
f 958//2 957//2 956//2
f 959//1 27//1 954//1
f 27//1 922//1 947//1
f 192//141 952//141 196//141
f 960//141 196//141 952//141
f 961//1 27//1 959//1
f 962//2 963//2 964//2
f 965//96 161//96 160//96
f 162//98 161//98 965//98
f 963//2 46//2 966//2
f 966//2 964//2 963//2
f 967//2 955//2 968//2
f 968//2 490//2 967//2
f 957//2 968//2 955//2
f 91//108 90//108 969//108
f 228//43 970//43 971//43
f 126//142 129//142 972//142
f 973//112 249//112 248//112
f 228//44 971//44 481//44
f 207//143 249//143 973//143
f 486//45 231//45 481//45
f 974//2 975//2 976//2
f 977//144 978//144 979//144
f 980//145 981//145 240//145
f 975//2 962//2 982//2
f 964//2 982//2 962//2
f 485//2 983//2 46//2
f 979//146 978//146 984//146
f 240//147 981//147 985//147
f 736//45 735//45 986//45
f 985//148 987//148 239//148
f 988//2 989//2 990//2
f 991//149 237//149 987//149
f 239//149 987//149 237//149
f 990//2 992//2 988//2
f 237//150 991//150 993//150
f 237//150 993//150 294//150
f 994//2 990//2 989//2
f 995//59 296//59 993//59
f 996//2 988//2 992//2
f 296//60 995//60 997//60
f 998//2 999//2 1000//2
f 1001//151 1002//151 1003//151
f 999//2 846//2 1004//2
f 497//152 496//152 424//152
f 497//152 424//152 423//152
f 1005//153 1006//153 1002//153
f 848//2 1004//2 846//2
f 428//43 425//43 424//43
f 1007//154 806//154 1005//154
f 1008//2 966//2 46//2
f 214//155 822//155 1009//155
f 1007//116 807//116 806//116
f 983//2 1008//2 46//2
f 805//156 807//156 1010//156
f 1011//157 1012//157 1013//157
f 1014//2 1015//2 1016//2
f 164//105 92//105 246//105
f 1016//2 1017//2 1014//2
f 126//158 972//158 1018//158
f 1019//2 1014//2 1017//2
f 91//6 246//6 92//6
f 1020//159 1021//159 1022//159
f 244//160 127//160 1023//160
f 1017//2 994//2 1019//2
f 969//108 247//108 91//108
f 1021//161 1020//161 1024//161
f 248//110 247//110 969//110
f 989//2 1019//2 994//2
f 992//2 1025//2 996//2
f 1004//2 1000//2 999//2
f 977//162 1026//162 1027//162
f 977//144 979//144 1026//144
f 1028//163 1029//163 1030//163
f 1030//164 1029//164 1031//164
f 878//165 287//165 1032//165
f 203//166 1033//166 206//166
f 1034//167 1035//167 1036//167
f 1035//168 1034//168 1001//168
f 1037//168 1001//168 1034//168
f 1038//148 1039//148 1040//148
f 1041//169 1042//169 206//169
f 1001//151 1037//151 1002//151
f 1043//149 1040//149 1039//149
f 196//170 960//170 1044//170
f 1045//150 463//150 1043//150
f 1046//120 215//120 211//120
f 208//171 1044//171 1047//171
f 1048//121 216//121 215//121
f 1048//121 215//121 1046//121
f 464//59 463//59 1045//59
f 208//172 1047//172 822//172
f 222//114 216//114 1048//114
f 264//48 266//48 1049//48
f 1050//155 1009//155 822//155
f 1049//50 263//50 264//50
f 214//173 1009//173 1051//173
f 1052//174 265//174 1053//174
f 265//175 1052//175 1054//175
f 266//48 422//48 1049//48
f 1055//176 1056//176 1011//176
f 1012//176 1011//176 1056//176
f 1056//177 1055//177 1057//177
f 1056//177 1057//177 252//177
f 956//2 1058//2 958//2
f 1059//2 958//2 1058//2
f 1058//2 1060//2 1059//2
f 1061//2 1059//2 1060//2
f 1060//2 974//2 1061//2
f 976//2 1061//2 974//2
f 982//2 976//2 975//2
f 492//2 967//2 490//2
f 444//2 434//2 347//2
f 347//2 437//2 1062//2
f 347//2 1062//2 1063//2
f 347//2 1063//2 1064//2
f 1064//2 1065//2 347//2
f 347//2 1065//2 1066//2
f 1067//2 380//2 347//2
f 1068//2 1067//2 347//2
f 1066//2 1068//2 347//2
f 1069//178 1070//178 1071//178
f 1072//128 253//128 1057//128
f 252//128 1057//128 253//128
f 1072//179 1073//179 253//179
f 1074//159 284//159 1075//159
f 1074//161 1032//161 284//161
f 431//47 435//47 1076//47
f 847//2 1077//2 861//2
f 1077//2 1078//2 861//2
f 1078//2 1079//2 861//2
f 1079//2 859//2 861//2
f 1080//2 841//2 789//2
f 828//2 833//2 789//2
f 1081//2 1082//2 1083//2
f 1084//2 1085//2 1086//2
f 1086//2 1087//2 1084//2
f 1088//2 1084//2 1087//2
f 1087//2 1089//2 1088//2
f 1090//2 1091//2 1092//2
f 1091//2 1093//2 1094//2
f 1076//49 435//49 439//49
f 879//125 288//125 287//125
f 1095//180 1096//180 1097//180
f 784//2 377//2 809//2
f 1098//2 377//2 785//2
f 1099//2 377//2 1098//2
f 1100//2 377//2 1099//2
f 776//2 377//2 1100//2
f 1101//2 377//2 711//2
f 1102//2 377//2 1101//2
f 715//2 377//2 1102//2
f 712//2 377//2 775//2
f 789//2 809//2 377//2
f 1103//2 1104//2 789//2
f 1105//181 223//181 1106//181
f 223//17 1105//17 224//17
f 1107//17 224//17 1105//17
f 468//60 1108//60 465//60
f 872//2 347//2 377//2
f 132//2 377//2 399//2
f 400//2 405//2 132//2
f 409//2 132//2 407//2
f 1109//2 872//2 377//2
f 766//2 1109//2 377//2
f 1107//182 1110//182 224//182
f 309//182 224//182 1110//182
f 469//61 1108//61 468//61
f 309//183 1110//183 254//183
f 1111//183 254//183 1110//183
f 254//184 1111//184 310//184
f 1112//184 310//184 1111//184
f 1113//185 1114//185 1115//185
f 1116//186 310//186 1112//186
f 1117//163 293//163 879//163
f 1118//185 1119//185 1113//185
f 1120//185 1121//185 1113//185
f 1122//185 1123//185 1124//185
f 1125//185 1126//185 1113//185
f 1071//187 1127//187 1069//187
f 816//18 1128//18 1129//18
f 1130//188 1131//188 1127//188
f 1132//185 1133//185 1134//185
f 1135//185 1133//185 1132//185
f 1129//189 1136//189 1137//189
f 1136//189 1022//189 1137//189
f 1138//190 1139//190 1140//190
f 1134//185 1133//185 1141//185
f 1021//159 1137//159 1022//159
f 1133//185 1142//185 1141//185
f 1138//191 1143//191 1139//191
f 1024//161 1144//161 1021//161
f 1142//185 1145//185 1141//185
f 1146//185 1147//185 1141//185
f 1145//185 1146//185 1141//185
f 1144//165 1024//165 1148//165
f 1144//165 1148//165 1149//165
f 1150//185 1151//185 1141//185
f 1028//125 1152//125 1148//125
f 1149//125 1148//125 1152//125
f 1151//185 1153//185 1141//185
f 1152//163 1028//163 1030//163
f 1153//185 1154//185 1141//185
f 1031//164 1155//164 1030//164
f 1156//192 244//192 1023//192
f 1155//145 1031//145 1157//145
f 1155//145 1157//145 1158//145
f 1159//193 234//193 1156//193
f 1160//185 1141//185 1161//185
f 918//126 1162//126 1163//126
f 1038//147 1164//147 1157//147
f 1158//147 1157//147 1164//147
f 1106//194 229//194 1159//194
f 1163//127 1162//127 1165//127
f 1164//148 1038//148 1040//148
f 1166//129 1167//129 1165//129
f 1043//149 1168//149 1040//149
f 1169//185 1170//185 1171//185
f 1168//150 1043//150 463//150
f 1167//130 1166//130 939//130
f 1172//130 939//130 1166//130
f 1173//185 1174//185 1175//185
f 1172//131 940//131 939//131
f 1176//185 1177//185 1178//185
f 938//133 940//133 1179//133
f 1180//1 1181//1 1182//1
f 1183//134 1184//134 1179//134
f 1185//1 1181//1 1180//1
f 1186//1 1181//1 1185//1
f 1184//135 1183//135 1187//135
f 1188//135 1187//135 1183//135
f 1189//1 1181//1 1186//1
f 1190//136 1191//136 1187//136
f 1190//136 1187//136 1188//136
f 1192//1 1181//1 1189//1
f 1193//1 1181//1 1192//1
f 1191//195 1190//195 1194//195
f 1195//1 1181//1 1193//1
f 1196//1 1197//1 1198//1
f 1199//137 1200//137 1194//137
f 1197//1 1201//1 1202//1
f 1203//185 1204//185 1205//185
f 1206//138 1200//138 1199//138
f 1207//139 1208//139 1209//139
f 1210//185 1211//185 1212//185
f 1207//196 1209//196 1213//196
f 1214//196 1213//196 1209//196
f 1213//197 1214//197 1215//197
f 1216//197 1215//197 1214//197
f 1217//185 1218//185 1219//185
f 1219//185 1210//185 1217//185
f 1220//1 1221//1 1222//1
f 1218//185 1223//185 1224//185
f 1224//185 1219//185 1218//185
f 1222//1 1225//1 1220//1
f 1215//140 1216//140 1226//140
f 1227//140 1226//140 1216//140
f 1228//1 1220//1 1225//1
f 1221//1 1229//1 1230//1
f 1226//141 1227//141 1231//141
f 1232//141 1231//141 1227//141
f 1225//1 1233//1 1228//1
f 1230//1 1222//1 1221//1
f 1234//198 1235//198 1236//198
f 1119//185 1120//185 1113//185
f 1115//185 1118//185 1113//185
f 1223//185 1115//185 1114//185
f 1114//185 1224//185 1223//185
f 1237//1 1228//1 1233//1
f 1238//199 1239//199 1240//199
f 1233//1 1241//1 1237//1
f 1232//170 1242//170 1231//170
f 361//194 1243//194 1244//194
f 1245//1 1237//1 1241//1
f 1246//185 1204//185 1203//185
f 1247//185 1248//185 1246//185
f 1249//1 1245//1 1241//1
f 1250//1 1249//1 1241//1
f 1251//61 1252//61 1253//61
f 1254//200 1255//200 1256//200
f 1257//185 1258//185 1259//185
f 1260//62 1261//62 1262//62
f 1253//62 1262//62 1261//62
f 1263//1 1250//1 1241//1
f 1264//63 1265//63 1260//63
f 1261//63 1260//63 1265//63
f 1266//1 1263//1 1241//1
f 1267//185 1268//185 1269//185
f 1270//64 1265//64 1271//64
f 1264//64 1271//64 1265//64
f 1270//65 1271//65 1272//65
f 1273//1 1274//1 1241//1
f 1274//1 1275//1 1241//1
f 1276//67 1277//67 1272//67
f 1278//185 1279//185 1280//185
f 922//185 1279//185 1281//185
f 1282//152 1283//152 1276//152
f 1277//152 1276//152 1283//152
f 380//151 1284//151 1285//151
f 1283//43 1282//43 1286//43
f 1287//185 1279//185 1288//185
f 1280//185 1279//185 1287//185
f 380//153 1285//153 1289//153
f 232//1 231//1 106//1
f 1290//1 226//1 232//1
f 961//1 106//1 27//1
f 1291//31 19//31 15//31
f 1292//1 1293//1 922//1
f 20//32 19//32 1291//32
f 1294//164 1295//164 1296//164
f 1297//164 1296//164 1295//164
f 1298//1 1299//1 922//1
f 1299//1 1300//1 922//1
f 1293//1 1301//1 922//1
f 1294//145 1296//145 1302//145
f 1303//147 1304//147 1302//147
f 1300//1 920//1 922//1
f 1301//1 1298//1 922//1
f 28//73 157//73 1305//73
f 28//73 1305//73 26//73
f 1306//148 1307//148 1303//148
f 1304//148 1303//148 1307//148
f 1308//74 30//74 1305//74
f 26//74 1305//74 30//74
f 1309//1 1310//1 1311//1
f 30//76 1308//76 51//76
f 30//76 51//76 29//76
f 1312//149 1307//149 1313//149
f 1306//149 1313//149 1307//149
f 1314//1 1310//1 1309//1
f 29//3 51//3 31//3
f 1315//1 1316//1 1310//1
f 1312//150 1313//150 1317//150
f 31//8 174//8 35//8
f 922//1 1310//1 1316//1
f 1318//59 1319//59 1317//59
f 1316//1 1320//1 922//1
f 35//9 174//9 36//9
f 1320//1 1321//1 922//1
f 1319//60 1318//60 1252//60
f 1319//60 1252//60 1251//60
f 1321//1 1322//1 922//1
f 38//24 340//24 37//24
f 1322//1 1323//1 922//1
f 1324//201 1325//201 1326//201
f 1262//61 1253//61 1252//61
f 340//19 1327//19 37//19
f 1328//202 1329//202 1217//202
f 1330//203 1324//203 1326//203
f 1331//1 1310//1 1332//1
f 352//28 351//28 62//28
f 1333//1 1310//1 1331//1
f 1334//1 1310//1 1333//1
f 1335//1 1310//1 1334//1
f 1336//1 1337//1 1310//1
f 1338//155 1339//155 1340//155
f 1341//1 1310//1 1337//1
f 1342//1 1310//1 1341//1
f 1343//173 1344//173 1340//173
f 1344//204 1343//204 1345//204
f 1346//205 1347//205 1348//205
f 1311//1 1310//1 1342//1
f 1349//174 1345//174 1350//174
f 1351//206 1352//206 1353//206
f 1354//175 1355//175 1356//175
f 371//35 60//35 61//35
f 1352//207 1351//207 1357//207
f 1358//1 1310//1 1359//1
f 1360//208 1361//208 1356//208
f 60//78 371//78 1362//78
f 60//78 1362//78 59//78
f 1363//1 1310//1 1358//1
f 352//80 62//80 1362//80
f 59//80 1362//80 62//80
f 1361//18 1360//18 1364//18
f 1365//1 1310//1 1363//1
f 1366//1 1310//1 1365//1
f 1367//1 1310//1 1366//1
f 1368//1 1310//1 1367//1
f 1369//1 1359//1 1310//1
f 451//113 67//113 441//113
f 1332//1 1310//1 1368//1
f 1370//161 1371//161 1372//161
f 1370//165 1372//165 1373//165
f 456//56 73//56 69//56
f 1374//1 226//1 1290//1
f 73//57 456//57 76//57
f 1375//209 1376//209 1325//209
f 1377//1 226//1 1378//1
f 1376//201 1326//201 1325//201
f 1379//1 226//1 1377//1
f 1378//1 226//1 1374//1
f 1380//171 1381//171 1382//171
f 1383//1 226//1 1384//1
f 1385//172 1339//172 1382//172
f 1351//185 1279//185 1386//185
f 1387//210 1388//210 1389//210
f 1390//185 1279//185 1391//185
f 1392//1 228//1 227//1
f 227//1 226//1 1393//1
f 1338//173 1340//173 1344//173
f 1394//185 1395//185 1267//185
f 1259//185 1396//185 1394//185
f 1397//185 1279//185 1257//185
f 1391//185 1279//185 1397//185
f 1398//1 1399//1 1392//1
f 1350//204 1345//204 1343//204
f 1400//1 1401//1 1398//1
f 221//1 220//1 1402//1
f 1403//185 922//185 1404//185
f 1405//185 922//185 1406//185
f 1407//211 1408//211 1409//211
f 1354//208 1356//208 1361//208
f 1410//205 1411//205 1412//205
f 1407//212 1413//212 1408//212
f 1326//185 922//185 1414//185
f 1412//213 1411//213 1415//213
f 1416//1 1181//1 1417//1
f 1418//1 1181//1 1416//1
f 1386//185 1279//185 1390//185
f 1288//185 1279//185 1351//185
f 1419//185 922//185 1281//185
f 1281//185 1279//185 1278//185
f 1414//185 922//185 1419//185
f 1420//1 1181//1 1418//1
f 1182//1 1181//1 1420//1
f 1421//214 1422//214 1240//214
f 1370//165 1373//165 1423//165
f 1424//215 1422//215 1254//215
f 1425//185 922//185 1426//185
f 1427//125 1428//125 1373//125
f 1429//185 922//185 1411//185
f 1254//200 1256//200 1424//200
f 218//1 217//1 221//1
f 1181//1 1430//1 1431//1
f 1405//185 1404//185 922//185
f 1403//185 1432//185 922//185
f 1432//185 1411//185 922//185
f 1433//1 219//1 218//1
f 1256//85 1255//85 1434//85
f 1435//1 1181//1 1431//1
f 256//1 255//1 1433//1
f 1402//1 1436//1 1400//1
f 1437//1 1181//1 1438//1
f 1439//185 1440//185 922//185
f 1441//185 1439//185 922//185
f 297//1 296//1 1442//1
f 1443//185 1441//185 922//185
f 1444//183 369//183 1445//183
f 295//1 294//1 297//1
f 1446//185 1443//185 922//185
f 1388//216 1447//216 1389//216
f 1448//1 1449//1 1450//1
f 238//1 237//1 295//1
f 1442//1 257//1 256//1
f 1451//217 1452//217 1453//217
f 1454//185 1455//185 922//185
f 1455//185 1446//185 922//185
f 1456//1 1450//1 1449//1
f 1457//1 1458//1 1459//1
f 1460//185 1454//185 922//185
f 1453//202 1452//202 1461//202
f 1449//1 1431//1 1456//1
f 1462//1 1459//1 1458//1
f 1463//1 1456//1 1431//1
f 1458//1 1464//1 1462//1
f 1465//1 1466//1 1467//1
f 1468//1 1463//1 1431//1
f 1469//218 1470//218 1409//218
f 1471//1 1468//1 1431//1
f 1472//1 1467//1 1466//1
f 1178//185 1473//185 1176//185
f 1409//211 1408//211 1469//211
f 1474//1 1471//1 1431//1
f 1466//1 1475//1 1472//1
f 1413//212 1476//212 1408//212
f 1477//1 1474//1 1431//1
f 1476//206 1413//206 1478//206
f 1479//1 1480//1 1431//1
f 1481//1 1472//1 1475//1
f 1482//1 1481//1 1483//1
f 1484//219 1485//219 1486//219
f 1480//1 1477//1 1431//1
f 1487//1 1479//1 1431//1
f 1488//1 1487//1 1431//1
f 1430//1 1488//1 1431//1
f 1489//1 1181//1 1435//1
f 1489//1 1438//1 1181//1
f 1475//1 1483//1 1481//1
f 107//47 1490//47 1491//47
f 1492//209 1493//209 1494//209
f 1486//209 1494//209 1493//209
f 1495//1 1496//1 1483//1
f 1443//220 1497//220 1498//220
f 507//49 105//49 1491//49
f 1499//1 1500//1 1501//1
f 1496//1 1482//1 1483//1
f 1502//201 1503//201 1492//201
f 1493//201 1492//201 1503//201
f 1497//54 1443//54 1446//54
f 1497//54 1446//54 1504//54
f 1505//1 1501//1 1500//1
f 1483//1 1499//1 1495//1
f 1506//203 1503//203 1507//203
f 1502//203 1507//203 1503//203
f 1500//1 1508//1 1505//1
f 1504//221 1446//221 1509//221
f 1506//222 1507//222 1510//222
f 1511//1 1505//1 1508//1
f 510//52 1512//52 108//52
f 1513//1 1514//1 1515//1
f 1516//1 1514//1 1513//1
f 346//160 348//160 1517//160
f 1518//160 1517//160 348//160
f 1519//1 1514//1 1516//1
f 1520//1 1515//1 1514//1
f 1521//1 1514//1 1519//1
f 1522//192 350//192 1517//192
f 1523//223 1118//223 1115//223
f 1524//1 1525//1 1526//1
f 1527//1 1511//1 1528//1
f 1529//224 1115//224 1223//224
f 181//11 1530//11 182//11
f 361//181 1244//181 1531//181
f 1532//1 1511//1 1527//1
f 136//41 517//41 135//41
f 1218//217 1329//217 1223//217
f 1529//217 1223//217 1329//217
f 184//12 1533//12 181//12
f 1534//1 1514//1 1535//1
f 1535//1 1514//1 1536//1
f 1532//1 1537//1 1511//1
f 1538//42 436//42 135//42
f 1539//225 1540//225 1533//225
f 1539//225 1533//225 184//225
f 1218//202 1217//202 1329//202
f 1541//1 1514//1 1542//1
f 1540//226 1539//226 1543//226
f 191//226 1543//226 1539//226
f 1328//227 1217//227 1212//227
f 1544//1 1310//1 1545//1
f 190//13 1543//13 191//13
f 1546//1 1310//1 1544//1
f 1212//228 1547//228 1548//228
f 369//184 1444//184 1549//184
f 64//50 441//50 63//50
f 194//14 1550//14 190//14
f 1551//229 1347//229 1547//229
f 1548//229 1547//229 1347//229
f 63//113 441//113 67//113
f 1552//132 1553//132 1550//132
f 1552//132 1550//132 194//132
f 451//53 69//53 67//53
f 1551//205 1348//205 1347//205
f 1553//75 1552//75 1554//75
f 199//75 1554//75 1552//75
f 1555//1 1274//1 1556//1
f 1557//1 1310//1 1558//1
f 1559//1 1310//1 1560//1
f 198//15 1554//15 199//15
f 1346//213 1348//213 1561//213
f 1562//1 1274//1 1563//1
f 204//16 1564//16 198//16
f 1559//1 1558//1 1310//1
f 1561//230 1565//230 1566//230
f 380//153 1289//153 379//153
f 462//58 75//58 76//58
f 1567//231 494//231 1564//231
f 1567//231 1564//231 204//231
f 379//154 1289//154 1568//154
f 1569//232 1570//232 1565//232
f 1566//232 1565//232 1570//232
f 75//233 462//233 395//233
f 75//233 395//233 99//233
f 1567//66 495//66 494//66
f 99//36 395//36 98//36
f 1570//234 1569//234 1485//234
f 1570//234 1485//234 1484//234
f 1571//1 1274//1 1572//1
f 383//156 382//156 1573//156
f 1494//219 1486//219 1485//219
f 1574//1 1575//1 1511//1
f 1576//1 1577//1 1511//1
f 384//235 383//235 1578//235
f 1573//235 1578//235 383//235
f 1579//1 1274//1 1580//1
f 1571//1 1580//1 1274//1
f 1581//1 1574//1 1511//1
f 384//142 1578//142 1582//142
f 1583//1 1584//1 1511//1
f 1585//1 1274//1 1579//1
f 487//46 1490//46 231//46
f 1586//1 1274//1 1585//1
f 348//158 1582//158 1518//158
f 487//47 1491//47 1490//47
f 1584//1 1587//1 1511//1
f 1310//1 1511//1 1587//1
f 1545//1 1310//1 1587//1
f 1588//1 1274//1 1586//1
f 1589//1 1274//1 1588//1
f 318//180 1590//180 1591//180
f 107//49 1491//49 105//49
f 1592//1 1274//1 1589//1
f 1593//1 1511//1 1594//1
f 1537//1 1594//1 1511//1
f 507//51 108//51 105//51
f 1595//1 1274//1 1592//1
f 1596//1 1511//1 1593//1
f 1597//1 1511//1 1596//1
f 1598//1 1511//1 1597//1
f 510//55 1599//55 1512//55
f 1512//55 1599//55 112//55
f 1600//1 1511//1 1598//1
f 374//187 375//187 1601//187
f 322//236 321//236 1602//236
f 516//38 113//38 1599//38
f 112//38 1599//38 113//38
f 113//39 516//39 115//39
f 1603//188 374//188 1601//188
f 1604//1 1511//1 1605//1
f 517//40 136//40 115//40
f 1606//1 1511//1 1607//1
f 1538//41 135//41 517//41
f 1511//1 1606//1 1608//1
f 1609//1 1610//1 1511//1
f 1610//1 1576//1 1511//1
f 1577//1 1581//1 1511//1
f 1575//1 1583//1 1511//1
f 1095//185 1176//185 1473//185
f 1611//1 1612//1 1613//1
f 1473//185 1614//185 1095//185
f 1612//1 1615//1 1613//1
f 702//112 1616//112 700//112
f 1615//1 1617//1 1613//1
f 1614//185 453//185 1096//185
f 453//185 1618//185 1619//185
f 1620//1 1621//1 1613//1
f 539//72 142//72 23//72
f 1622//185 1623//185 1624//185
f 197//185 1310//185 204//185
f 1624//185 1625//185 1622//185
f 501//68 1626//68 493//68
f 1627//15 1628//15 1629//15
f 143//79 142//79 539//79
f 503//69 1626//69 501//69
f 622//81 24//81 143//81
f 1567//185 204//185 1310//185
f 24//118 622//118 624//118
f 24//118 624//118 25//118
f 1630//1 238//1 1621//1
f 1567//185 1310//185 495//185
f 1155//1 1158//1 1631//1
f 623//82 25//82 624//82
f 774//77 831//77 1632//77
f 648//90 1633//90 645//90
f 501//185 495//185 1310//185
f 1634//68 1635//68 1636//68
f 1149//1 1152//1 1637//1
f 1637//1 1638//1 1149//1
f 1030//1 1155//1 1639//1
f 1640//1 764//1 1641//1
f 1631//1 1639//1 1155//1
f 502//185 501//185 1310//185
f 628//84 1642//84 626//84
f 1633//92 648//92 650//92
f 508//185 502//185 1310//185
f 651//94 654//94 650//94
f 1642//122 628//122 1643//122
f 298//21 299//21 301//21
f 646//185 508//185 1310//185
f 656//96 662//96 654//96
f 300//22 305//22 301//22
f 1644//122 1642//122 1643//122
f 648//185 646//185 1310//185
f 651//185 648//185 1310//185
f 1638//1 1645//1 1144//1
f 656//98 663//98 662//98
f 1644//123 1643//123 1646//123
f 642//123 1646//123 1643//123
f 653//185 651//185 1310//185
f 656//185 653//185 1310//185
f 764//1 1144//1 1645//1
f 1647//88 1648//88 1649//88
f 663//185 656//185 1310//185
f 307//237 343//237 308//237
f 153//86 1646//86 642//86
f 1650//1 764//1 1645//1
f 661//101 663//101 674//101
f 1651//1 764//1 1650//1
f 343//237 1652//237 308//237
f 647//89 154//89 151//89
f 674//103 673//103 679//103
f 1144//1 1149//1 1638//1
f 342//25 1652//25 343//25
f 682//105 1653//105 679//105
f 156//91 154//91 647//91
f 1641//1 764//1 1651//1
f 686//6 1653//6 682//6
f 652//93 158//93 156//93
f 349//27 1654//27 344//27
f 159//95 158//95 652//95
f 1654//29 349//29 354//29
f 657//97 165//97 159//97
f 1655//1 764//1 1656//1
f 1657//1 764//1 1655//1
f 353//30 359//30 354//30
f 702//143 838//143 1616//143
f 1658//1 764//1 1657//1
f 366//32 1659//32 362//32
f 1660//143 1616//143 838//143
f 681//104 172//104 170//104
f 1659//238 366//238 1661//238
f 1632//238 1661//238 366//238
f 1660//117 838//117 837//117
f 173//106 172//106 681//106
f 1632//77 831//77 1661//77
f 1662//239 316//239 1663//239
f 687//107 175//107 173//107
f 1664//240 1665//240 836//240
f 1666//1 764//1 1667//1
f 1668//1 1274//1 1595//1
f 176//109 175//109 687//109
f 316//241 1662//241 1590//241
f 663//185 1310//185 673//185
f 701//111 177//111 176//111
f 701//126 183//126 177//126
f 1669//1 1274//1 1668//1
f 318//242 1591//242 1670//242
f 1671//178 375//178 1672//178
f 685//185 1310//185 689//185
f 1673//243 320//243 1670//243
f 1671//187 1601//187 375//187
f 689//185 1310//185 699//185
f 1674//1 1274//1 1675//1
f 578//3 580//3 1676//3
f 320//244 1673//244 321//244
f 1677//244 321//244 1673//244
f 1678//1 1274//1 1674//1
f 699//185 1310//185 702//185
f 1679//1 1274//1 1678//1
f 1669//1 1675//1 1274//1
f 1676//8 580//8 583//8
f 1677//236 1602//236 321//236
f 895//129 520//129 403//129
f 322//11 1602//11 1680//11
f 587//10 589//10 1681//10
f 1682//1 1683//1 1274//1
f 1274//1 1679//1 1684//1
f 558//130 520//130 895//130
f 1685//12 324//12 1680//12
f 702//185 1310//185 838//185
f 1514//1 1274//1 1683//1
f 1684//1 1686//1 1274//1
f 386//24 290//24 589//24
f 1681//24 589//24 290//24
f 836//185 838//185 1310//185
f 905//131 819//131 558//131
f 1687//1 1514//1 1683//1
f 324//225 1685//225 325//225
f 1688//225 325//225 1685//225
f 400//191 1689//191 1690//191
f 576//133 819//133 905//133
f 1691//185 1664//185 1310//185
f 1692//226 1693//226 325//226
f 1692//226 325//226 1688//226
f 400//245 1690//245 405//245
f 1694//245 405//245 1690//245
f 1691//185 1310//185 853//185
f 1695//28 621//28 391//28
f 620//28 391//28 621//28
f 916//134 563//134 576//134
f 853//185 1310//185 851//185
f 851//185 1310//185 856//185
f 1696//13 1697//13 1692//13
f 1695//4 391//4 390//4
f 405//246 1694//246 1698//246
f 564//135 563//135 916//135
f 856//185 1310//185 720//185
f 928//136 597//136 564//136
f 720//185 1310//185 724//185
f 724//185 1310//185 723//185
f 1699//1 1514//1 1700//1
f 936//195 1701//195 928//195
f 1697//14 1696//14 1702//14
f 1703//14 1702//14 1696//14
f 1704//1 1514//1 1699//1
f 1705//241 407//241 1706//241
f 1707//1 1514//1 1708//1
f 597//195 928//195 1701//195
f 1709//132 1710//132 1702//132
f 1709//132 1702//132 1703//132
f 407//180 1705//180 1711//180
f 935//137 1701//137 936//137
f 868//185 723//185 1310//185
f 1712//185 868//185 1310//185
f 1710//75 1709//75 1628//75
f 408//242 1711//242 1713//242
f 941//138 944//138 935//138
f 613//35 615//35 617//35
f 1714//1 1514//1 1707//1
f 408//243 1713//243 1715//243
f 944//139 945//139 821//139
f 615//78 618//78 617//78
f 1716//1 1514//1 1717//1
f 1627//16 1629//16 1718//16
f 1719//196 187//196 821//196
f 1719//196 821//196 945//196
f 616//80 618//80 621//80
f 1720//1 1721//1 1722//1
f 1723//1 1720//1 1722//1
f 1724//1 1514//1 1716//1
f 187//197 1719//197 188//197
f 953//197 188//197 1719//197
f 1725//231 1726//231 1718//231
f 1727//1 1514//1 1724//1
f 1721//1 1728//1 1722//1
f 192//140 188//140 953//140
f 1729//1 1514//1 1727//1
f 1726//66 1725//66 1635//66
f 1730//66 1635//66 1725//66
f 1731//1 1514//1 1729//1
f 1730//68 1636//68 1635//68
f 1732//1 1514//1 1731//1
f 1733//1 1722//1 1728//1
f 710//113 713//113 1734//113
f 1735//1 1514//1 1732//1
f 1634//69 1636//69 1736//69
f 1737//1 1611//1 1738//1
f 1739//1 1514//1 1735//1
f 1734//53 713//53 629//53
f 1613//1 1738//1 1611//1
f 255//61 257//61 1740//61
f 1741//1 1514//1 1739//1
f 1536//1 1514//1 1741//1
f 1542//1 1514//1 1534//1
f 1648//70 1742//70 1736//70
f 1743//70 1648//70 1736//70
f 1744//62 219//62 1740//62
f 255//62 1740//62 219//62
f 1745//63 217//63 1744//63
f 219//63 1744//63 217//63
f 1743//88 1649//88 1648//88
f 635//58 634//58 1746//58
f 1747//1 1514//1 1748//1
f 217//64 1745//64 1749//64
f 217//64 1749//64 220//64
f 1750//1 1751//1 1722//1
f 1647//90 1649//90 1752//90
f 1753//1 1514//1 1747//1
f 1751//1 1754//1 1722//1
f 1755//1 1514//1 1753//1
f 1714//1 1748//1 1514//1
f 1756//65 1436//65 1749//65
f 220//65 1749//65 1436//65
f 1757//92 1758//92 1752//92
f 1759//1 1760//1 1722//1
f 1761//1 1514//1 1755//1
f 1436//67 1756//67 1762//67
f 1436//67 1762//67 1401//67
f 1758//94 1757//94 1763//94
f 1764//1 1514//1 1761//1
f 970//152 1399//152 1762//152
f 1401//152 1762//152 1399//152
f 1765//1 1750//1 1722//1
f 1766//1 1514//1 1764//1
f 1760//1 1767//1 1722//1
f 1399//43 970//43 228//43
f 731//33 607//33 609//33
f 1768//1 1769//1 1722//1
f 1770//98 1771//98 1772//98
f 228//44 481//44 226//44
f 1773//101 1771//101 1770//101
f 1717//1 1514//1 1774//1
f 1775//1 1514//1 1766//1
f 1776//103 1777//103 1778//103
f 1779//1 1514//1 1687//1
f 1779//1 1700//1 1514//1
f 1780//1 1514//1 1704//1
f 1780//1 1708//1 1514//1
f 1686//1 1682//1 1274//1
f 1781//1 1782//1 1783//1
f 293//164 1117//164 980//164
f 293//164 980//164 241//164
f 1784//1 1783//1 1782//1
f 241//145 980//145 240//145
f 1782//1 1785//1 1784//1
f 1775//1 1774//1 1514//1
f 1514//1 1541//1 1786//1
f 1514//1 1786//1 1787//1
f 1514//1 1787//1 1788//1
f 1514//1 1788//1 1789//1
f 1790//1 1514//1 1791//1
f 1520//1 1514//1 1790//1
f 1789//1 1791//1 1514//1
f 240//147 985//147 245//147
f 1464//1 1784//1 1785//1
f 245//148 985//148 239//148
f 1785//1 1462//1 1464//1
f 1459//1 1792//1 1457//1
f 1793//1 1794//1 1795//1
f 1792//1 1765//1 1722//1
f 1796//1 1794//1 1793//1
f 294//59 993//59 296//59
f 1797//1 1794//1 1796//1
f 1798//38 1799//38 545//38
f 1062//198 1800//198 1801//198
f 1802//1 1794//1 1797//1
f 296//60 997//60 257//60
f 1722//1 1457//1 1792//1
f 1767//1 1768//1 1722//1
f 1769//1 1803//1 1722//1
f 1783//1 1465//1 1781//1
f 544//39 1798//39 545//39
f 1804//1 1794//1 1802//1
f 257//61 997//61 1740//61
f 1805//1 1794//1 1804//1
f 549//40 1806//40 544//40
f 1807//146 1065//146 1808//146
f 548//41 1806//41 549//41
f 1809//1 1794//1 1805//1
f 767//42 1810//42 548//42
f 1811//1 1794//1 1809//1
f 1812//1 1511//1 1813//1
f 1712//247 1814//247 868//247
f 1815//1 1511//1 1812//1
f 1816//1 1794//1 1817//1
f 1818//1 1511//1 1815//1
f 1819//248 1814//248 1820//248
f 1821//1 1794//1 1816//1
f 1501//1 1495//1 1499//1
f 1822//1 1511//1 1823//1
f 1824//1 1794//1 1821//1
f 1825//249 1819//249 1826//249
f 1820//249 1826//249 1819//249
f 1827//1 1794//1 1824//1
f 1828//157 1825//157 1829//157
f 1826//157 1829//157 1825//157
f 1505//1 1511//1 1818//1
f 1813//1 1511//1 1822//1
f 1830//1 1794//1 1827//1
f 1817//1 1794//1 1811//1
f 629//53 1831//53 1734//53
f 1832//1 1794//1 1830//1
f 1833//176 1834//176 1829//176
f 1831//56 629//56 631//56
f 1835//1 1794//1 1832//1
f 1836//1 1511//1 1837//1
f 1838//1 1794//1 1835//1
f 1839//128 892//128 894//128
f 635//58 1746//58 1840//58
f 1841//1 1842//1 1511//1
f 1843//1 1794//1 1838//1
f 1844//1 1794//1 1843//1
f 1845//18 292//18 1846//18
f 1842//1 1847//1 1511//1
f 1848//1 1511//1 1836//1
f 513//233 1849//233 1746//233
f 1840//233 1746//233 1849//233
f 1847//1 1850//1 1511//1
f 285//189 292//189 1075//189
f 1849//36 513//36 512//36
f 1845//189 1075//189 292//189
f 837//240 836//240 1665//240
f 1820//185 1712//185 1310//185
f 284//159 285//159 1075//159
f 1826//185 1820//185 1310//185
f 1829//185 1826//185 1310//185
f 1691//166 1851//166 1665//166
f 1664//166 1691//166 1665//166
f 1852//1 132//1 1853//1
f 1854//1 132//1 1855//1
f 1851//169 1691//169 1856//169
f 853//169 1856//169 1691//169
f 1857//1 132//1 1852//1
f 1833//185 1829//185 1310//185
f 893//185 1833//185 922//185
f 894//185 893//185 922//185
f 894//185 922//185 1440//185
f 852//119 1856//119 853//119
f 737//47 738//47 742//47
f 1795//1 132//1 1857//1
f 856//120 1858//120 852//120
f 1664//185 836//185 1310//185
f 1310//185 685//185 682//185
f 680//185 1310//185 682//185
f 673//185 1310//185 680//185
f 742//49 741//49 745//49
f 856//121 719//121 1858//121
f 196//170 1044//170 200//170
f 745//51 676//51 1859//51
f 1326//185 1376//185 922//185
f 1376//185 1406//185 922//185
f 1429//185 1426//185 922//185
f 922//185 1425//185 1860//185
f 922//185 1860//185 1452//185
f 922//185 1452//185 1861//185
f 922//185 1861//185 1862//185
f 1862//185 1460//185 922//185
f 922//185 1833//185 1310//185
f 200//171 1044//171 208//171
f 1859//52 676//52 678//52
f 1050//172 822//172 1047//172
f 1863//1 132//1 1864//1
f 683//55 1799//55 678//55
f 1865//185 2//185 1866//185
f 1867//1 132//1 1868//1
f 1868//1 132//1 1863//1
f 683//38 545//38 1799//38
f 1051//173 261//173 214//173
f 869//247 868//247 1814//247
f 1869//1 132//1 1870//1
f 1053//204 262//204 261//204
f 1053//204 261//204 1051//204
f 1871//185 1872//185 1873//185
f 1712//248 1820//248 1814//248
f 1874//1 132//1 1869//1
f 262//174 1053//174 265//174
f 1054//175 267//175 265//175
f 1875//1 132//1 1876//1
f 1846//208 823//208 267//208
f 1846//208 267//208 1054//208
f 1877//1 1878//1 1511//1
f 1828//176 1829//176 1834//176
f 1879//1 132//1 1875//1
f 767//48 478//48 1810//48
f 292//18 823//18 1846//18
f 1880//1 132//1 1879//1
f 893//177 892//177 1833//177
f 1834//177 1833//177 892//177
f 1881//1 764//1 1882//1
f 1883//1 132//1 1880//1
f 1884//1 764//1 1881//1
f 1885//1 132//1 1883//1
f 1886//1 764//1 1884//1
f 1887//1 132//1 1885//1
f 1032//161 286//161 284//161
f 1888//218 1889//218 976//218
f 1890//1 132//1 1891//1
f 840//79 1892//79 834//79
f 1866//235 1893//235 1865//235
f 286//165 1032//165 287//165
f 842//81 1892//81 840//81
f 1894//1 764//1 1895//1
f 1896//1 132//1 1890//1
f 1897//1 132//1 1896//1
f 1864//1 132//1 1897//1
f 1870//1 132//1 1867//1
f 1898//1 764//1 1899//1
f 288//163 879//163 293//163
f 1898//1 1900//1 764//1
f 1901//160 1902//160 1873//160
f 1903//1 1904//1 1905//1
f 1906//1 132//1 1903//1
f 1907//1 764//1 1908//1
f 1900//1 1908//1 764//1
f 858//122 857//122 863//122
f 1909//1 764//1 1907//1
f 1910//1 132//1 1906//1
f 1911//1 764//1 1909//1
f 1912//1 132//1 1910//1
f 1913//1 764//1 1911//1
f 1914//1 132//1 1912//1
f 865//123 1915//123 863//123
f 1916//1 764//1 1913//1
f 1917//1 1905//1 1904//1
f 1918//1 764//1 1916//1
f 867//86 1915//86 865//86
f 132//1 1919//1 1920//1
f 1921//1 764//1 1918//1
f 1876//1 132//1 1920//1
f 1919//1 132//1 1914//1
f 876//91 1922//91 799//91
f 1921//1 1923//1 764//1
f 882//93 1922//93 876//93
f 1924//1 764//1 1923//1
f 1925//1 1794//1 1844//1
f 1926//1 764//1 1924//1
f 1927//1 1794//1 1928//1
f 1929//1 764//1 1930//1
f 1928//1 1794//1 1925//1
f 1931//1 1794//1 1927//1
f 889//100 888//100 897//100
f 1932//1 1933//1 764//1
f 1926//1 1930//1 764//1
f 1934//1 1794//1 1935//1
f 1933//1 1936//1 764//1
f 1937//1 764//1 1929//1
f 898//102 1938//102 897//102
f 1936//1 1939//1 764//1
f 903//104 1938//104 898//104
f 1511//1 764//1 1939//1
f 1940//1 1794//1 1941//1
f 915//109 1942//109 824//109
f 1943//1 1511//1 1944//1
f 1945//1 1794//1 1946//1
f 919//111 1942//111 915//111
f 1947//1 1794//1 1945//1
f 919//126 918//126 1163//126
f 1948//1 1511//1 1943//1
f 1949//1 1794//1 1947//1
f 1794//1 1940//1 1950//1
f 1951//1 1794//1 1949//1
f 1952//1 1511//1 1953//1
f 1954//1 1511//1 1955//1
f 1956//1 1794//1 1951//1
f 1901//192 1957//192 1902//192
f 1165//127 1958//127 1163//127
f 1167//129 1958//129 1165//129
f 1959//194 1960//194 1961//194
f 518//8 1962//8 1963//8
f 1959//181 1961//181 1964//181
f 1965//1 1181//1 1966//1
f 1967//1 1181//1 1965//1
f 1179//133 1968//133 938//133
f 1969//1 1511//1 1970//1
f 1971//1 1181//1 1967//1
f 1972//1 1511//1 1969//1
f 1184//134 1968//134 1179//134
f 1973//1 1181//1 1971//1
f 1974//1 1511//1 1972//1
f 1975//1 1181//1 1973//1
f 1976//1 1511//1 1974//1
f 1977//1 1181//1 1975//1
f 1970//1 1511//1 1978//1
f 1430//1 1181//1 1977//1
f 1979//1 1511//1 1980//1
f 1980//1 1511//1 1976//1
f 1194//195 1981//195 1191//195
f 1450//1 1982//1 1448//1
f 1794//1 1956//1 1983//1
f 1837//1 1511//1 1979//1
f 1200//137 1981//137 1194//137
f 1984//1 1511//1 1985//1
f 1206//138 1208//138 1200//138
f 1982//1 1986//1 1987//1
f 1987//1 1448//1 1982//1
f 1988//1 1989//1 1990//1
f 1983//1 1966//1 1181//1
f 1206//139 1209//139 1208//139
f 270//1 1511//1 1991//1
f 1952//1 1985//1 1511//1
f 1992//1 1990//1 1989//1
f 1993//1 1511//1 270//1
f 1994//250 1995//250 1996//250
f 1997//1 1511//1 1993//1
f 1526//1 1992//1 1524//1
f 1998//1 1987//1 1986//1
f 1999//1 1511//1 1997//1
f 547//77 2000//77 2001//77
f 2002//1 1526//1 1525//1
f 2003//1 1511//1 1999//1
f 1511//1 1984//1 2004//1
f 1525//1 2005//1 2002//1
f 1989//1 1524//1 1992//1
f 2006//1 2002//1 2005//1
f 1511//1 2003//1 2007//1
f 1978//1 1511//1 2007//1
f 2005//1 2008//1 2006//1
f 1062//162 1801//162 2009//162
f 1944//1 1511//1 1939//1
f 1955//1 1511//1 1948//1
f 1953//1 1511//1 2010//1
f 2010//1 1511//1 1954//1
f 2004//1 1991//1 1511//1
f 1937//1 1932//1 764//1
f 1866//235 2011//235 1893//235
f 1807//251 2012//251 1065//251
f 2013//142 2011//142 1871//142
f 1270//65 1272//65 2014//65
f 1803//1 1723//1 1722//1
f 1728//1 1737//1 1733//1
f 1738//1 1733//1 1737//1
f 1617//1 1620//1 1613//1
f 238//1 1613//1 1621//1
f 2015//1 1631//1 1158//1
f 2016//1 1759//1 1722//1
f 1754//1 2016//1 1722//1
f 1511//1 1508//1 2017//1
f 1511//1 2017//1 2018//1
f 1511//1 2018//1 2019//1
f 1511//1 2019//1 2020//1
f 2020//1 1528//1 1511//1
f 1605//1 1511//1 1600//1
f 1607//1 1511//1 1604//1
f 1871//158 1873//158 2013//158
f 2014//67 1272//67 1277//67
f 387//22 2021//22 2022//22
f 2023//1 2024//1 2025//1
f 1957//185 1901//185 1872//185
f 1873//185 1872//185 1901//185
f 1283//43 1286//43 2026//43
f 2027//23 387//23 2022//23
f 986//44 735//44 1286//44
f 2026//44 1286//44 735//44
f 2028//237 389//237 2027//237
f 1957//192 2029//192 1902//192
f 433//210 2030//210 2031//210
f 1961//185 1960//185 1872//185
f 1960//185 1957//185 1872//185
f 389//25 2028//25 2032//25
f 433//216 2031//216 1800//216
f 1964//185 1961//185 1872//185
f 2033//1 1904//1 2034//1
f 2035//185 1964//185 1872//185
f 2036//1 1904//1 2033//1
f 2037//185 2035//185 1872//185
f 2038//185 2037//185 1872//185
f 2039//185 2040//185 1872//185
f 1294//145 1302//145 2041//145
f 1872//185 2042//185 2039//185
f 2041//147 1302//147 1304//147
f 2038//183 2043//183 2037//183
f 2044//74 519//74 2045//74
f 2046//185 2042//185 1872//185
f 1904//1 2047//1 2048//1
f 2049//185 2046//185 1872//185
f 2050//185 2049//185 1872//185
f 2040//184 2051//184 2038//184
f 2052//185 2050//185 1872//185
f 2053//185 2052//185 1872//185
f 519//76 2044//76 2054//76
f 519//76 2054//76 401//76
f 1917//1 1904//1 2048//1
f 2055//186 2051//186 2039//186
f 401//3 2054//3 1962//3
f 2056//252 2055//252 2042//252
f 1312//150 1317//150 2057//150
f 2057//59 1317//59 1319//59
f 2058//1 1904//1 2059//1
f 2060//185 2//185 2061//185
f 2062//1 1904//1 2058//1
f 518//9 1963//9 2063//9
f 2064//185 2061//185 2//185
f 2046//178 2056//178 2042//178
f 2065//185 2064//185 2//185
f 2066//185 2//185 2067//185
f 2063//10 2068//10 524//10
f 2069//1 2059//1 1514//1
f 2070//185 2//185 1865//185
f 1871//185 1866//185 1872//185
f 2067//185 2//185 2070//185
f 2071//1 1904//1 2072//1
f 524//24 2068//24 2073//24
f 2074//1 1904//1 2062//1
f 2075//185 2076//185 2//185
f 2077//1 1904//1 2071//1
f 2078//185 2079//185 2//185
f 2080//1 1904//1 2081//1
f 2082//26 397//26 2032//26
f 2083//185 2084//185 2//185
f 2085//185 2083//185 2//185
f 2086//191 2053//191 2087//191
f 530//27 2082//27 2088//27
f 2089//1 1514//1 2025//1
f 1848//1 1841//1 1511//1
f 1850//1 2090//1 1511//1
f 2090//1 1877//1 1511//1
f 2091//1 1823//1 1511//1
f 1878//1 2091//1 1511//1
f 1467//1 1781//1 1465//1
f 1608//1 1609//1 1511//1
f 2092//1 1310//1 1546//1
f 2092//1 1560//1 1310//1
f 1557//1 2093//1 1310//1
f 2093//1 1369//1 1310//1
f 2087//245 2094//245 2095//245
f 530//29 2088//29 533//29
f 2096//29 533//29 2088//29
f 2097//185 2098//185 2//185
f 2096//30 2099//30 533//30
f 536//30 533//30 2099//30
f 2100//1 1514//1 2101//1
f 2102//185 2097//185 2//185
f 2103//1 1514//1 2100//1
f 1514//1 1521//1 2025//1
f 2104//185 2102//185 2//185
f 2105//31 538//31 536//31
f 2105//31 536//31 2099//31
f 2106//1 1514//1 2103//1
f 935//1 944//1 2107//1
f 538//32 2105//32 540//32
f 2108//32 540//32 2105//32
f 2109//1 1514//1 2106//1
f 2110//185 2111//185 2//185
f 2112//1 1514//1 2109//1
f 1521//1 2113//1 2025//1
f 540//238 2108//238 2000//238
f 2114//1 2115//1 1514//1
f 2116//185 2117//185 2//185
f 1514//1 2089//1 2118//1
f 2119//1 599//1 1701//1
f 1964//181 2120//181 1959//181
f 2084//185 2078//185 2//185
f 2079//185 2121//185 2//185
f 2121//185 2122//185 2//185
f 2122//185 2116//185 2//185
f 1701//1 935//1 2119//1
f 976//211 2123//211 1061//211
f 1964//17 2035//17 2120//17
f 2001//71 303//71 547//71
f 2069//1 1514//1 2115//1
f 2112//1 2114//1 1514//1
f 2072//1 1904//1 2074//1
f 2081//1 1904//1 2077//1
f 597//1 1701//1 599//1
f 2107//1 2119//1 935//1
f 1061//212 2123//212 2124//212
f 2125//182 2126//182 2037//182
f 2127//185 2128//185 27//185
f 2129//185 27//185 2128//185
f 415//1 238//1 413//1
f 958//206 2124//206 2130//206
f 2043//183 2125//183 2037//183
f 1242//170 1381//170 1231//170
f 418//1 238//1 415//1
f 957//207 958//207 2131//207
f 2130//207 2131//207 958//207
f 2043//184 2038//184 2051//184
f 420//1 238//1 418//1
f 2132//185 2133//185 27//185
f 1242//171 1382//171 1381//171
f 266//1 238//1 420//1
f 2040//186 2039//186 2051//186
f 968//199 957//199 2134//199
f 2131//199 2134//199 957//199
f 2135//185 2136//185 27//185
f 2136//185 2132//185 27//185
f 1380//172 1382//172 1339//172
f 968//214 2134//214 490//214
f 2137//214 490//214 2134//214
f 2039//252 2042//252 2055//252
f 1385//155 1340//155 1339//155
f 2137//215 2138//215 490//215
f 2111//185 2104//185 2//185
f 2098//185 2139//185 2//185
f 27//185 2//185 2139//185
f 2139//185 2140//185 27//185
f 2046//178 2141//178 2056//178
f 933//200 491//200 2142//200
f 2141//187 2046//187 2143//187
f 2049//187 2143//187 2046//187
f 2144//85 500//85 2142//85
f 2145//185 27//185 2146//185
f 1349//174 1355//174 1345//174
f 2143//188 2049//188 2050//188
f 1349//175 1356//175 1355//175
f 2086//190 2147//190 2053//190
f 2148//185 27//185 2149//185
f 1364//18 2150//18 1361//18
f 2151//185 27//185 2152//185
f 2094//191 2087//191 2053//191
f 2133//185 2127//185 27//185
f 2153//189 2154//189 1364//189
f 2095//185 1872//185 2155//185
f 2156//219 482//219 2157//219
f 2158//159 2153//159 1371//159
f 2159//1 2006//1 2008//1
f 2008//1 2160//1 2159//1
f 2024//1 2159//1 2160//1
f 2160//1 2025//1 2024//1
f 2161//1 2023//1 2025//1
f 2113//1 2161//1 2025//1
f 2118//1 2101//1 1514//1
f 1990//1 1998//1 1988//1
f 1986//1 1988//1 1998//1
f 1181//1 1437//1 2162//1
f 1181//1 2162//1 2163//1
f 1181//1 2163//1 2164//1
f 1181//1 2164//1 2165//1
f 1181//1 2165//1 2166//1
f 2166//1 1417//1 1181//1
f 1202//1 1198//1 1197//1
f 2155//185 1872//185 2167//185
f 2168//209 485//209 2156//209
f 482//209 2156//209 485//209
f 2169//146 2075//146 2170//146
f 2171//185 1872//185 2172//185
f 983//201 485//201 2173//201
f 2168//201 2173//201 485//201
f 2034//1 1904//1 2080//1
f 2174//1 1904//1 2036//1
f 2175//1 1904//1 2174//1
f 2047//1 1904//1 2176//1
f 2176//1 1904//1 2175//1
f 1904//1 1903//1 132//1
f 1514//1 2059//1 1904//1
f 2177//251 2169//251 2060//251
f 2178//185 1872//185 2179//185
f 983//203 2173//203 2180//203
f 2181//1 1514//1 1904//1
f 1423//125 1373//125 1428//125
f 2182//185 1872//185 2183//185
f 2184//222 966//222 2180//222
f 1428//163 1427//163 1295//163
f 1872//185 1492//185 2183//185
f 1887//1 1891//1 132//1
f 2185//1 132//1 1874//1
f 2186//1 132//1 2185//1
f 2186//1 1855//1 132//1
f 2187//1 132//1 1854//1
f 2187//1 1853//1 132//1
f 2188//253 964//253 2184//253
f 966//253 2184//253 964//253
f 298//1 377//1 289//1
f 964//99 2188//99 1888//99
f 301//1 377//1 298//1
f 304//1 308//1 377//1
f 1492//185 1494//185 2189//185
f 596//28 599//28 2190//28
f 2191//28 2190//28 599//28
f 1494//185 1485//185 2192//185
f 2192//185 2189//185 1494//185
f 1893//156 2070//156 1865//156
f 2123//211 976//211 1889//211
f 2193//185 2192//185 1485//185
f 596//4 2190//4 2194//4
f 596//4 2194//4 565//4
f 1652//1 377//1 308//1
f 301//1 304//1 377//1
f 1485//185 1569//185 2193//185
f 1569//185 1565//185 2195//185
f 2196//5 577//5 2194//5
f 565//5 2194//5 577//5
f 344//1 377//1 342//1
f 1561//185 1348//185 2197//185
f 193//37 2198//37 185//37
f 1565//185 1561//185 2199//185
f 358//1 377//1 354//1
f 2200//33 186//33 2201//33
f 362//1 377//1 358//1
f 1654//1 377//1 344//1
f 186//34 2200//34 2202//34
f 186//34 2202//34 820//34
f 1659//1 2203//1 362//1
f 1652//1 342//1 377//1
f 1661//1 2203//1 1659//1
f 2107//35 820//35 2204//35
f 2202//35 2204//35 820//35
f 1654//1 354//1 377//1
f 773//1 834//1 2203//1
f 2107//78 2204//78 2205//78
f 1348//185 1551//185 2206//185
f 2207//185 1124//185 2208//185
f 1113//185 1124//185 2207//185
f 2170//251 2060//251 2169//251
f 599//80 2205//80 2191//80
f 1123//185 1122//185 2209//185
f 2208//185 1124//185 1123//185
f 263//50 1049//50 2210//50
f 2209//185 1205//185 2211//185
f 578//1 377//1 571//1
f 2212//168 2213//168 2064//168
f 2211//185 1205//185 1204//185
f 668//254 2214//254 2215//254
f 1676//1 377//1 578//1
f 1204//185 1246//185 1248//185
f 583//1 377//1 1676//1
f 2216//255 672//255 2215//255
f 1248//185 1247//185 2217//185
f 587//1 377//1 583//1
f 1681//1 377//1 587//1
f 2150//189 1364//189 2154//189
f 290//1 289//1 377//1
f 567//1 571//1 377//1
f 1395//185 1394//185 1396//185
f 2154//159 2153//159 2158//159
f 1681//1 290//1 377//1
f 1371//161 1370//161 2158//161
f 2218//58 201//58 2219//58
f 1258//185 1257//185 1279//185
f 390//1 377//1 1695//1
f 2220//256 2221//256 1995//256
f 2222//198 2223//198 2224//198
f 201//233 2218//233 2225//233
f 560//1 377//1 390//1
f 2222//162 2224//162 2076//162
f 193//36 195//36 2198//36
f 561//1 377//1 560//1
f 1427//163 1297//163 1295//163
f 2226//185 922//185 2227//185
f 2201//37 185//37 2198//37
f 613//1 377//1 609//1
f 2228//185 2227//185 27//185
f 617//1 377//1 613//1
f 2229//185 2228//185 27//185
f 616//1 377//1 617//1
f 2230//85 2231//85 2078//85
f 2232//185 2233//185 27//185
f 710//1 132//1 478//1
f 2234//185 2235//185 27//185
f 534//202 2236//202 2237//202
f 2085//210 2238//210 2083//210
f 1734//1 132//1 710//1
f 1831//1 132//1 1734//1
f 541//227 534//227 2239//227
f 2237//227 2239//227 534//227
f 2238//216 2085//216 2223//216
f 631//1 132//1 1831//1
f 635//1 1840//1 132//1
f 2240//185 922//185 2241//185
f 1840//1 1849//1 132//1
f 2097//99 2102//99 2242//99
f 2241//185 922//185 2243//185
f 2104//218 2244//218 2102//218
f 521//205 58//205 2245//205
f 2246//185 922//185 2247//185
f 521//213 2245//213 2248//213
f 2247//185 922//185 2249//185
f 609//1 377//1 731//1
f 1849//1 512//1 132//1
f 2110//206 2250//206 2251//206
f 2252//185 922//185 2253//185
f 2249//185 922//185 2252//185
f 2253//185 922//185 2254//185
f 2255//207 2251//207 2117//207
f 2250//207 2117//207 2251//207
f 737//1 1794//1 734//1
f 2254//185 922//185 2256//185
f 2257//256 1120//256 1119//256
f 2255//199 2117//199 2116//199
f 2258//185 922//185 2259//185
f 1118//250 1523//250 1119//250
f 2235//185 2232//185 27//185
f 2233//185 2229//185 27//185
f 2260//185 922//185 2226//185
f 2259//185 922//185 2260//185
f 2261//169 2262//169 2263//169
f 666//220 672//220 2264//220
f 742//1 1794//1 737//1
f 2265//185 2266//185 922//185
f 1799//1 132//1 678//1
f 2267//54 704//54 2264//54
f 666//54 2264//54 704//54
f 1798//1 132//1 1799//1
f 704//221 2267//221 2221//221
f 2256//185 922//185 2258//185
f 2268//185 922//185 2240//185
f 2265//185 922//185 2268//185
f 544//1 132//1 1798//1
f 678//1 132//1 1859//1
f 548//1 132//1 1806//1
f 1806//1 132//1 544//1
f 478//1 132//1 1810//1
f 2246//185 2243//185 922//185
f 2266//185 1279//185 922//185
f 1396//185 1259//185 1258//185
f 1268//185 1267//185 1395//185
f 2269//185 1269//185 1268//185
f 2217//185 1247//185 2269//185
f 1126//185 2270//185 1113//185
f 1212//185 1217//185 1210//185
f 1234//185 2269//185 1247//185
f 1269//185 2269//185 1234//185
f 1994//223 1996//223 2271//223
f 548//1 1810//1 132//1
f 745//1 1859//1 132//1
f 2250//185 2//185 2117//185
f 2140//185 2272//185 27//185
f 2272//185 2135//185 27//185
f 2129//185 2152//185 27//185
f 2151//185 2149//185 27//185
f 27//185 2148//185 2273//185
f 27//185 2273//185 2274//185
f 2274//185 2146//185 27//185
f 2145//185 2234//185 27//185
f 27//185 2227//185 922//185
f 834//1 1892//1 2203//1
f 749//97 2275//97 2276//97
f 1892//1 842//1 2203//1
f 2065//185 2//185 2066//185
f 1872//185 1866//185 2//185
f 2060//185 2170//185 2//185
f 2170//185 2075//185 2//185
f 2076//185 2224//185 2//185
f 2//185 2224//185 2223//185
f 2223//185 2085//185 2//185
f 2250//185 2110//185 2//185
f 842//1 845//1 2203//1
f 845//1 849//1 2203//1
f 747//102 2277//102 2278//102
f 849//1 854//1 2203//1
f 2279//185 2280//185 2281//185
f 2280//185 2282//185 2281//185
f 2281//185 2283//185 2279//185
f 863//1 1915//1 2203//1
f 2284//104 748//104 2278//104
f 1915//1 867//1 2203//1
f 2285//185 2286//185 2281//185
f 2287//185 2279//185 2283//185
f 2288//8 2289//8 2290//8
f 799//1 2203//1 800//1
f 2291//185 1133//185 2292//185
f 1922//1 2203//1 799//1
f 2293//185 1133//185 2294//185
f 882//1 2203//1 1922//1
f 884//1 2203//1 882//1
f 2295//185 2294//185 2281//185
f 2296//185 2281//185 2297//185
f 889//1 2203//1 884//1
f 867//1 800//1 2203//1
f 2298//119 2263//119 2299//119
f 2300//185 2281//185 2286//185
f 1938//1 2203//1 897//1
f 897//1 2203//1 889//1
f 2298//120 2299//120 2301//120
f 2302//120 2301//120 2299//120
f 2282//185 2303//185 2281//185
f 2285//185 2281//185 2303//185
f 903//1 2203//1 1938//1
f 770//131 2304//131 2305//131
f 2302//121 2306//121 2301//121
f 2307//121 2301//121 2306//121
f 825//1 2203//1 903//1
f 824//1 2203//1 825//1
f 2308//1 2309//1 1958//1
f 2310//114 2307//114 2306//114
f 1958//1 1167//1 2308//1
f 2311//115 2312//115 2310//115
f 2313//185 1133//185 2314//185
f 2203//1 2315//1 2316//1
f 2312//124 2311//124 2317//124
f 2318//124 2317//124 2311//124
f 554//236 419//236 2319//236
f 2320//185 1133//185 2321//185
f 2322//247 2317//247 2323//247
f 2318//247 2323//247 2317//247
f 2324//11 553//11 2319//11
f 2292//185 1133//185 2293//185
f 2325//185 1133//185 2291//185
f 2321//185 1133//185 2325//185
f 2322//248 2323//248 2326//248
f 602//86 552//86 2327//86
f 2328//1 2329//1 938//1
f 2330//249 2331//249 2326//249
f 938//1 1968//1 2328//1
f 1167//1 939//1 2332//1
f 2333//1 2328//1 1968//1
f 2329//1 2332//1 939//1
f 2334//185 2287//185 2283//185
f 2335//157 2336//157 2330//157
f 2331//157 2330//157 2336//157
f 1184//1 2333//1 1968//1
f 939//1 938//1 2329//1
f 2337//185 2334//185 2283//185
f 1187//1 2333//1 1184//1
f 2338//185 2337//185 2283//185
f 2339//176 2340//176 2335//176
f 1191//1 2333//1 1187//1
f 2341//185 2342//185 2283//185
f 2342//185 2338//185 2283//185
f 2343//105 2344//105 1776//105
f 1778//105 2343//105 1776//105
f 2283//185 2345//185 2341//185
f 1981//1 2333//1 1191//1
f 2345//185 2346//185 2347//185
f 2347//185 2341//185 2345//185
f 2343//6 2348//6 2344//6
f 2349//6 2344//6 2348//6
f 2350//185 2347//185 2346//185
f 1200//1 2333//1 1981//1
f 2351//108 2349//108 2348//108
f 2352//185 2350//185 2353//185
f 2354//110 2355//110 2351//110
f 1208//1 2333//1 1200//1
f 1207//1 2333//1 1208//1
f 2353//185 2356//185 2352//185
f 2355//112 2354//112 2357//112
f 2358//112 2357//112 2354//112
f 2358//143 2359//143 2357//143
f 2360//143 2357//143 2359//143
f 2361//117 2360//117 2359//117
f 2356//185 2362//185 2363//185
f 2362//185 2364//185 2365//185
f 2366//240 2367//240 2361//240
f 2368//185 2365//185 2364//185
f 754//106 748//106 2369//106
f 2262//166 2261//166 2366//166
f 593//70 2370//70 2371//70
f 1265//1 1181//1 1261//1
f 2372//177 2373//177 2339//177
f 1270//1 1181//1 1265//1
f 2374//185 2375//185 1133//185
f 2376//185 1133//185 2375//185
f 2377//128 2378//128 2372//128
f 2373//128 2372//128 2378//128
f 2379//185 2374//185 1133//185
f 2380//185 2379//185 1133//185
f 2381//179 2378//179 2382//179
f 2377//179 2382//179 2378//179
f 2383//185 1133//185 2384//185
f 2026//1 735//1 1181//1
f 2381//254 2382//254 2385//254
f 2386//87 606//87 2327//87
f 2387//185 2384//185 1133//185
f 2388//185 2387//185 1133//185
f 554//11 2319//11 553//11
f 1126//255 2389//255 2385//255
f 2390//89 605//89 2386//89
f 1125//220 2391//220 1126//220
f 2389//220 1126//220 2391//220
f 605//91 2390//91 2392//91
f 1295//1 1181//1 1428//1
f 2393//54 2391//54 1121//54
f 1125//54 1121//54 2391//54
f 2041//1 1181//1 1294//1
f 2393//221 1121//221 1120//221
f 2394//185 2395//185 2396//185
f 743//95 740//95 2275//95
f 1307//1 1181//1 1304//1
f 749//97 743//97 2275//97
f 1171//185 2394//185 1169//185
f 1312//1 1181//1 1307//1
f 2257//250 1119//250 1523//250
f 1142//185 1133//185 2397//185
f 2057//1 1181//1 1312//1
f 1304//1 1181//1 2041//1
f 749//100 2276//100 2277//100
f 1319//1 1181//1 2057//1
f 2398//185 1133//185 2399//185
f 1251//1 1181//1 1319//1
f 2400//185 1133//185 2401//185
f 1181//1 1251//1 1253//1
f 1231//1 1381//1 2333//1
f 2383//185 2380//185 1133//185
f 2376//185 2402//185 1133//185
f 2402//185 2401//185 1133//185
f 1380//1 2333//1 1381//1
f 1339//1 2333//1 1380//1
f 2403//185 2404//185 2405//185
f 2284//106 2369//106 748//106
f 2406//107 755//107 754//107
f 2406//107 754//107 2369//107
f 2400//185 2399//185 1133//185
f 2398//185 2397//185 1133//185
f 1147//185 1150//185 1141//185
f 2404//185 2396//185 2395//185
f 2395//185 2405//185 2404//185
f 2396//185 1169//185 2394//185
f 755//109 2406//109 756//109
f 2407//109 756//109 2406//109
f 1345//1 2333//1 1344//1
f 2333//1 1339//1 1338//1
f 2150//1 2333//1 1361//1
f 1355//1 2333//1 1345//1
f 2408//185 2409//185 1173//185
f 761//126 2410//126 2411//126
f 1354//1 1361//1 2333//1
f 1355//1 1354//1 2333//1
f 2412//185 2413//185 2409//185
f 762//127 2411//127 2414//127
f 2150//1 2154//1 2333//1
f 2405//185 2412//185 2403//185
f 2409//185 2403//185 2412//185
f 2158//1 2333//1 2154//1
f 762//129 2414//129 2415//129
f 1370//1 1181//1 2158//1
f 1423//1 1181//1 1370//1
f 1428//1 1181//1 1423//1
f 1027//198 2416//198 1447//198
f 199//185 1552//185 2417//185
f 1552//185 194//185 2417//185
f 770//133 2305//133 2418//133
f 1294//1 1181//1 1295//1
f 2324//12 2419//12 553//12
f 189//185 191//185 2417//185
f 194//185 189//185 2417//185
f 2420//134 765//134 2418//134
f 2421//1 2422//1 2316//1
f 2423//1 2421//1 2316//1
f 1539//185 184//185 2417//185
f 191//185 1539//185 2417//185
f 765//135 2420//135 763//135
f 2424//135 763//135 2420//135
f 2425//226 559//226 2426//226
f 184//185 180//185 2417//185
f 2422//1 2427//1 2316//1
f 2428//251 2429//251 1036//251
f 763//136 2424//136 2430//136
f 2431//13 559//13 2425//13
f 2432//232 2133//232 2132//232
f 2428//167 1036//167 1035//167
f 2433//1 2316//1 2434//1
f 2136//234 2435//234 2132//234
f 2436//185 2368//185 2437//185
f 2438//75 581//75 2439//75
f 2437//185 2440//185 2436//185
f 1447//216 2441//216 1389//216
f 2442//1 2433//1 2443//1
f 581//15 2438//15 2444//15
f 2445//185 2446//185 1310//185
f 2447//185 2448//185 2449//185
f 2450//201 2272//201 2140//201
f 2451//185 2449//185 2448//185
f 2452//16 584//16 2444//16
f 2453//1 2203//1 2454//1
f 2452//231 2455//231 584//231
f 588//231 584//231 2455//231
f 2456//1 2203//1 2453//1
f 2448//185 2457//185 2451//185
f 2458//185 2451//185 2457//185
f 2459//1 2203//1 2456//1
f 588//66 2455//66 590//66
f 2460//66 590//66 2455//66
f 2457//185 2461//185 2458//185
f 2462//1 2203//1 2459//1
f 2463//185 2458//185 2461//185
f 2460//68 2464//68 590//68
f 591//68 590//68 2464//68
f 2315//1 2203//1 2462//1
f 2461//185 2465//185 2463//185
f 2466//185 2463//185 2465//185
f 2465//185 2467//185 2466//185
f 591//69 2464//69 2370//69
f 2446//185 2468//185 1310//185
f 1003//153 1002//153 1006//153
f 593//88 2371//88 2469//88
f 2445//185 1310//185 2470//185
f 2471//202 2472//202 2149//202
f 2471//227 2149//227 2473//227
f 2474//1 2316//1 2315//1
f 2470//185 1310//185 2475//185
f 2152//228 2476//228 2151//228
f 2475//185 1310//185 2477//185
f 2477//185 1310//185 2478//185
f 2459//22 2479//22 2480//22
f 2478//185 1310//185 2481//185
f 2482//185 2481//185 1310//185
f 2483//185 2482//185 1310//185
f 2484//23 2459//23 2480//23
f 2485//185 2483//185 1310//185
f 2486//237 2315//237 2484//237
f 2315//25 2486//25 2487//25
f 2488//146 2075//146 2169//146
f 2288//1 2203//1 2289//1
f 2489//1 2203//1 2490//1
f 2491//185 1310//185 2492//185
f 2493//1 2203//1 2288//1
f 2494//1 2203//1 2493//1
f 2061//167 2213//167 2060//167
f 2495//1 2203//1 2494//1
f 2490//73 2496//73 2497//73
f 2498//185 1310//185 2499//185
f 2500//137 778//137 2501//137
f 2454//1 2203//1 2495//1
f 2212//151 2064//151 2065//151
f 2502//185 1310//185 2503//185
f 2504//74 2497//74 2505//74
f 2506//138 778//138 2500//138
f 2507//1 2508//1 2316//1
f 2504//76 2505//76 2509//76
f 2504//76 2509//76 2510//76
f 2067//154 2511//154 2066//154
f 782//139 781//139 2512//139
f 2508//1 2513//1 2316//1
f 2514//185 1310//185 2515//185
f 2516//3 2289//3 2509//3
f 2510//3 2509//3 2289//3
f 2517//185 2515//185 1310//185
f 2513//1 2518//1 2316//1
f 2519//1 2316//1 2474//1
f 2511//116 2067//116 2070//116
f 782//196 2512//196 813//196
f 2520//196 813//196 2512//196
f 2518//1 2521//1 2316//1
f 2516//8 2290//8 2289//8
f 813//197 2520//197 2522//197
f 2521//1 2523//1 2316//1
f 2524//185 2517//185 1310//185
f 2288//9 2290//9 2525//9
f 2523//1 2526//1 2316//1
f 787//140 2522//140 2527//140
f 2526//1 2423//1 2316//1
f 2525//10 2528//10 2494//10
f 1006//154 1005//154 806//154
f 2529//141 787//141 2527//141
f 2494//24 2528//24 2530//24
f 2531//185 2532//185 1310//185
f 805//156 1010//156 2533//156
f 2433//1 2442//1 2534//1
f 2535//185 2536//185 1310//185
f 2537//235 129//235 1010//235
f 2533//235 1010//235 129//235
f 2538//26 2474//26 2487//26
f 2537//142 972//142 129//142
f 2507//27 2538//27 2539//27
f 2540//185 2541//185 1310//185
f 126//158 1018//158 127//158
f 2542//185 2543//185 1310//185
f 2507//29 2539//29 2508//29
f 2544//29 2508//29 2539//29
f 2545//1 2203//1 2546//1
f 2547//155 795//155 2548//155
f 2549//185 2542//185 1310//185
f 2544//30 2550//30 2508//30
f 2513//30 2508//30 2550//30
f 2441//198 1447//198 2416//198
f 2551//1 2552//1 1942//1
f 795//173 2547//173 2553//173
f 197//185 199//185 2417//185
f 2417//185 2549//185 1310//185
f 1310//185 197//185 2417//185
f 2416//162 1027//162 1026//162
f 2554//31 2518//31 2513//31
f 2554//31 2513//31 2550//31
f 2518//32 2554//32 2521//32
f 2555//32 2521//32 2554//32
f 2556//1 2557//1 1942//1
f 984//146 2429//146 979//146
f 2543//185 2540//185 1310//185
f 2541//185 2535//185 1310//185
f 2536//185 2558//185 1310//185
f 2558//185 2531//185 1310//185
f 2532//185 2524//185 1310//185
f 2514//185 2503//185 1310//185
f 2502//185 2499//185 1310//185
f 1310//185 2498//185 2559//185
f 1310//185 2559//185 2560//185
f 1310//185 2560//185 2492//185
f 2491//185 2485//185 1310//185
f 2449//185 2561//185 2447//185
f 2521//238 2555//238 2562//238
f 984//251 1036//251 2429//251
f 1618//185 1624//185 1623//185
f 1619//185 1096//185 453//185
f 1096//185 1095//185 1614//185
f 1623//185 1619//185 1618//185
f 1177//185 1175//185 1174//185
f 2563//185 1171//185 1170//185
f 1170//185 1160//185 2563//185
f 1161//185 2563//185 1160//185
f 1154//185 1161//185 1141//185
f 1174//185 1178//185 1177//185
f 1175//185 2408//185 1173//185
f 2413//185 1173//185 2409//185
f 182//185 1622//185 1625//185
f 1625//185 2564//185 182//185
f 180//185 182//185 2564//185
f 2564//185 2417//185 180//185
f 2442//123 2565//123 2566//123
f 2567//71 303//71 2001//71
f 2568//72 302//72 303//72
f 2568//72 303//72 2567//72
f 302//79 2568//79 306//79
f 2569//79 306//79 2568//79
f 2570//81 337//81 306//81
f 2570//81 306//81 2569//81
f 1002//185 1037//185 2283//185
f 2546//4 2571//4 2572//4
f 337//118 2570//118 2573//118
f 337//118 2573//118 336//118
f 1007//185 1005//185 2283//185
f 336//82 2573//82 911//82
f 2574//82 911//82 2573//82
f 1010//185 807//185 2283//185
f 807//185 1007//185 2283//185
f 2575//1 2551//1 1942//1
f 1942//1 919//1 2575//1
f 2552//1 2556//1 1942//1
f 2557//1 2571//1 1942//1
f 2576//1 2575//1 919//1
f 2577//83 912//83 911//83
f 2577//83 911//83 2574//83
f 972//185 2537//185 2283//185
f 2537//185 1010//185 2283//185
f 912//84 2577//84 913//84
f 2578//84 913//84 2577//84
f 1018//185 972//185 2283//185
f 2433//1 2579//1 2580//1
f 2581//1 2433//1 2580//1
f 2582//1 2433//1 2581//1
f 633//240 2583//240 2584//240
f 2585//122 551//122 913//122
f 2585//122 913//122 2578//122
f 2586//166 632//166 633//166
f 2586//166 633//166 2584//166
f 2587//123 551//123 2585//123
f 2579//1 2433//1 2588//1
f 2534//1 2588//1 2433//1
f 356//19 525//19 2589//19
f 2590//20 355//20 2589//20
f 356//20 2589//20 355//20
f 640//120 638//120 2591//120
f 1005//185 1002//185 2283//185
f 2021//21 360//21 2590//21
f 355//21 2590//21 360//21
f 360//22 2021//22 387//22
f 1037//185 1034//185 2283//185
f 2//185 2283//185 1034//185
f 1036//185 2//185 1034//185
f 2592//1 2433//1 2593//1
f 1447//185 1388//185 2//185
f 2027//23 388//23 387//23
f 2594//1 2433//1 2592//1
f 1130//257 1140//257 1131//257
f 2595//257 1131//257 1140//257
f 389//237 388//237 2027//237
f 1139//190 2595//190 1140//190
f 2032//25 397//25 389//25
f 2596//1 2433//1 2594//1
f 2582//1 2593//1 2433//1
f 2597//1 2433//1 2598//1
f 1105//185 1106//185 2283//185
f 312//245 311//245 2599//245
f 2600//1 2433//1 2597//1
f 577//7 2196//7 598//7
f 1111//185 1110//185 2283//185
f 1107//185 2283//185 1110//185
f 2601//1 2433//1 2600//1
f 2596//1 2598//1 2433//1
f 598//73 2602//73 557//73
f 2045//73 557//73 2602//73
f 2603//1 2433//1 2601//1
f 1116//185 1112//185 2283//185
f 1112//185 1111//185 2283//185
f 519//74 557//74 2045//74
f 1106//181 223//181 229//181
f 2283//185 1070//185 1116//185
f 2604//1 1274//1 2605//1
f 1071//185 1070//185 2283//185
f 1962//3 402//3 401//3
f 2605//1 2433//1 2606//1
f 2603//1 2606//1 2433//1
f 2607//28 2608//28 2571//28
f 1127//185 1071//185 2283//185
f 2121//200 2079//200 2231//200
f 1140//185 1130//185 2283//185
f 1130//185 1127//185 2283//185
f 518//8 402//8 1962//8
f 2608//4 2572//4 2571//4
f 1138//185 1140//185 2283//185
f 2079//85 2078//85 2231//85
f 2063//9 522//9 518//9
f 2609//1 1274//1 2610//1
f 2546//5 2572//5 2611//5
f 524//10 522//10 2063//10
f 2612//1 1274//1 2609//1
f 2073//24 525//24 524//24
f 2613//1 1274//1 2612//1
f 2610//1 1274//1 2604//1
f 1023//185 1018//185 2283//185
f 2614//37 2615//37 2576//37
f 2589//19 525//19 2073//19
f 2616//1 1274//1 2613//1
f 2223//216 2617//216 2238//216
f 1106//185 1159//185 2283//185
f 2283//185 1159//185 1156//185
f 1023//185 2283//185 1156//185
f 2575//33 2576//33 2618//33
f 2619//33 2618//33 2576//33
f 397//26 2082//26 531//26
f 610//98 2620//98 2621//98
f 2622//1 1274//1 2623//1
f 2623//1 1274//1 2616//1
f 2575//34 2618//34 2624//34
f 530//27 531//27 2082//27
f 601//101 2621//101 2625//101
f 2626//1 1274//1 2622//1
f 2627//103 690//103 2625//103
f 1872//185 2//185 1239//185
f 2628//1 1274//1 2626//1
f 1240//185 1239//185 2//185
f 2629//78 2630//78 2556//78
f 2//185 1254//185 1421//185
f 2557//80 2556//80 2607//80
f 1434//185 1255//185 2//185
f 1255//185 1254//185 2//185
f 1387//185 2631//185 2//185
f 2631//185 1434//185 2//185
f 1116//186 2632//186 310//186
f 1388//185 1387//185 2//185
f 2000//238 542//238 540//238
f 2633//1 1274//1 2634//1
f 1070//252 2632//252 1116//252
f 547//77 542//77 2000//77
f 2632//252 1070//252 2635//252
f 1872//185 2636//185 1510//185
f 1069//178 2635//178 1070//178
f 1127//187 2637//187 1069//187
f 1409//185 1470//185 1872//185
f 1470//185 2636//185 1872//185
f 2638//1 1274//1 2639//1
f 551//123 2587//123 552//123
f 1413//185 1407//185 1872//185
f 1407//185 1409//185 1872//185
f 1131//188 2637//188 1127//188
f 2640//1 1274//1 2641//1
f 2639//1 1274//1 2642//1
f 1239//185 1478//185 1872//185
f 1421//185 1240//185 2//185
f 1413//185 1872//185 1478//185
f 1510//185 1507//185 1872//185
f 1139//191 1143//191 311//191
f 2643//1 1274//1 2644//1
f 1143//245 2599//245 311//245
f 2645//185 2206//185 1551//185
f 1502//185 1492//185 1872//185
f 2602//7 598//7 2196//7
f 1018//160 1023//160 127//160
f 1502//185 1872//185 1507//185
f 1156//192 236//192 244//192
f 234//193 236//193 1156//193
f 185//33 2201//33 186//33
f 2646//185 2647//185 1133//185
f 2648//1 1274//1 2628//1
f 2649//1 1274//1 2648//1
f 2650//1 1274//1 2649//1
f 2634//1 1274//1 2650//1
f 2642//1 1274//1 2633//1
f 2641//1 1274//1 2638//1
f 2644//1 1274//1 2640//1
f 2651//1 1274//1 2643//1
f 2433//1 2605//1 1274//1
f 2652//1 1274//1 2651//1
f 604//92 595//92 2653//92
f 234//194 1159//194 229//194
f 604//94 2653//94 2654//94
f 2107//78 2205//78 2119//78
f 2377//185 1133//185 2655//185
f 2655//185 2656//185 2382//185
f 2382//185 2377//185 2655//185
f 2223//198 2222//198 2617//198
f 824//1 1942//1 2571//1
f 2571//1 2546//1 824//1
f 2203//1 824//1 2546//1
f 2545//1 2490//1 2203//1
f 2510//1 2203//1 2504//1
f 2489//1 2504//1 2203//1
f 2510//1 2289//1 2203//1
f 2427//1 2434//1 2316//1
f 1163//1 1958//1 2309//1
f 2657//1 2614//1 1163//1
f 2333//1 1207//1 1213//1
f 1226//1 2333//1 1215//1
f 1213//1 1215//1 2333//1
f 1226//1 1231//1 2333//1
f 1338//1 1344//1 2333//1
f 1238//214 1240//214 1422//214
f 2658//233 2657//233 2659//233
f 2660//1 2661//1 2433//1
f 2434//1 2660//1 2433//1
f 2661//1 2443//1 2433//1
f 1421//215 1254//215 1422//215
f 2657//36 2658//36 2615//36
f 2657//36 2615//36 2614//36
f 2075//144 2488//144 2076//144
f 2119//80 2205//80 599//80
f 601//103 2625//103 690//103
f 2619//37 2576//37 2615//37
f 1121//185 1125//185 1113//185
f 2662//105 691//105 690//105
f 2662//105 690//105 2627//105
f 1547//185 1212//185 1211//185
f 1205//185 2209//185 1122//185
f 2663//113 212//113 263//113
f 2663//113 263//113 2210//113
f 691//6 2662//6 693//6
f 2664//6 693//6 2662//6
f 2665//258 2666//258 2631//258
f 1211//185 2645//185 1547//185
f 1551//185 1547//185 2645//185
f 212//53 2663//53 213//53
f 2667//53 213//53 2663//53
f 2668//108 693//108 2664//108
f 2283//185 1663//185 2599//185
f 2669//259 2665//259 1387//259
f 2631//259 1387//259 2665//259
f 2670//56 209//56 213//56
f 2670//56 213//56 2667//56
f 2669//210 1387//210 1389//210
f 209//57 2670//57 205//57
f 2219//57 205//57 2670//57
f 1663//185 2283//185 1662//185
f 201//58 205//58 2219//58
f 2225//233 195//233 201//233
f 2671//143 696//143 2672//143
f 2225//36 2198//36 195//36
f 1591//185 2283//185 1670//185
f 1670//185 2283//185 1673//185
f 2242//218 2102//218 2244//218
f 1677//185 2283//185 1602//185
f 1673//185 2283//185 1677//185
f 2587//86 2327//86 552//86
f 1602//185 2283//185 1680//185
f 2244//211 2104//211 2111//211
f 2244//211 2111//211 2673//211
f 1685//185 2283//185 1688//185
f 1680//185 2283//185 1685//185
f 2673//212 2111//212 2110//212
f 2674//206 1476//206 1478//206
f 2675//1 2333//1 2676//1
f 1688//185 2283//185 1692//185
f 2328//1 2333//1 2675//1
f 2332//1 2308//1 1167//1
f 1692//185 2281//185 1696//185
f 2677//93 740//93 2392//93
f 2678//199 1239//199 1238//199
f 2122//214 2679//214 2116//214
f 1703//185 1696//185 2281//185
f 2614//1 2576//1 1163//1
f 2679//215 2122//215 2121//215
f 2679//215 2121//215 2680//215
f 2309//1 2657//1 1163//1
f 1256//85 1434//85 2666//85
f 919//1 1163//1 2576//1
f 1434//258 2631//258 2666//258
f 747//104 2278//104 748//104
f 2681//1 2333//1 2682//1
f 2127//213 2683//213 2128//213
f 2684//1 2333//1 2685//1
f 2686//253 2636//253 2687//253
f 2676//1 2333//1 2684//1
f 2681//1 2685//1 2333//1
f 2688//1 2682//1 2333//1
f 2687//99 2636//99 1470//99
f 2687//99 1470//99 2689//99
f 2689//218 1470//218 1469//218
f 756//111 2407//111 2410//111
f 2139//203 2690//203 2140//203
f 602//87 2327//87 606//87
f 1239//207 2678//207 1478//207
f 2674//207 1478//207 2678//207
f 2691//1 1181//1 2692//1
f 2693//222 2690//222 2098//222
f 605//89 606//89 2386//89
f 2694//1 2333//1 2691//1
f 2695//1 2333//1 2694//1
f 2097//253 2696//253 2098//253
f 2392//91 739//91 605//91
f 2688//1 2333//1 2697//1
f 739//93 2392//93 740//93
f 2697//1 2333//1 2695//1
f 2677//95 2275//95 740//95
f 2274//223 2698//223 2146//223
f 2699//223 2146//223 2698//223
f 1506//222 1510//222 2686//222
f 2274//224 2273//224 2698//224
f 2700//224 2698//224 2273//224
f 1510//253 2636//253 2686//253
f 2277//100 750//100 749//100
f 2148//217 2472//217 2273//217
f 2701//1 2702//1 2703//1
f 2704//1 2703//1 2702//1
f 747//102 750//102 2277//102
f 2703//1 2705//1 2701//1
f 2706//1 2701//1 2705//1
f 2151//227 2473//227 2149//227
f 1523//223 1115//223 2707//223
f 1529//224 2707//224 1115//224
f 2473//228 2151//228 2476//228
f 2476//229 2152//229 2129//229
f 2708//1 2692//1 2706//1
f 1212//227 2709//227 1328//227
f 2710//1 1274//1 2652//1
f 2711//169 636//169 2586//169
f 1548//228 2709//228 1212//228
f 2712//213 2128//213 2683//213
f 1275//1 1274//1 2713//1
f 1561//213 2714//213 1346//213
f 2715//1 1230//1 1229//1
f 1229//1 2716//1 2715//1
f 2713//1 1274//1 2710//1
f 1566//230 2714//230 1561//230
f 640//121 2591//121 2717//121
f 2718//1 2715//1 2716//1
f 2716//1 2719//1 2718//1
f 41//114 2717//114 2720//114
f 2721//1 2718//1 2719//1
f 2722//115 42//115 2720//115
f 42//124 2722//124 2723//124
f 2450//203 2140//203 2690//203
f 34//247 2723//247 2724//247
f 2719//1 2725//1 2721//1
f 312//246 2599//246 315//246
f 1663//246 315//246 2599//246
f 2139//222 2098//222 2690//222
f 2726//1 2727//1 2728//1
f 2728//1 1196//1 2726//1
f 34//248 2724//248 2729//248
f 316//239 315//239 1663//239
f 2730//249 708//249 2729//249
f 1590//241 317//241 316//241
f 2727//1 2704//1 2731//1
f 2731//1 2728//1 2727//1
f 318//180 317//180 1590//180
f 2732//157 16//157 2730//157
f 708//157 2730//157 16//157
f 1201//1 2721//1 2725//1
f 1670//242 319//242 318//242
f 17//176 16//176 2733//176
f 2732//176 2733//176 16//176
f 320//243 319//243 1670//243
f 17//177 2733//177 2734//177
f 1709//185 1703//185 2281//185
f 1628//185 1709//185 2281//185
f 2598//104 2735//104 2736//104
f 1629//185 1628//185 2281//185
f 1718//185 1629//185 2281//185
f 1198//1 2726//1 1196//1
f 2702//1 2731//1 2704//1
f 2705//1 2737//1 2706//1
f 2737//1 2708//1 2706//1
f 2738//1 2706//1 2692//1
f 2739//1 2740//1 2692//1
f 2740//1 2738//1 2692//1
f 1195//1 2739//1 2692//1
f 1181//1 1195//1 2692//1
f 1181//1 2691//1 2333//1
f 2725//1 1202//1 1201//1
f 2741//1 1266//1 1241//1
f 1275//1 2741//1 1241//1
f 1274//1 1273//1 2742//1
f 2742//1 1556//1 1274//1
f 1555//1 1563//1 1274//1
f 2743//1 2744//1 1274//1
f 1572//1 1274//1 2744//1
f 1562//1 2743//1 1274//1
f 1725//185 1718//185 2281//185
f 1680//11 323//11 322//11
f 1725//185 2281//185 1730//185
f 2745//106 2598//106 2736//106
f 1730//185 2281//185 1636//185
f 1736//185 1636//185 2281//185
f 324//12 323//12 1680//12
f 1743//185 1736//185 2281//185
f 346//192 1517//192 350//192
f 2333//1 2158//1 1181//1
f 1253//1 1261//1 1181//1
f 1181//1 1270//1 2014//1
f 1181//1 2014//1 1277//1
f 1277//1 1283//1 1181//1
f 1794//1 1181//1 734//1
f 1794//1 742//1 745//1
f 745//1 132//1 1794//1
f 132//1 1795//1 1794//1
f 1931//1 1935//1 1794//1
f 1934//1 1941//1 1794//1
f 735//1 734//1 1181//1
f 1950//1 1946//1 1794//1
f 1283//1 2026//1 1181//1
f 1983//1 1181//1 1794//1
f 1693//13 1692//13 1697//13
f 2746//241 2167//241 2171//241
f 1531//181 364//181 361//181
f 512//1 731//1 132//1
f 377//1 132//1 731//1
f 621//1 377//1 616//1
f 1695//1 377//1 621//1
f 567//1 377//1 561//1
f 631//1 635//1 132//1
f 1649//185 1743//185 2281//185
f 1752//185 1649//185 2281//185
f 1757//185 1752//185 2281//185
f 1763//185 1757//185 2281//185
f 1772//185 1763//185 2281//185
f 2747//17 364//17 1531//17
f 1770//185 1772//185 2281//185
f 1773//185 1770//185 2281//185
f 854//1 858//1 2203//1
f 858//1 863//1 2203//1
f 2519//1 2507//1 2316//1
f 1661//1 831//1 2203//1
f 377//1 362//1 2203//1
f 2580//89 2748//89 2749//89
f 2410//111 759//111 756//111
f 1628//75 2750//75 1710//75
f 367//182 365//182 1445//182
f 2751//1 2203//1 2316//1
f 831//1 773//1 2203//1
f 2580//91 2749//91 2752//91
f 1627//15 2750//15 1628//15
f 2433//1 2753//1 2316//1
f 369//183 367//183 1445//183
f 759//126 2410//126 761//126
f 1718//16 2754//16 1627//16
f 2755//2 1514//2 2756//2
f 1274//2 2757//2 2433//2
f 762//127 761//127 2411//127
f 1726//231 2754//231 1718//231
f 2758//2 2433//2 2757//2
f 1274//2 2755//2 2757//2
f 2415//129 769//129 762//129
f 1514//2 2755//2 1274//2
f 2281//185 1133//185 2299//185
f 2592//97 2759//97 2760//97
f 2306//185 2302//185 1133//185
f 2304//130 768//130 769//130
f 2304//130 769//130 2415//130
f 2758//260 2283//260 2753//260
f 2758//260 2753//260 2433//260
f 2761//100 2592//100 2760//100
f 1736//69 1742//69 1634//69
f 770//131 768//131 2304//131
f 2756//261 1514//261 2181//261
f 2756//261 2181//261 2762//261
f 2311//185 2310//185 1133//185
f 2418//133 771//133 770//133
f 2318//185 1133//185 2323//185
f 765//134 771//134 2418//134
f 2323//185 1133//185 2326//185
f 2326//185 1133//185 2330//185
f 2430//136 780//136 763//136
f 1752//90 2763//90 1647//90
f 2745//106 2597//106 2598//106
f 2501//195 780//195 2430//195
f 1758//92 2763//92 1752//92
f 2745//107 2764//107 2597//107
f 2600//107 2597//107 2764//107
f 1763//94 2765//94 1758//94
f 779//195 780//195 2501//195
f 2600//109 2764//109 2766//109
f 1192//20 2767//20 2768//20
f 2765//96 1763//96 2769//96
f 1772//96 2769//96 1763//96
f 778//137 779//137 2501//137
f 1568//154 381//154 379//154
f 1771//98 2769//98 1772//98
f 2361//185 2359//185 2281//185
f 2359//185 2358//185 2281//185
f 2506//138 781//138 778//138
f 2770//116 382//116 1568//116
f 1773//101 1777//101 1771//101
f 2506//139 2512//139 781//139
f 2318//185 2311//185 1133//185
f 2310//185 2306//185 1133//185
f 2263//185 2281//185 2299//185
f 2302//185 2299//185 1133//185
f 2262//185 2366//185 2281//185
f 2263//185 2262//185 2281//185
f 2361//185 2281//185 2366//185
f 1773//103 1778//103 1777//103
f 2335//185 2330//185 1133//185
f 2605//127 2771//127 2772//127
f 2339//185 2335//185 1133//185
f 2522//197 814//197 813//197
f 2605//129 2772//129 2773//129
f 787//140 814//140 2522//140
f 2529//141 786//141 787//141
f 2610//130 2773//130 2774//130
f 2372//185 2339//185 1133//185
f 2263//169 2775//169 2261//169
f 2776//170 796//170 786//170
f 2776//170 786//170 2529//170
f 2777//131 2610//131 2774//131
f 2377//185 2372//185 1133//185
f 1135//185 2778//185 1133//185
f 2778//185 2779//185 1133//185
f 2298//119 2775//119 2263//119
f 2780//171 796//171 2776//171
f 2781//133 2612//133 2777//133
f 2779//185 2782//185 1133//185
f 2783//185 2784//185 1133//185
f 2784//185 2785//185 1133//185
f 793//171 796//171 2780//171
f 2612//134 2781//134 2786//134
f 1243//193 357//193 350//193
f 1522//193 1243//193 350//193
f 2785//185 2787//185 1133//185
f 793//172 2780//172 792//172
f 2548//172 792//172 2780//172
f 2616//135 2786//135 2788//135
f 361//194 357//194 1243//194
f 2310//114 2789//114 2307//114
f 795//155 792//155 2548//155
f 2616//136 2788//136 2790//136
f 2553//173 794//173 795//173
f 2312//115 2789//115 2310//115
f 2747//17 365//17 364//17
f 2791//204 804//204 794//204
f 2791//204 794//204 2553//204
f 2300//185 2297//185 2281//185
f 2296//185 2295//185 2281//185
f 2792//185 1133//185 2320//185
f 2793//185 1133//185 2313//185
f 2794//185 1133//185 2793//185
f 2794//185 2388//185 1133//185
f 2792//185 2314//185 1133//185
f 2281//185 2294//185 1133//185
f 2782//185 2783//185 1133//185
f 2281//185 2358//185 2354//185
f 2281//185 2354//185 2351//185
f 2281//185 2351//185 2348//185
f 2281//185 2348//185 2343//185
f 2281//185 2343//185 1778//185
f 1778//185 1773//185 2281//185
f 2747//182 1445//182 365//182
f 804//174 2791//174 803//174
f 2795//174 803//174 2791//174
f 2796//175 815//175 803//175
f 2796//175 803//175 2795//175
f 2322//248 2326//248 2797//248
f 1549//184 393//184 369//184
f 1128//208 816//208 815//208
f 1128//208 815//208 2796//208
f 1126//185 2385//185 2798//185
f 2656//185 2798//185 2385//185
f 2385//185 2382//185 2656//185
f 2798//185 2270//185 1126//185
f 2799//185 2655//185 1133//185
f 2647//185 2799//185 1133//185
f 2787//185 2646//185 1133//185
f 2206//185 2197//185 1348//185
f 1124//185 1113//185 2270//185
f 2197//185 2199//185 1561//185
f 2199//185 2195//185 1565//185
f 2195//185 2193//185 1569//185
f 2189//185 2183//185 1492//185
f 2182//185 2179//185 1872//185
f 2178//185 2172//185 1872//185
f 2171//185 2167//185 1872//185
f 1872//185 2095//185 2094//185
f 2094//185 2053//185 1872//185
f 2040//185 2038//185 1872//185
f 2012//167 2800//167 1068//167
f 2797//249 2326//249 2331//249
f 1128//18 1136//18 1129//18
f 1284//168 1067//168 2800//168
f 1068//168 2800//168 1067//168
f 984//185 2//185 1036//185
f 978//185 2//185 984//185
f 977//185 2//185 978//185
f 977//185 1027//185 2//185
f 1447//185 2//185 1027//185
f 2801//185 2802//185 2283//185
f 2351//108 2803//108 2349//108
f 2804//185 2801//185 2283//185
f 2355//110 2803//110 2351//110
f 2805//185 2283//185 2806//185
f 2805//185 2804//185 2283//185
f 2807//185 2806//185 2283//185
f 2361//117 2808//117 2360//117
f 2807//185 2283//185 2809//185
f 2367//240 2808//240 2361//240
f 1185//10 2810//10 2811//10
f 2812//185 2813//185 2283//185
f 2813//185 2809//185 2283//185
f 2814//185 2812//185 2283//185
f 2367//166 2366//166 2261//166
f 1185//24 2811//24 2815//24
f 1185//24 2815//24 1186//24
f 2283//185 2816//185 2814//185
f 1186//19 2815//19 2767//19
f 2817//185 2814//185 2816//185
f 2336//176 2335//176 2340//176
f 2340//177 2339//177 2373//177
f 1192//21 2768//21 2818//21
f 2818//22 2819//22 1195//22
f 2381//254 2385//254 2820//254
f 2819//23 2821//23 1195//23
f 2739//23 1195//23 2821//23
f 2820//255 2385//255 2389//255
f 2739//237 2821//237 2822//237
f 1067//151 1284//151 380//151
f 2648//139 2628//139 2823//139
f 2393//221 1120//221 2824//221
f 2648//196 2823//196 2825//196
f 381//116 1568//116 382//116
f 2824//256 1120//256 2257//256
f 2770//156 1573//156 382//156
f 2826//27 2701//27 2706//27
f 2826//27 2706//27 2827//27
f 2828//12 2829//12 2192//12
f 2701//29 2826//29 2702//29
f 2830//29 2702//29 2826//29
f 2828//225 2192//225 2193//225
f 1582//142 385//142 384//142
f 2702//30 2830//30 2831//30
f 2728//31 2831//31 2832//31
f 1582//158 348//158 385//158
f 2833//32 2728//32 2832//32
f 2834//238 1197//238 2833//238
f 1197//77 2834//77 2835//77
f 2836//155 2641//155 2837//155
f 2641//173 2836//173 2838//173
f 1603//188 378//188 374//188
f 2839//79 2715//79 2840//79
f 378//257 1603//257 2841//257
f 2715//81 2839//81 2842//81
f 943//25 2843//25 2844//25
f 2845//83 1233//83 2846//83
f 2847//84 1241//84 1233//84
f 2847//84 1233//84 2845//84
f 2746//180 2171//180 2172//180
f 2526//71 2848//71 2423//71
f 1241//122 2847//122 2849//122
f 2850//30 954//30 2851//30
f 2852//72 2421//72 2423//72
f 2852//72 2423//72 2853//72
f 2854//243 2855//243 2179//243
f 2421//79 2852//79 2422//79
f 2856//79 2422//79 2852//79
f 2182//244 2857//244 2179//244
f 2858//81 2427//81 2422//81
f 2858//81 2422//81 2856//81
f 2805//183 1004//183 2804//183
f 2182//236 2183//236 2857//236
f 2427//118 2858//118 2859//118
f 2427//118 2859//118 2434//118
f 2434//82 2859//82 2660//82
f 2860//82 2660//82 2859//82
f 2861//83 2661//83 2660//83
f 2861//83 2660//83 2860//83
f 1715//243 410//243 408//243
f 2661//84 2861//84 2443//84
f 2862//84 2443//84 2861//84
f 944//1 821//1 820//1
f 820//1 2107//1 944//1
f 2863//244 419//244 1715//244
f 2565//122 2442//122 2443//122
f 2565//122 2443//122 2862//122
f 2195//226 2864//226 2193//226
f 988//187 2813//187 2812//187
f 2454//19 2495//19 2865//19
f 2195//13 2199//13 2864//13
f 2866//3 2867//3 1420//3
f 393//186 1549//186 373//186
f 2868//186 373//186 1549//186
f 2869//20 2453//20 2865//20
f 2454//20 2865//20 2453//20
f 1420//8 2867//8 2870//8
f 373//252 2868//252 372//252
f 1672//252 372//252 2868//252
f 2479//21 2456//21 2869//21
f 2453//21 2869//21 2456//21
f 1672//178 375//178 372//178
f 2456//22 2479//22 2459//22
f 2871//75 2206//75 2872//75
f 2484//23 2462//23 2459//23
f 2872//15 2645//15 1211//15
f 2315//237 2462//237 2484//237
f 2841//257 376//257 378//257
f 2873//16 2874//16 1210//16
f 2487//25 2474//25 2315//25
f 376//190 2841//190 399//190
f 1689//190 399//190 2841//190
f 2873//231 1210//231 2875//231
f 1219//231 2875//231 1210//231
f 400//191 399//191 1689//191
f 1219//66 1224//66 2875//66
f 2497//73 2489//73 2490//73
f 1698//246 404//246 405//246
f 2504//74 2489//74 2497//74
f 1004//184 2805//184 2806//184
f 404//239 1698//239 406//239
f 1706//239 406//239 1698//239
f 951//29 2876//29 2851//29
f 2877//186 2806//186 2807//186
f 407//241 406//241 1706//241
f 2809//252 2877//252 2807//252
f 2178//242 2855//242 2172//242
f 1711//180 409//180 407//180
f 408//242 409//242 1711//242
f 2525//9 2493//9 2288//9
f 961//32 2878//32 2879//32
f 2179//244 2857//244 2854//244
f 2494//10 2493//10 2525//10
f 410//244 1715//244 419//244
f 2183//236 2880//236 2857//236
f 2530//24 2495//24 2494//24
f 2863//236 2319//236 419//236
f 2880//11 2183//11 2829//11
f 2814//188 989//188 2812//188
f 2865//19 2495//19 2530//19
f 2189//12 2192//12 2829//12
f 2474//26 2538//26 2519//26
f 2009//162 1063//162 1062//162
f 2507//27 2519//27 2538//27
f 2881//190 1014//190 2817//190
f 1063//144 2009//144 1808//144
f 1015//191 2881//191 2882//191
f 2883//19 926//19 2884//19
f 2885//245 1015//245 2882//245
f 926//20 2883//20 2886//20
f 2012//251 1066//251 1065//251
f 2562//238 2523//238 2521//238
f 2871//132 2887//132 2206//132
f 2888//185 2889//185 2283//185
f 2848//77 2526//77 2523//77
f 2848//77 2523//77 2562//77
f 2802//17 2801//17 833//17
f 2645//75 2872//75 2206//75
f 500//258 2890//258 444//258
f 2891//185 2283//185 2892//185
f 2893//185 2894//185 2283//185
f 2889//185 2895//185 2283//185
f 2853//71 2423//71 2848//71
f 444//259 2890//259 2030//259
f 2896//185 2283//185 2897//185
f 2534//123 2442//123 2566//123
f 2534//86 2566//86 2898//86
f 1800//216 437//216 433//216
f 2607//28 2571//28 2557//28
f 2899//185 2283//185 2900//185
f 2900//185 2283//185 2901//185
f 2901//185 2283//185 2902//185
f 2546//5 2611//5 2545//5
f 2903//178 2809//178 996//178
f 2895//185 2904//185 2283//185
f 2904//185 2905//185 2283//185
f 2906//185 2283//185 2905//185
f 2907//185 2283//185 2906//185
f 2902//185 2283//185 2907//185
f 2611//7 2496//7 2545//7
f 2545//7 2496//7 2490//7
f 988//187 996//187 2813//187
f 2908//70 1113//70 2207//70
f 988//188 2812//188 989//188
f 2893//185 2283//185 2891//185
f 2814//257 2817//257 989//257
f 2624//34 2551//34 2575//34
f 2892//185 2283//185 2909//185
f 2910//185 2909//185 2283//185
f 2802//185 2910//185 2283//185
f 2551//35 2624//35 2629//35
f 2551//35 2629//35 2552//35
f 2881//191 1015//191 1014//191
f 2552//78 2629//78 2556//78
f 2885//245 2911//245 1015//245
f 933//85 2142//85 500//85
f 2630//80 2607//80 2556//80
f 2912//185 2913//185 2283//185
f 500//258 2144//258 2890//258
f 2914//185 2912//185 2283//185
f 2676//50 2915//50 2675//50
f 2916//185 2914//185 2283//185
f 1800//198 1062//198 437//198
f 2917//113 2328//113 2675//113
f 2917//113 2675//113 2918//113
f 2919//185 2283//185 2920//185
f 2328//53 2917//53 2329//53
f 2921//53 2329//53 2917//53
f 1808//144 1064//144 1063//144
f 2922//185 2283//185 2923//185
f 2329//56 2921//56 2332//56
f 2924//56 2332//56 2921//56
f 1808//146 1065//146 1064//146
f 2925//57 2308//57 2332//57
f 2925//57 2332//57 2924//57
f 2165//5 2926//5 2927//5
f 2308//58 2925//58 2309//58
f 2659//58 2309//58 2925//58
f 929//21 2886//21 931//21
f 1066//167 2012//167 1068//167
f 2165//7 2927//7 2928//7
f 2657//233 2309//233 2659//233
f 931//22 2929//22 2930//22
f 1417//73 2928//73 2931//73
f 444//259 2030//259 434//259
f 1417//74 2931//74 2932//74
f 434//210 2030//210 433//210
f 943//237 942//237 2843//237
f 2866//76 1418//76 2932//76
f 2207//88 2208//88 2908//88
f 1418//3 2866//3 1420//3
f 2844//25 946//25 943//25
f 2209//92 2933//92 1123//92
f 1061//212 2124//212 1059//212
f 946//26 2844//26 2934//26
f 1059//206 2124//206 958//206
f 1431//37 2935//37 2936//37
f 490//215 2138//215 491//215
f 954//31 2850//31 2878//31
f 2761//100 2594//100 2592//100
f 2138//200 2142//200 491//200
f 1431//33 2936//33 2937//33
f 2596//102 2594//102 2735//102
f 961//238 2879//238 2938//238
f 2939//35 2940//35 1438//35
f 2941//78 1437//78 2940//78
f 1438//78 2940//78 1437//78
f 474//230 523//230 2942//230
f 2943//80 1437//80 2941//80
f 2162//80 1437//80 2943//80
f 2944//232 473//232 2942//232
f 474//232 2942//232 473//232
f 2945//4 1323//4 2946//4
f 2157//234 477//234 2944//234
f 473//234 2944//234 477//234
f 2161//39 2113//39 2947//39
f 2948//39 2947//39 2113//39
f 2603//111 2601//111 2949//111
f 477//219 2157//219 482//219
f 2161//40 2947//40 2950//40
f 2771//126 2606//126 2949//126
f 2024//41 2950//41 2951//41
f 2534//86 2898//86 2588//86
f 2952//42 2159//42 2951//42
f 2024//42 2951//42 2159//42
f 2588//87 2898//87 2579//87
f 2748//87 2579//87 2898//87
f 2953//162 2954//162 2955//162
f 983//203 2180//203 1008//203
f 2006//48 2159//48 2956//48
f 2952//48 2956//48 2159//48
f 2580//89 2579//89 2748//89
f 2953//144 2955//144 2899//144
f 1008//222 2180//222 966//222
f 2957//50 2002//50 2956//50
f 2006//50 2956//50 2002//50
f 2752//91 2581//91 2580//91
f 2002//113 2957//113 2958//113
f 2581//93 2752//93 2582//93
f 2959//93 2582//93 2752//93
f 964//99 1888//99 982//99
f 2759//95 2593//95 2582//95
f 2759//95 2582//95 2959//95
f 982//218 1888//218 976//218
f 2960//56 1990//56 2961//56
f 2592//97 2593//97 2759//97
f 1990//57 2960//57 2962//57
f 2761//102 2735//102 2594//102
f 2735//104 2598//104 2596//104
f 541//228 2239//228 2963//228
f 1520//46 2964//46 2965//46
f 2766//109 2601//109 2600//109
f 2910//194 828//194 2909//194
f 2766//111 2949//111 2601//111
f 1520//47 2965//47 2966//47
f 2910//181 2802//181 828//181
f 2967//49 1513//49 2966//49
f 2968//51 1516//51 2967//51
f 1513//51 2967//51 1516//51
f 2603//126 2949//126 2606//126
f 1519//52 1516//52 2969//52
f 2968//52 2969//52 1516//52
f 2605//127 2606//127 2771//127
f 2773//129 2604//129 2605//129
f 1519//55 2969//55 2970//55
f 2610//130 2604//130 2773//130
f 2948//38 2113//38 2970//38
f 2777//131 2609//131 2610//131
f 668//255 2215//255 672//255
f 2612//133 2609//133 2777//133
f 2216//220 2264//220 672//220
f 2786//134 2613//134 2612//134
f 2226//128 2227//128 2971//128
f 2616//135 2613//135 2786//135
f 2972//61 1535//61 2973//61
f 2221//221 2220//221 704//221
f 2974//179 2971//179 2228//179
f 2227//179 2228//179 2971//179
f 2790//136 2623//136 2616//136
f 1535//62 2972//62 2975//62
f 2976//256 2220//256 1995//256
f 2977//195 2623//195 2790//195
f 1542//63 2975//63 2978//63
f 2976//250 1995//250 1994//250
f 1542//64 2978//64 2979//64
f 2622//195 2623//195 2977//195
f 283//223 1994//223 2271//223
f 2622//137 2977//137 2626//137
f 2980//137 2626//137 2977//137
f 2626//138 2980//138 2628//138
f 2981//138 2628//138 2980//138
f 2981//139 2823//139 2628//139
f 2982//152 2983//152 1788//152
f 527//217 2984//217 2236//217
f 527//217 2236//217 528//217
f 2825//196 2649//196 2648//196
f 528//202 2236//202 534//202
f 2649//197 2825//197 2650//197
f 2985//197 2650//197 2825//197
f 2986//140 2634//140 2650//140
f 2986//140 2650//140 2985//140
f 541//228 2963//228 703//228
f 2634//141 2986//141 2633//141
f 2987//141 2633//141 2986//141
f 2241//169 2988//169 2240//169
f 2989//229 58//229 2963//229
f 703//229 2963//229 58//229
f 2990//170 2642//170 2633//170
f 2990//170 2633//170 2987//170
f 2991//200 2916//200 2992//200
f 2989//205 2245//205 58//205
f 2988//119 2241//119 2243//119
f 2993//171 2642//171 2990//171
f 521//213 2248//213 523//213
f 2246//120 2994//120 2243//120
f 2639//171 2642//171 2993//171
f 2248//230 2942//230 523//230
f 2639//172 2993//172 2638//172
f 2837//172 2638//172 2993//172
f 2641//155 2638//155 2837//155
f 705//179 2995//179 660//179
f 2838//173 2640//173 2641//173
f 660//254 2214//254 668//254
f 1335//50 2996//50 2997//50
f 2998//204 2644//204 2640//204
f 2998//204 2640//204 2838//204
f 1335//113 2997//113 2999//113
f 2644//174 2998//174 2643//174
f 3000//174 2643//174 2998//174
f 3001//175 2651//175 2643//175
f 3001//175 2643//175 3000//175
f 3002//218 2356//218 2353//218
f 2651//208 3001//208 2652//208
f 3003//208 2652//208 3001//208
f 3004//249 2256//249 2258//249
f 2258//157 2259//157 3004//157
f 2271//224 2984//224 283//224
f 2984//224 527//224 283//224
f 3005//199 2913//199 2912//199
f 1359//47 3006//47 3007//47
f 1358//49 1359//49 3008//49
f 3009//201 3010//201 2440//201
f 3009//203 2440//203 2437//203
f 1563//89 3011//89 3012//89
f 3013//55 1366//55 3014//55
f 2744//95 3015//95 3016//95
f 1366//38 3013//38 3017//38
f 3018//185 3019//185 3020//185
f 3021//185 3020//185 3019//185
f 2905//154 2904//154 3022//154
f 3023//154 3022//154 2904//154
f 3024//97 1572//97 3016//97
f 3025//185 3018//185 3026//185
f 3020//185 3026//185 3018//185
f 3027//185 2345//185 2283//185
f 3026//185 3028//185 3025//185
f 3029//28 3030//28 1323//28
f 3029//28 1323//28 1322//28
f 2922//185 2920//185 2283//185
f 2919//185 2992//185 2283//185
f 3027//185 2283//185 2913//185
f 2992//185 2916//185 2283//185
f 3030//4 2946//4 1323//4
f 3031//142 2888//142 3032//142
f 3033//185 3034//185 3035//185
f 2945//5 2946//5 3036//5
f 3032//158 2894//158 2893//158
f 3037//68 1224//68 1114//68
f 3036//7 3038//7 1292//7
f 1586//107 3039//107 3040//107
f 1292//73 3038//73 3041//73
f 3042//76 1298//76 3043//76
f 1592//126 3044//126 3045//126
f 1298//3 3042//3 3046//3
f 3047//127 1592//127 3045//127
f 2469//88 594//88 593//88
f 3048//251 1104//251 2901//251
f 2209//94 2211//94 2933//94
f 594//90 2469//90 595//90
f 3049//90 595//90 2469//90
f 2901//167 2902//167 3048//167
f 2907//168 3050//168 2902//168
f 3049//92 2653//92 595//92
f 1311//58 3051//58 3052//58
f 3053//98 3054//98 1248//98
f 3050//151 2907//151 2906//151
f 1311//233 3052//233 3055//233
f 2217//101 3056//101 1248//101
f 3053//101 1248//101 3056//101
f 2269//103 3056//103 2217//103
f 2419//12 555//12 553//12
f 3057//37 3058//37 3059//37
f 555//225 2419//225 556//225
f 2426//225 556//225 2419//225
f 3058//33 3057//33 3060//33
f 559//226 556//226 2426//226
f 1316//34 3060//34 3061//34
f 2431//13 562//13 559//13
f 3062//35 1320//35 3061//35
f 1316//35 3061//35 1320//35
f 3023//116 2904//116 2895//116
f 3063//14 569//14 562//14
f 3063//14 562//14 2431//14
f 2682//39 2688//39 3064//39
f 3065//39 3064//39 2688//39
f 1320//78 3062//78 3066//78
f 569//132 3063//132 572//132
f 2439//132 572//132 3063//132
f 1279//112 3067//112 1258//112
f 2682//40 3064//40 3068//40
f 2439//75 581//75 572//75
f 2685//41 3068//41 3069//41
f 3019//185 3033//185 3021//185
f 3035//185 3021//185 3033//185
f 2685//42 3069//42 3070//42
f 2676//48 2684//48 2915//48
f 585//15 581//15 2444//15
f 2208//88 3071//88 2908//88
f 584//16 585//16 2444//16
f 2703//43 2704//43 3072//43
f 1123//90 3073//90 2208//90
f 573//185 3074//185 3075//185
f 2705//44 3072//44 3076//44
f 2933//92 3073//92 1123//92
f 2705//45 3076//45 3077//45
f 2705//45 3077//45 2737//45
f 2467//185 3078//185 3079//185
f 3078//185 3075//185 3074//185
f 2211//94 3080//94 2933//94
f 3054//96 3080//96 1204//96
f 2708//46 2737//46 3081//46
f 3077//46 3081//46 2737//46
f 2561//185 3035//185 3034//185
f 3034//185 2447//185 2561//185
f 2370//69 592//69 591//69
f 2708//47 3081//47 3082//47
f 593//70 592//70 2370//70
f 3083//185 3084//185 3085//185
f 3086//49 2691//49 3082//49
f 3087//51 2694//51 3086//51
f 2691//51 3086//51 2694//51
f 1342//57 1341//57 3051//57
f 2695//52 2694//52 3088//52
f 3087//52 3088//52 2694//52
f 3089//185 3090//185 3091//185
f 1311//58 1342//58 3051//58
f 3092//185 3089//185 3093//185
f 2695//55 3088//55 3094//55
f 1395//6 3095//6 1268//6
f 3075//185 3092//185 573//185
f 3065//38 2688//38 3094//38
f 3096//185 3097//185 2881//185
f 1396//108 3095//108 1395//108
f 2620//96 610//96 2654//96
f 3098//60 3099//60 2716//60
f 2719//61 2716//61 3100//61
f 3099//61 3100//61 2716//61
f 1279//143 2266//143 3067//143
f 3101//62 2725//62 3100//62
f 2719//62 3100//62 2725//62
f 2744//97 3016//97 1572//97
f 1202//63 2725//63 3102//63
f 3101//63 3102//63 2725//63
f 1572//100 3024//100 3103//100
f 2888//235 3031//235 2889//235
f 1202//64 3102//64 3104//64
f 2894//142 3032//142 2888//142
f 2726//65 3104//65 3105//65
f 2974//254 2228//254 2229//254
f 3106//67 2727//67 3105//67
f 2726//67 3105//67 2727//67
f 3107//255 2229//255 2233//255
f 2727//152 3106//152 3108//152
f 2727//152 3108//152 2704//152
f 1579//106 3109//106 3039//106
f 3110//220 3107//220 2232//220
f 2896//198 2897//198 2954//198
f 3108//43 3072//43 2704//43
f 1332//41 3111//41 3112//41
f 2897//162 2955//162 2954//162
f 696//117 2671//117 2583//117
f 2899//144 3113//144 2953//144
f 2900//146 1104//146 2899//146
f 3113//146 2899//146 1104//146
f 2900//251 2901//251 1104//251
f 3047//127 1595//127 1592//127
f 2999//113 1336//113 1335//113
f 632//169 2586//169 636//169
f 1595//129 3047//129 3114//129
f 1336//53 2999//53 3115//53
f 636//119 2711//119 638//119
f 3116//119 638//119 2711//119
f 1341//56 1337//56 3117//56
f 3118//165 3119//165 1266//165
f 3116//120 2591//120 638//120
f 3117//57 3051//57 1341//57
f 1266//125 3119//125 3120//125
f 2994//121 2246//121 2247//121
f 1557//45 3121//45 3122//45
f 2654//94 603//94 604//94
f 2891//160 1080//160 2893//160
f 610//96 603//96 2654//96
f 2892//192 1080//192 2891//192
f 2621//98 600//98 610//98
f 2909//193 827//193 2892//193
f 3123//124 2252//124 2253//124
f 601//101 600//101 2621//101
f 2909//194 828//194 827//194
f 3007//49 3008//49 1359//49
f 2254//247 3123//247 2253//247
f 2914//214 3124//214 2912//214
f 2668//108 692//108 693//108
f 2259//157 3125//157 3004//157
f 3124//215 2914//215 2916//215
f 2918//50 2675//50 2915//50
f 3126//39 1368//39 3017//39
f 692//110 2668//110 694//110
f 3127//110 694//110 2668//110
f 2226//177 3128//177 2260//177
f 2991//85 2992//85 2919//85
f 1332//40 3126//40 3111//40
f 694//112 3127//112 695//112
f 2672//112 695//112 3127//112
f 3068//40 2681//40 2682//40
f 2920//258 3129//258 2919//258
f 696//143 695//143 2672//143
f 2681//41 3068//41 2685//41
f 3128//128 2226//128 2971//128
f 2583//117 697//117 696//117
f 2685//42 3070//42 2684//42
f 1290//71 3130//71 3131//71
f 633//240 697//240 2583//240
f 3070//48 2915//48 2684//48
f 3132//72 1290//72 3131//72
f 3133//253 2364//253 3134//253
f 2364//253 2362//253 3134//253
f 2703//44 3072//44 2705//44
f 2233//220 2232//220 3107//220
f 2235//54 3135//54 2232//54
f 2708//47 3082//47 2692//47
f 2692//49 3082//49 2691//49
f 2717//121 639//121 640//121
f 3136//256 2234//256 2145//256
f 639//114 2717//114 41//114
f 2699//250 2145//250 2146//250
f 42//115 41//115 2720//115
f 2268//166 2240//166 3137//166
f 2695//55 3094//55 2697//55
f 2723//124 44//124 42//124
f 2697//38 3094//38 2688//38
f 2240//169 2988//169 3137//169
f 44//247 2723//247 34//247
f 1221//59 3098//59 1229//59
f 34//248 2729//248 709//248
f 2716//60 1229//60 3098//60
f 709//249 2729//249 708//249
f 17//177 2734//177 13//177
f 1202//64 3104//64 1198//64
f 3129//259 2920//259 2922//259
f 13//128 2734//128 2995//128
f 13//128 2995//128 705//128
f 2726//65 1198//65 3104//65
f 2214//179 660//179 2995//179
f 2254//247 3138//247 3123//247
f 3138//248 2254//248 2256//248
f 3134//99 2362//99 2356//99
f 2652//18 3003//18 3139//18
f 2710//18 2652//18 3139//18
f 3140//189 2713//189 3139//189
f 3002//211 2353//211 2346//211
f 2710//189 3139//189 2713//189
f 2713//159 3140//159 1275//159
f 3141//159 1275//159 3140//159
f 3118//161 2741//161 3141//161
f 1275//161 3141//161 2741//161
f 2266//143 3142//143 3067//143
f 2741//165 3118//165 1266//165
f 2265//117 3143//117 2266//117
f 3144//240 3143//240 2268//240
f 3120//125 1263//125 1266//125
f 3010//209 3145//209 3025//209
f 1263//163 3120//163 3146//163
f 1263//163 3146//163 1250//163
f 3025//201 2440//201 3010//201
f 3147//164 1249//164 3146//164
f 1250//164 3146//164 1249//164
f 3009//203 2437//203 3148//203
f 1249//145 3147//145 3149//145
f 1249//145 3149//145 1245//145
f 3133//222 3148//222 2364//222
f 2437//222 2364//222 3148//222
f 1866//142 1871//142 2011//142
f 3150//147 1237//147 3149//147
f 1245//147 3149//147 1237//147
f 1873//158 3151//158 2013//158
f 1237//148 3150//148 3152//148
f 1237//148 3152//148 1228//148
f 1873//160 1902//160 3151//160
f 3153//149 1220//149 3152//149
f 1228//149 3152//149 1220//149
f 1220//150 3153//150 3154//150
f 1220//150 3154//150 1221//150
f 3155//79 1378//79 3132//79
f 3154//59 3098//59 1221//59
f 1378//81 3155//81 3156//81
f 2029//193 1957//193 1960//193
f 1379//118 3156//118 3157//118
f 3158//2 3159//2 3160//2
f 3161//2 3159//2 3158//2
f 1379//82 3157//82 1384//82
f 3162//82 1384//82 3157//82
f 3163//2 3159//2 3161//2
f 2035//17 2126//17 2120//17
f 1384//83 3162//83 1383//83
f 3164//83 1383//83 3162//83
f 3165//2 3159//2 3163//2
f 3166//2 3167//2 3165//2
f 1383//84 3164//84 3168//84
f 3169//2 3167//2 3166//2
f 3170//2 3167//2 3169//2
f 1393//122 3168//122 227//122
f 3171//122 227//122 3168//122
f 3172//131 3173//131 1675//131
f 1076//1 238//1 431//1
f 227//123 3171//123 1392//123
f 3174//123 1392//123 3171//123
f 3175//2 3167//2 3176//2
f 3176//2 3167//2 3177//2
f 439//1 238//1 1076//1
f 1675//133 3173//133 1674//133
f 3178//133 1674//133 3173//133
f 446//1 238//1 439//1
f 1392//86 3174//86 1398//86
f 3179//86 1398//86 3174//86
f 1674//134 3178//134 3180//134
f 448//1 238//1 446//1
f 3179//87 3181//87 1398//87
f 1400//87 1398//87 3181//87
f 430//1 431//1 238//1
f 1679//135 3180//135 3182//135
f 3183//136 1679//136 3182//136
f 413//1 238//1 411//1
f 448//1 411//1 238//1
f 3184//89 1400//89 3181//89
f 3185//195 1686//195 3183//195
f 3186//2 3167//2 3187//2
f 3188//91 221//91 3184//91
f 1686//137 3185//137 3189//137
f 469//1 238//1 1108//1
f 221//93 3188//93 3190//93
f 2052//257 2147//257 2050//257
f 3191//2 1097//2 454//2
f 1683//138 3189//138 3192//138
f 472//1 238//1 469//1
f 1433//95 3190//95 3193//95
f 1683//139 3192//139 3194//139
f 476//1 238//1 472//1
f 3167//2 3175//2 3195//2
f 484//1 238//1 476//1
f 1433//97 3193//97 3196//97
f 1097//2 3197//2 452//2
f 3195//2 3187//2 3167//2
f 3198//185 2885//185 3199//185
f 3200//2 452//2 3197//2
f 452//2 454//2 1097//2
f 1687//196 3194//196 1779//196
f 1779//196 3194//196 3201//196
f 3197//2 3202//2 3200//2
f 3203//197 1779//197 3201//197
f 3204//185 3198//185 3205//185
f 256//100 3196//100 1442//100
f 3206//100 1442//100 3196//100
f 3207//185 3204//185 3208//185
f 3209//140 1699//140 3203//140
f 3210//2 3200//2 3202//2
f 425//1 238//1 423//1
f 497//1 423//1 238//1
f 3206//102 3211//102 1442//102
f 297//102 1442//102 3211//102
f 1699//141 3209//141 1704//141
f 3212//141 1704//141 3209//141
f 816//1 1129//1 764//1
f 297//104 3211//104 3213//104
f 3214//185 3207//185 3215//185
f 3208//185 3215//185 3207//185
f 3212//170 3216//170 1704//170
f 1780//170 1704//170 3216//170
f 1137//1 764//1 1129//1
f 238//106 3213//106 3217//106
f 3218//171 1780//171 3216//171
f 2095//245 3219//245 2087//245
f 3220//172 1707//172 3218//172
f 1021//1 764//1 1137//1
f 1144//1 764//1 1021//1
f 3221//155 1707//155 3220//155
f 3222//2 3223//2 181//2
f 3224//2 1530//2 3225//2
f 1152//1 1030//1 3226//1
f 3227//185 3228//185 3229//185
f 3230//185 3227//185 3231//185
f 3232//185 3233//185 3230//185
f 1158//1 1164//1 2015//1
f 181//2 1533//2 3222//2
f 1530//2 181//2 3223//2
f 3223//2 3225//2 1530//2
f 3234//185 3235//185 3236//185
f 3237//1 2015//1 1164//1
f 3238//185 3234//185 3236//185
f 3239//185 3238//185 3236//185
f 1960//193 3240//193 2029//193
f 3241//185 3239//185 3236//185
f 1639//1 3226//1 1030//1
f 1959//194 3240//194 1960//194
f 1164//1 1040//1 3237//1
f 3242//185 3241//185 3236//185
f 3243//185 3242//185 3236//185
f 1040//1 1168//1 1630//1
f 3244//185 3243//185 3236//185
f 3245//145 3246//145 1729//145
f 465//1 238//1 463//1
f 1108//1 238//1 465//1
f 463//1 238//1 1168//1
f 2035//182 2037//182 2126//182
f 1729//147 3246//147 3247//147
f 3248//185 3244//185 3236//185
f 1630//1 3237//1 1040//1
f 238//1 1630//1 1168//1
f 3249//2 3159//2 3250//2
f 3251//2 3159//2 3249//2
f 3252//185 3248//185 3236//185
f 3253//185 3252//185 3236//185
f 3254//107 238//107 3217//107
f 3255//185 3253//185 3236//185
f 3256//185 3255//185 3236//185
f 3160//2 3159//2 3257//2
f 3251//2 3257//2 3159//2
f 3258//109 1738//109 3254//109
f 3259//185 3256//185 3236//185
f 1738//111 3258//111 1733//111
f 3260//111 1733//111 3258//111
f 3261//185 3259//185 3236//185
f 3262//185 3261//185 3236//185
f 3260//126 3263//126 1733//126
f 1722//126 1733//126 3263//126
f 1722//127 3263//127 3264//127
f 2050//188 3265//188 2143//188
f 3266//2 3159//2 3267//2
f 1458//129 3264//129 3268//129
f 3265//257 2050//257 2147//257
f 3269//168 3270//168 711//168
f 3271//2 3159//2 3266//2
f 3272//185 3236//185 3273//185
f 2052//190 2053//190 2147//190
f 1458//130 3268//130 1464//130
f 3274//130 1464//130 3268//130
f 3273//185 3236//185 3275//185
f 3276//185 3275//185 3277//185
f 1101//151 711//151 3278//151
f 3270//151 3278//151 711//151
f 1761//208 3279//208 3280//208
f 3281//2 3159//2 3282//2
f 3282//2 3159//2 3271//2
f 1101//153 3278//153 3283//153
f 1236//2 3159//2 3281//2
f 3284//185 3276//185 3277//185
f 1761//18 3280//18 3285//18
f 2155//246 3219//246 2095//246
f 3286//185 3277//185 3287//185
f 3288//116 3289//116 714//116
f 3290//185 3277//185 3291//185
f 3291//185 3277//185 3292//185
f 3293//185 3292//185 3277//185
f 489//1 238//1 484//1
f 489//1 497//1 238//1
f 427//1 238//1 425//1
f 427//1 430//1 238//1
f 3226//1 1637//1 1152//1
f 764//1 1640//1 1656//1
f 764//1 1658//1 3294//1
f 764//1 3294//1 3295//1
f 3295//1 1667//1 764//1
f 764//1 1666//1 3296//1
f 3296//1 1882//1 764//1
f 1899//1 764//1 1894//1
f 1886//1 1895//1 764//1
f 1357//2 3159//2 1352//2
f 2177//167 2060//167 2213//167
f 3297//2 3159//2 1357//2
f 3298//2 3299//2 3300//2
f 2061//168 2064//168 2213//168
f 3301//125 1716//125 3302//125
f 1717//125 3302//125 1716//125
f 1353//2 3299//2 3303//2
f 3301//163 3304//163 1716//163
f 257//1 1442//1 296//1
f 219//1 1433//1 255//1
f 1436//1 1402//1 220//1
f 1401//1 1400//1 1436//1
f 1399//1 1398//1 1401//1
f 228//1 1392//1 1399//1
f 108//1 1512//1 106//1
f 1512//1 112//1 106//1
f 113//1 115//1 106//1
f 1384//1 226//1 1379//1
f 1393//1 226//1 1383//1
f 107//1 106//1 1490//1
f 1490//1 106//1 231//1
f 3305//185 3236//185 3306//185
f 2066//153 3307//153 2065//153
f 3308//185 3236//185 3309//185
f 3307//154 2066//154 2511//154
f 3310//2 3299//2 3311//2
f 1731//147 1729//147 3247//147
f 2511//116 2070//116 3312//116
f 3290//185 3287//185 3277//185
f 3286//185 3284//185 3277//185
f 3313//185 3236//185 3272//185
f 3309//185 3236//185 3313//185
f 3314//2 3299//2 3310//2
f 1415//2 3311//2 3299//2
f 1335//1 1336//1 1310//1
f 1323//1 2945//1 922//1
f 3315//1 1292//1 922//1
f 2945//1 3315//1 922//1
f 351//1 27//1 62//1
f 351//1 40//1 27//1
f 39//1 28//1 27//1
f 1314//1 3058//1 1310//1
f 3058//1 1315//1 1310//1
f 3316//185 3293//185 3277//185
f 1731//148 3247//148 3317//148
f 1375//2 3299//2 3314//2
f 2070//156 1893//156 3312//156
f 1325//2 3299//2 1375//2
f 3318//185 3316//185 3277//185
f 27//1 29//1 2//1
f 25//1 623//1 2//1
f 623//1 626//1 2//1
f 626//1 1642//1 2//1
f 152//1 2//1 1642//1
f 152//1 1642//1 1644//1
f 1646//1 153//1 152//1
f 1644//1 1646//1 152//1
f 3319//156 717//156 3289//156
f 714//156 3289//156 717//156
f 3320//150 1739//150 3321//150
f 2076//162 3322//162 2222//162
f 3277//185 1310//185 3318//185
f 1324//2 3299//2 1325//2
f 3323//185 3318//185 1310//185
f 3324//185 3323//185 1310//185
f 717//235 3319//235 3325//235
f 717//235 3325//235 716//235
f 3326//2 3299//2 1330//2
f 3327//142 718//142 3325//142
f 716//142 3325//142 718//142
f 2680//200 2121//200 2231//200
f 3328//185 3324//185 1310//185
f 3329//185 3328//185 1310//185
f 3330//262 3331//262 2931//262
f 1324//2 1330//2 3299//2
f 3299//2 3326//2 3332//2
f 3332//2 3300//2 3299//2
f 3298//2 3303//2 3299//2
f 1352//2 3159//2 1353//2
f 3333//2 3159//2 3297//2
f 718//158 3327//158 3334//158
f 2230//258 2078//258 2084//258
f 1310//185 2468//185 3335//185
f 3084//185 3335//185 2468//185
f 3336//2 3299//2 1461//2
f 3337//2 3299//2 3336//2
f 1410//2 3299//2 3337//2
f 1453//2 1461//2 3299//2
f 3338//185 3236//185 260//185
f 260//185 3236//185 3339//185
f 3340//185 3341//185 3236//185
f 1412//2 3299//2 1410//2
f 3342//189 1766//189 3285//189
f 3339//185 3236//185 3343//185
f 3338//185 3344//185 3236//185
f 3343//185 3236//185 3341//185
f 3345//159 1775//159 1766//159
f 3345//159 1766//159 3342//159
f 1412//2 1415//2 3299//2
f 3346//2 3347//2 3348//2
f 3341//185 3340//185 3349//185
f 3302//165 1717//165 3350//165
f 3340//185 2184//185 3349//185
f 1498//2 3347//2 3346//2
f 2212//151 2065//151 3351//151
f 2184//185 2180//185 3349//185
f 1497//2 3347//2 1498//2
f 2092//65 3352//65 3353//65
f 3351//153 2065//153 3307//153
f 2173//185 2168//185 3349//185
f 2180//185 2173//185 3349//185
f 2810//9 1180//9 1182//9
f 2810//9 1182//9 2870//9
f 1504//2 3347//2 1497//2
f 746//184 729//184 3354//184
f 1509//2 3355//2 3347//2
f 1185//10 1180//10 2810//10
f 2157//185 2944//185 3349//185
f 2156//185 2157//185 3349//185
f 3356//186 751//186 3354//186
f 2944//185 2942//185 3349//185
f 3357//2 3347//2 3355//2
f 2767//19 1189//19 1186//19
f 2942//185 2248//185 3358//185
f 1451//2 3359//2 3360//2
f 1192//20 1189//20 2767//20
f 2818//21 1193//21 1192//21
f 3361//232 3034//232 3033//232
f 3322//144 2076//144 2488//144
f 1195//22 1193//22 2818//22
f 2248//185 2245//185 3362//185
f 3145//219 3363//219 3018//219
f 2245//185 2989//185 3364//185
f 2822//237 2740//237 2739//237
f 3331//262 3365//262 2931//262
f 2963//185 2239//185 3364//185
f 2989//185 2963//185 3364//185
f 3025//209 3145//209 3018//209
f 3366//25 2738//25 2740//25
f 3366//25 2740//25 2822//25
f 3367//190 766//190 3368//190
f 1553//2 1554//2 3369//2
f 2271//185 1996//185 3370//185
f 2230//258 2084//258 3371//258
f 1554//2 198//2 3369//2
f 2827//26 2738//26 3366//26
f 198//2 1564//2 3369//2
f 3372//262 3373//262 2931//262
f 2083//259 3374//259 2084//259
f 3371//259 2084//259 3374//259
f 1564//2 494//2 3369//2
f 1540//2 1543//2 3369//2
f 2706//26 2738//26 2827//26
f 3375//262 3376//262 2931//262
f 3373//262 3375//262 2931//262
f 2083//210 2238//210 3374//210
f 3377//217 3075//217 3078//217
f 190//2 1550//2 3369//2
f 2867//262 2866//262 3378//262
f 1581//148 3379//148 3380//148
f 2822//262 2821//262 1371//262
f 2821//262 2819//262 1371//262
f 494//2 493//2 3369//2
f 1550//2 1553//2 3369//2
f 2831//30 2731//30 2702//30
f 2827//262 3366//262 1371//262
f 2822//262 1371//262 3366//262
f 3381//227 2467//227 2465//227
f 493//2 1626//2 3369//2
f 2696//99 2097//99 2242//99
f 3382//185 3236//185 3383//185
f 2728//31 2731//31 2831//31
f 1626//2 503//2 3369//2
f 2461//228 3384//228 2465//228
f 2833//32 1196//32 2728//32
f 503//2 643//2 3369//2
f 2826//262 2827//262 1371//262
f 3385//185 3236//185 3386//185
f 643//2 645//2 3369//2
f 1197//238 1196//238 2833//238
f 3387//185 3236//185 3388//185
f 2830//262 2826//262 1371//262
f 645//2 1633//2 3369//2
f 2835//77 1201//77 1197//77
f 2831//262 2830//262 1371//262
f 2673//212 2110//212 3389//212
f 1633//2 650//2 3369//2
f 2833//262 2832//262 1371//262
f 2832//262 2831//262 1371//262
f 3390//71 2721//71 1201//71
f 3390//71 1201//71 2835//71
f 650//2 654//2 3369//2
f 3389//206 2110//206 2251//206
f 3391//185 3236//185 3344//185
f 654//2 662//2 3369//2
f 2840//72 2721//72 3390//72
f 2835//262 2834//262 1371//262
f 2834//262 2833//262 1371//262
f 2447//213 338//213 2448//213
f 662//2 661//2 3369//2
f 2718//72 2721//72 2840//72
f 3392//191 766//191 3367//191
f 2835//262 1371//262 3390//262
f 2255//199 2116//199 3393//199
f 2715//79 2718//79 2840//79
f 3393//214 2116//214 2679//214
f 2842//81 1230//81 2715//81
f 3019//234 3363//234 3033//234
f 3347//2 3369//2 661//2
f 674//2 3347//2 661//2
f 3394//118 1222//118 2842//118
f 1230//118 2842//118 1222//118
f 2839//262 2840//262 1371//262
f 2842//262 2839//262 1371//262
f 1222//82 3394//82 1225//82
f 2846//82 1225//82 3394//82
f 1233//83 1225//83 2846//83
f 1616//2 1660//2 3347//2
f 688//2 3347//2 686//2
f 2847//262 1371//262 2849//262
f 3395//185 3277//185 3396//185
f 2849//122 1273//122 1241//122
f 3377//224 3092//224 3075//224
f 700//2 1616//2 3347//2
f 688//2 700//2 3347//2
f 3397//230 2683//230 2133//230
f 2127//230 2133//230 2683//230
f 3398//123 2742//123 1273//123
f 3398//123 1273//123 2849//123
f 3397//232 2133//232 2432//232
f 837//2 3347//2 1660//2
f 3399//185 3277//185 3400//185
f 2742//86 3398//86 3401//86
f 1665//2 3347//2 837//2
f 3400//185 3277//185 3402//185
f 2432//234 2132//234 2435//234
f 2163//28 2162//28 3403//28
f 2943//28 3403//28 2162//28
f 3404//185 3402//185 3277//185
f 2435//219 2136//219 2135//219
f 2435//219 2135//219 3405//219
f 2926//262 3406//262 2927//262
f 1856//2 3347//2 1851//2
f 3407//185 3277//185 3408//185
f 3404//185 3277//185 3407//185
f 2926//4 2164//4 3403//4
f 2163//4 3403//4 2164//4
f 852//2 3347//2 1856//2
f 3409//209 3405//209 2272//209
f 2135//209 2272//209 3405//209
f 3406//262 3410//262 2931//262
f 2164//5 2926//5 2165//5
f 3411//229 3384//229 2457//229
f 1784//133 3412//133 1783//133
f 3413//133 1783//133 3412//133
f 1858//2 3347//2 852//2
f 3410//262 3414//262 2931//262
f 3415//185 3277//185 3416//185
f 3417//185 3277//185 3415//185
f 3408//185 3277//185 3417//185
f 3409//201 2272//201 2450//201
f 2165//7 2928//7 2166//7
f 719//2 3347//2 1858//2
f 1783//134 3413//134 3418//134
f 721//2 3347//2 719//2
f 2166//73 2928//73 1417//73
f 3419//262 3330//262 2931//262
f 3414//262 3419//262 2931//262
f 1466//135 3418//135 3420//135
f 1417//74 2932//74 1416//74
f 1416//76 2932//76 1418//76
f 3421//136 1466//136 3420//136
f 869//2 3347//2 864//2
f 721//2 864//2 3347//2
f 1665//2 1851//2 3347//2
f 2693//253 2098//253 2696//253
f 3422//185 3423//185 3277//185
f 3424//195 1483//195 3421//195
f 3425//185 3422//185 3277//185
f 1814//2 3347//2 869//2
f 3426//262 3427//262 3406//262
f 1819//2 3347//2 1814//2
f 2870//8 1182//8 1420//8
f 1483//137 3424//137 3428//137
f 3429//185 637//185 3277//185
f 1825//2 3347//2 1819//2
f 2935//262 3426//262 3406//262
f 2936//262 2935//262 3406//262
f 1828//2 3347//2 1825//2
f 1500//138 3428//138 3430//138
f 2939//262 2937//262 3406//262
f 2937//262 2936//262 3406//262
f 1834//2 3347//2 1828//2
f 1987//58 1998//58 3427//58
f 3431//185 3432//185 3277//185
f 3433//185 3431//185 3277//185
f 2700//217 2273//217 2472//217
f 892//2 3347//2 1834//2
f 2940//262 2939//262 3406//262
f 2941//262 2940//262 3406//262
f 1500//139 3430//139 3434//139
f 3426//233 1448//233 3427//233
f 1987//233 3427//233 1448//233
f 1839//2 3347//2 892//2
f 2148//202 2149//202 2472//202
f 2935//36 1449//36 3426//36
f 1448//36 3426//36 1449//36
f 1449//37 2935//37 1431//37
f 3348//2 3347//2 1839//2
f 1504//2 1509//2 3347//2
f 2947//262 2948//262 3406//262
f 1431//33 2937//33 1435//33
f 2950//262 2947//262 3406//262
f 3435//185 3277//185 3436//185
f 3437//185 3277//185 3435//185
f 2939//34 1489//34 2937//34
f 1435//34 2937//34 1489//34
f 679//2 3347//2 674//2
f 1653//2 3347//2 679//2
f 1653//2 686//2 3347//2
f 2128//205 2712//205 2129//205
f 1489//35 2939//35 1438//35
f 3078//202 2467//202 3438//202
f 2951//262 2950//262 3406//262
f 3436//185 3277//185 3439//185
f 3440//141 2020//141 3441//141
f 2952//262 2951//262 3406//262
f 3438//227 2467//227 3381//227
f 3347//2 3357//2 3360//2
f 3299//2 3359//2 1453//2
f 1451//2 1453//2 3359//2
f 669//185 3277//185 670//185
f 2956//262 2952//262 3406//262
f 2020//170 3440//170 3442//170
f 3381//228 2465//228 3384//228
f 2011//2 3443//2 1893//2
f 2958//262 2957//262 3406//262
f 2957//262 2956//262 3406//262
f 3444//185 3277//185 3445//185
f 3446//171 1527//171 3442//171
f 2013//2 3443//2 2011//2
f 2958//262 3406//262 2961//262
f 2461//229 2457//229 3384//229
f 726//193 732//193 3447//193
f 1329//2 1328//2 2055//2
f 1527//172 3446//172 3448//172
f 2962//262 2960//262 3406//262
f 3427//262 2962//262 3406//262
f 2960//262 2961//262 3406//262
f 3449//194 725//194 3447//194
f 726//194 3447//194 725//194
f 2950//40 2023//40 2161//40
f 3432//185 3429//185 3277//185
f 637//185 3425//185 3277//185
f 3423//185 3450//185 3277//185
f 3450//185 3451//185 3277//185
f 3451//185 3452//185 3277//185
f 2023//41 2950//41 2024//41
f 2707//2 1529//2 2141//2
f 3453//181 725//181 3449//181
f 2055//2 2056//2 1329//2
f 3198//246 2911//246 2885//246
f 728//17 3453//17 3454//17
f 3455//185 1310//185 3456//185
f 1529//2 1329//2 2056//2
f 2056//2 2141//2 1529//2
f 3457//262 2756//262 2964//262
f 3406//262 2970//262 2756//262
f 3207//241 1081//241 3204//241
f 1545//62 1587//62 3458//62
f 3459//62 3458//62 1587//62
f 2965//262 2756//262 2966//262
f 2964//262 2756//262 2965//262
f 3460//183 729//183 3461//183
f 3214//180 1081//180 3207//180
f 3452//185 3445//185 3277//185
f 670//185 3277//185 3444//185
f 3439//185 3277//185 669//185
f 3462//185 1310//185 3437//185
f 3463//185 1310//185 3462//185
f 3456//185 1310//185 3463//185
f 2002//113 2958//113 1526//113
f 2141//2 2143//2 2707//2
f 1545//63 3458//63 3464//63
f 2966//262 2756//262 2967//262
f 3460//184 3354//184 729//184
f 1523//2 2707//2 2143//2
f 2961//53 1992//53 2958//53
f 1526//53 2958//53 1992//53
f 2968//262 2756//262 2969//262
f 2967//262 2756//262 2968//262
f 2143//2 3265//2 1523//2
f 1992//56 2961//56 1990//56
f 746//186 3354//186 751//186
f 2389//2 2391//2 3219//2
f 2948//262 2970//262 3406//262
f 2969//262 2756//262 2970//262
f 3465//244 1089//244 3466//244
f 3219//2 3467//2 2389//2
f 1990//57 2962//57 1998//57
f 2820//2 2389//2 3467//2
f 2092//67 3353//67 3468//67
f 1089//236 3465//236 1090//236
f 3469//236 1090//236 3465//236
f 1998//58 2962//58 3427//58
f 751//252 3356//252 3470//252
f 3228//11 1091//11 1090//11
f 3228//11 1090//11 3469//11
f 3468//152 3471//152 1559//152
f 3467//2 3472//2 2820//2
f 2378//2 2381//2 3473//2
f 3474//185 1310//185 3475//185
f 1789//43 1788//43 3476//43
f 3477//262 2756//262 2973//262
f 1091//12 3228//12 3227//12
f 3478//185 1310//185 3479//185
f 1559//43 3471//43 3480//43
f 2975//262 2972//262 2756//262
f 2972//262 2973//262 2756//262
f 3457//44 1791//44 3476//44
f 1789//44 3476//44 1791//44
f 3230//225 3481//225 3227//225
f 3482//187 760//187 3483//187
f 2381//2 2820//2 3472//2
f 2978//262 2975//262 2756//262
f 3484//185 1310//185 3455//185
f 3479//185 1310//185 3484//185
f 2964//45 1790//45 3457//45
f 1791//45 3457//45 1790//45
f 1790//46 2964//46 1520//46
f 3485//226 3486//226 3230//226
f 2982//262 3487//262 2756//262
f 1520//47 2966//47 1515//47
f 3481//226 3230//226 3486//226
f 2982//262 2756//262 2983//262
f 1608//163 3488//163 3489//163
f 1515//49 2966//49 1513//49
f 3490//13 3486//13 3491//13
f 3492//185 3493//185 1310//185
f 3494//14 3490//14 3491//14
f 3495//185 3492//185 1310//185
f 3496//185 3495//185 1310//185
f 3497//145 3498//145 1576//145
f 3499//245 872//245 3392//245
f 3500//185 3501//185 1310//185
f 3501//185 3496//185 1310//185
f 1519//55 2970//55 1521//55
f 1576//147 3498//147 3379//147
f 3401//262 1371//262 3011//262
f 3502//185 3500//185 1310//185
f 1521//38 2970//38 2113//38
f 103//15 3503//15 3238//15
f 3011//262 1371//262 3012//262
f 1371//262 3069//262 3012//262
f 1739//59 3320//59 1741//59
f 3069//262 3068//262 3504//262
f 3504//262 3012//262 3069//262
f 1581//149 3380//149 3505//149
f 1996//185 1995//185 3370//185
f 1741//60 3477//60 1536//60
f 2973//60 1536//60 3477//60
f 3068//262 3064//262 3015//262
f 3015//262 3504//262 3068//262
f 3506//185 3507//185 1995//185
f 3505//150 3508//150 1575//150
f 1535//61 1536//61 2973//61
f 1995//185 2221//185 3506//185
f 3065//262 3094//262 3024//262
f 3509//59 1583//59 3508//59
f 1575//59 3508//59 1583//59
f 2975//62 1534//62 1535//62
f 3510//68 276//68 3243//68
f 1542//63 1534//63 2975//63
f 3511//185 3512//185 2762//185
f 3513//185 3506//185 2221//185
f 1583//60 3509//60 3514//60
f 2746//2 3473//2 2381//2
f 1542//64 2979//64 1541//64
f 3472//2 2746//2 2381//2
f 3039//262 3109//262 2755//262
f 3103//262 3024//262 3094//262
f 3459//61 1587//61 3514//61
f 3487//65 1786//65 1541//65
f 3487//65 1541//65 2979//65
f 2373//2 2378//2 3473//2
f 2221//185 2267//185 3513//185
f 3473//2 2855//2 2373//2
f 2982//67 1787//67 1786//67
f 2982//67 1786//67 3487//67
f 3040//262 3039//262 2755//262
f 3515//262 3040//262 2755//262
f 2476//229 2129//229 3516//229
f 1788//152 1787//152 2982//152
f 3517//185 3513//185 2267//185
f 3518//204 1593//204 3519//204
f 3044//262 3515//262 2755//262
f 3047//262 3045//262 2755//262
f 3114//262 3047//262 2755//262
f 3045//262 3044//262 2755//262
f 2267//185 2264//185 3517//185
f 3516//205 2129//205 2712//205
f 1788//43 2983//43 3476//43
f 1593//174 3518//174 3520//174
f 2264//185 2216//185 3517//185
f 3521//185 909//185 2762//185
f 3522//185 3521//185 2762//185
f 2488//2 2169//2 3443//2
f 1597//175 3520//175 3523//175
f 3172//262 3114//262 2755//262
f 3524//185 3522//185 2762//185
f 3525//185 3524//185 2762//185
f 2155//239 2167//239 3467//239
f 3472//239 3467//239 2167//239
f 3526//208 1597//208 3523//208
f 3512//185 3525//185 2762//185
f 3172//262 2755//262 3173//262
f 2213//2 3443//2 2177//2
f 2169//2 2177//2 3443//2
f 2746//241 3472//241 2167//241
f 1563//91 3012//91 3504//91
f 3527//18 1600//18 3526//18
f 2212//2 3443//2 2213//2
f 3178//262 3173//262 2755//262
f 3351//2 3307//2 3443//2
f 3510//69 3243//69 3528//69
f 3244//69 3528//69 3243//69
f 3180//262 3178//262 2755//262
f 1600//189 3527//189 3529//189
f 2511//2 3443//2 3307//2
f 2178//243 2179//243 2855//243
f 3182//262 3180//262 2755//262
f 1893//2 3443//2 3312//2
f 3183//262 3182//262 2755//262
f 3185//262 3183//262 2755//262
f 3530//161 3531//161 1607//161
f 3189//262 3185//262 2755//262
f 3192//262 3189//262 2755//262
f 3103//100 1571//100 1572//100
f 2511//2 3312//2 3443//2
f 2212//2 3351//2 3443//2
f 2222//2 3322//2 3443//2
f 3532//102 1580//102 3103//102
f 3511//185 2762//185 3533//185
f 3534//185 3533//185 2762//185
f 3109//104 1579//104 3532//104
f 3535//92 3536//92 3255//92
f 2488//2 3443//2 3322//2
f 3039//106 1585//106 1579//106
f 949//185 3534//185 2762//185
f 2230//2 3443//2 2231//2
f 1586//107 1585//107 3039//107
f 3212//262 2755//262 3216//262
f 3371//2 3443//2 2230//2
f 3537//185 949//185 2762//185
f 3538//185 3537//185 2762//185
f 3218//262 2755//262 3220//262
f 1586//109 3040//109 3515//109
f 3539//185 3538//185 2762//185
f 2238//2 3443//2 3374//2
f 3374//2 3443//2 3371//2
f 965//185 3539//185 2762//185
f 3540//185 965//185 2762//185
f 2617//2 3443//2 2238//2
f 3541//185 3540//185 2762//185
f 2199//13 3542//13 2864//13
f 3542//14 2199//14 2887//14
f 2197//14 2887//14 2199//14
f 3302//262 3350//262 2756//262
f 2242//2 3443//2 2696//2
f 2244//2 3443//2 2242//2
f 2197//132 2206//132 2887//132
f 3114//129 1668//129 1595//129
f 3301//262 3302//262 2756//262
f 2673//2 3443//2 2244//2
f 3543//169 3272//169 3273//169
f 3304//262 3301//262 2756//262
f 1668//130 3114//130 1669//130
f 3172//130 1669//130 3114//130
f 3389//2 3443//2 2673//2
f 3246//262 3245//262 2756//262
f 2251//2 3443//2 3389//2
f 3275//119 3544//119 3273//119
f 3247//262 3246//262 2756//262
f 1675//131 1669//131 3172//131
f 2255//2 3443//2 2251//2
f 3317//262 3247//262 2756//262
f 969//185 2762//185 3545//185
f 3546//120 3544//120 3276//120
f 1556//86 2742//86 3401//86
f 3393//2 3443//2 2255//2
f 973//185 2762//185 3547//185
f 3284//121 3548//121 3276//121
f 2679//2 3443//2 3393//2
f 3321//262 3317//262 2756//262
f 3320//262 3321//262 2756//262
f 2756//262 3477//262 3320//262
f 1556//87 3401//87 1555//87
f 3011//87 1555//87 3401//87
f 3549//165 1606//165 3531//165
f 2680//2 3443//2 2679//2
f 2875//66 1224//66 3037//66
f 1563//89 1555//89 3011//89
f 1606//125 3549//125 3488//125
f 3504//91 1562//91 1563//91
f 3467//246 3219//246 2155//246
f 2231//2 3443//2 2680//2
f 1562//93 3504//93 2743//93
f 3015//93 2743//93 3504//93
f 2744//95 2743//95 3015//95
f 3550//262 3551//262 2755//262
f 1300//8 1299//8 3552//8
f 3553//262 3550//262 2756//262
f 2755//262 2756//262 3550//262
f 3291//248 3292//248 3554//248
f 2172//180 3473//180 2746//180
f 3280//262 3279//262 2756//262
f 3279//262 3553//262 2756//262
f 3555//9 920//9 3552//9
f 2432//2 2435//2 3359//2
f 3342//262 3285//262 2756//262
f 3285//262 3280//262 2756//262
f 3293//249 3556//249 3292//249
f 3554//249 3292//249 3556//249
f 2855//242 3473//242 2172//242
f 1571//102 3103//102 1580//102
f 818//199 788//199 3557//199
f 920//10 3555//10 3558//10
f 2435//2 3405//2 3359//2
f 3532//104 1579//104 1580//104
f 3245//262 3304//262 2756//262
f 3350//262 3345//262 2756//262
f 3345//262 3342//262 2756//262
f 3405//2 3409//2 3359//2
f 3559//105 3560//105 3561//105
f 3551//262 3221//262 2755//262
f 3221//262 3220//262 2755//262
f 3218//262 3216//262 2755//262
f 2755//262 3212//262 3209//262
f 2755//262 3209//262 3203//262
f 2755//262 3203//262 3201//262
f 2755//262 3201//262 3194//262
f 3194//262 3192//262 2755//262
f 3559//6 3562//6 3560//6
f 3563//6 3560//6 3562//6
f 2450//2 3359//2 3409//2
f 3359//2 2712//2 2683//2
f 2189//11 2829//11 2183//11
f 2886//20 929//20 926//20
f 2690//2 3359//2 2450//2
f 3564//108 3563//108 3562//108
f 3457//262 3476//262 2756//262
f 2756//262 3476//262 2983//262
f 2756//262 3487//262 2979//262
f 2979//262 2978//262 2756//262
f 3515//109 1588//109 1586//109
f 2693//2 3359//2 2690//2
f 3397//2 2432//2 3359//2
f 1588//111 3515//111 1589//111
f 3044//111 1589//111 3515//111
f 2930//22 932//22 931//22
f 3306//112 3565//112 3305//112
f 1592//126 1589//126 3044//126
f 932//23 2930//23 942//23
f 2696//2 3443//2 2693//2
f 3566//185 3547//185 1310//185
f 2816//218 3567//218 812//218
f 1033//185 3566//185 1310//185
f 3299//2 2971//2 3359//2
f 2193//225 3568//225 2828//225
f 3313//240 3569//240 3309//240
f 1041//185 1033//185 1310//185
f 2864//226 3568//226 2193//226
f 1042//185 1041//185 1310//185
f 3272//166 3569//166 3313//166
f 2471//2 3359//2 2472//2
f 2473//2 3359//2 2471//2
f 3180//134 1678//134 1674//134
f 3485//13 3491//13 3486//13
f 1046//185 3570//185 1310//185
f 1679//135 1678//135 3180//135
f 2712//2 3359//2 3516//2
f 2476//2 3516//2 3359//2
f 2473//2 2476//2 3359//2
f 3494//14 3571//14 3490//14
f 1211//15 2874//15 2872//15
f 3183//136 1684//136 1679//136
f 2851//30 954//30 951//30
f 3572//185 3573//185 1310//185
f 3235//132 3574//132 3571//132
f 3235//132 3571//132 3494//132
f 1211//16 1210//16 2874//16
f 1686//195 1684//195 3183//195
f 3574//75 3235//75 3503//75
f 3234//75 3503//75 3235//75
f 3189//137 1682//137 1686//137
f 3575//185 3576//185 1310//185
f 1683//138 1682//138 3189//138
f 3234//15 3238//15 3503//15
f 1683//139 3194//139 1687//139
f 2317//2 2322//2 2857//2
f 103//16 3238//16 3239//16
f 3577//185 3575//185 1310//185
f 2797//2 2331//2 2857//2
f 1011//185 3577//185 1310//185
f 1114//68 3578//68 3037//68
f 3241//231 275//231 3239//231
f 3167//2 2317//2 2857//2
f 3578//69 1114//69 3579//69
f 1113//69 3579//69 1114//69
f 2880//2 3167//2 2857//2
f 275//66 3241//66 276//66
f 3242//66 276//66 3241//66
f 1055//185 1011//185 1310//185
f 1057//185 1055//185 1310//185
f 1072//185 1057//185 1310//185
f 3493//185 3580//185 1310//185
f 1072//185 1310//185 3580//185
f 3203//197 1700//197 1779//197
f 1113//70 2908//70 3579//70
f 2829//2 3159//2 2880//2
f 1300//9 3552//9 920//9
f 3242//68 3243//68 276//68
f 1699//140 1700//140 3203//140
f 920//10 3558//10 921//10
f 3581//262 3582//262 3583//262
f 3576//185 3584//185 1310//185
f 3584//185 3572//185 1310//185
f 3573//185 1048//185 1310//185
f 1048//185 1046//185 1310//185
f 3570//185 1042//185 1310//185
f 2762//185 1310//185 3547//185
f 973//185 3545//185 2762//185
f 2762//185 969//185 90//185
f 2762//185 90//185 92//185
f 2762//185 92//185 3585//185
f 3585//185 3541//185 2762//185
f 2884//24 925//24 3558//24
f 921//24 3558//24 925//24
f 925//19 2884//19 926//19
f 3586//262 3581//262 3583//262
f 3568//2 3159//2 2828//2
f 2828//2 3159//2 2829//2
f 3218//171 1708//171 1780//171
f 3587//262 3583//262 3588//262
f 2864//2 3159//2 3568//2
f 1707//172 1708//172 3218//172
f 3589//262 3588//262 3583//262
f 3587//262 3590//262 3583//262
f 3542//2 3159//2 2864//2
f 2929//21 931//21 2886//21
f 3221//155 1714//155 1707//155
f 3591//262 3589//262 3583//262
f 3391//185 3388//185 3236//185
f 3387//185 3386//185 3236//185
f 3385//185 3383//185 3236//185
f 3416//185 3277//185 3382//185
f 3396//185 3277//185 3399//185
f 3395//185 3433//185 3277//185
f 3236//185 3382//185 3277//185
f 3335//185 3592//185 1310//185
f 3592//185 3329//185 1310//185
f 3277//185 3275//185 3236//185
f 3308//185 3306//185 3236//185
f 3236//185 3305//185 3564//185
f 3236//185 3564//185 3562//185
f 3236//185 3562//185 3559//185
f 3236//185 3559//185 3561//185
f 3561//185 3262//185 3236//185
f 2211//96 1204//96 3080//96
f 3221//173 3551//173 1714//173
f 3591//262 3583//262 3593//262
f 1204//98 1248//98 3054//98
f 3594//23 942//23 2930//23
f 3244//70 3595//70 3528//70
f 3594//237 2843//237 942//237
f 3248//70 3595//70 3244//70
f 3593//262 3583//262 3596//262
f 3304//163 1724//163 1716//163
f 3596//262 3583//262 3597//262
f 3252//88 3598//88 3595//88
f 3252//88 3595//88 3248//88
f 3597//262 3583//262 3599//262
f 1727//164 1724//164 3245//164
f 3600//103 3056//103 2269//103
f 3601//262 3599//262 3583//262
f 3598//90 3252//90 3536//90
f 3253//90 3536//90 3252//90
f 3028//185 2436//185 2440//185
f 2364//185 2437//185 2368//185
f 2365//185 2363//185 2362//185
f 2363//185 2352//185 2356//185
f 2346//185 2353//185 2350//185
f 2281//185 1692//185 2283//185
f 1662//185 2283//185 1590//185
f 2283//185 1591//185 1590//185
f 1143//185 2283//185 2599//185
f 1143//185 1138//185 2283//185
f 1107//185 1105//185 2283//185
f 2440//185 3025//185 3028//185
f 3074//185 3079//185 3078//185
f 3079//185 2466//185 2467//185
f 3093//185 573//185 3092//185
f 3091//185 3093//185 3089//185
f 3602//185 3091//185 3090//185
f 3090//185 3083//185 3602//185
f 3085//185 3602//185 3083//185
f 2468//185 3085//185 3084//185
f 3277//185 3437//185 1310//185
f 3478//185 3475//185 1310//185
f 1310//185 3474//185 3603//185
f 1310//185 3603//185 3604//185
f 1310//185 3604//185 3605//185
f 1310//185 3605//185 3606//185
f 3606//185 3502//185 1310//185
f 3253//92 3255//92 3536//92
f 2934//26 947//26 946//26
f 3607//262 3601//262 3583//262
f 947//27 2934//27 950//27
f 2876//27 950//27 2934//27
f 1727//145 3245//145 1729//145
f 3608//262 3607//262 3583//262
f 3600//105 2269//105 3609//105
f 1268//105 3609//105 2269//105
f 3535//94 3255//94 3256//94
f 2955//185 2283//185 2899//185
f 2955//185 2897//185 2283//185
f 2896//185 2923//185 2283//185
f 2894//185 2888//185 2283//185
f 951//29 950//29 2876//29
f 3610//262 3583//262 3611//262
f 3610//262 3608//262 3583//262
f 1268//6 3095//6 3609//6
f 3612//96 3613//96 3259//96
f 3614//262 3583//262 3615//262
f 3611//262 3583//262 3616//262
f 2878//31 959//31 954//31
f 1396//108 3617//108 3095//108
f 3612//98 3259//98 3618//98
f 3261//98 3618//98 3259//98
f 1735//149 1732//149 3321//149
f 3619//262 2762//262 3620//262
f 1258//110 3621//110 1396//110
f 961//32 959//32 2878//32
f 3262//101 3618//101 3261//101
f 1735//150 3321//150 1739//150
f 1517//185 1518//185 3622//185
f 2938//238 106//238 961//238
f 3320//59 3477//59 1741//59
f 1243//185 1522//185 3622//185
f 1522//185 1517//185 3622//185
f 3623//262 2762//262 3624//262
f 2938//77 3130//77 106//77
f 1748//173 1714//173 3551//173
f 1244//185 1243//185 3622//185
f 3625//262 2762//262 3626//262
f 2747//185 1531//185 3622//185
f 1531//185 1244//185 3622//185
f 832//201 3205//201 3199//201
f 3550//204 1747//204 3551//204
f 3627//262 3628//262 3583//262
f 1445//185 2747//185 3622//185
f 835//203 832//203 3629//203
f 2208//90 3073//90 3071//90
f 2945//5 3036//5 3315//5
f 3590//262 3586//262 3583//262
f 3582//262 3630//262 3583//262
f 3630//262 3627//262 3583//262
f 1444//185 3622//185 1549//185
f 3622//185 2868//185 1549//185
f 1444//185 1445//185 3622//185
f 3315//7 3036//7 1292//7
f 3543//119 3273//119 3544//119
f 1292//73 3041//73 1293//73
f 3275//120 3276//120 3544//120
f 3043//74 1301//74 3041//74
f 1293//74 3041//74 1301//74
f 3631//262 3632//262 2762//262
f 3546//121 3276//121 3548//121
f 1301//76 3043//76 1298//76
f 2800//185 3340//185 1284//185
f 3633//262 3631//262 2762//262
f 1298//3 3046//3 1299//3
f 3286//114 3634//114 3548//114
f 3286//114 3548//114 3284//114
f 3635//262 3633//262 2762//262
f 1284//185 3340//185 1285//185
f 3634//115 3286//115 3287//115
f 3636//262 2762//262 3637//262
f 3345//161 3350//161 1775//161
f 3046//8 3552//8 1299//8
f 1285//185 3340//185 1289//185
f 3638//262 3637//262 2762//262
f 3639//262 3638//262 2762//262
f 1568//185 3340//185 2770//185
f 1289//185 3340//185 1568//185
f 998//202 3640//202 3641//202
f 1573//185 2770//185 3622//185
f 1311//233 3055//233 1309//233
f 1582//185 1578//185 3622//185
f 1582//185 3622//185 1518//185
f 1573//185 3622//185 1578//185
f 3059//36 1314//36 3055//36
f 1309//36 3055//36 1314//36
f 3642//262 2762//262 3643//262
f 1314//37 3059//37 3058//37
f 3644//262 3643//262 2762//262
f 3617//110 1396//110 3621//110
f 3058//33 3060//33 1315//33
f 3304//164 3245//164 1724//164
f 3645//262 3644//262 2762//262
f 1258//112 3067//112 3621//112
f 1315//34 3060//34 1316//34
f 1672//185 2868//185 3622//185
f 1098//198 3646//198 3647//198
f 1671//185 1672//185 3622//185
f 3648//262 3649//262 2762//262
f 3650//162 1099//162 3647//162
f 1098//162 3647//162 1099//162
f 1671//185 3622//185 1601//185
f 1320//78 3066//78 1321//78
f 1731//148 3317//148 1732//148
f 2841//185 1603//185 3622//185
f 1601//185 3622//185 1603//185
f 3650//144 3651//144 1099//144
f 3029//80 1322//80 3066//80
f 1321//80 3066//80 1322//80
f 273//110 274//110 3305//110
f 3636//262 3635//262 2762//262
f 3632//262 3652//262 2762//262
f 3652//262 3653//262 2762//262
f 3649//262 3654//262 2762//262
f 3653//262 3648//262 2762//262
f 3317//149 3321//149 1732//149
f 3622//185 2283//185 2841//185
f 1689//185 2841//185 2283//185
f 3565//112 273//112 3305//112
f 3655//251 3656//251 775//251
f 3565//143 3306//143 3308//143
f 2762//185 1698//185 1694//185
f 1690//185 1689//185 2762//185
f 3657//262 2762//262 3658//262
f 3659//42 1333//42 3112//42
f 1706//185 1698//185 2762//185
f 3658//262 2762//262 3660//262
f 1748//204 3551//204 1747//204
f 1705//185 1706//185 2762//185
f 1333//48 3659//48 2996//48
f 3553//174 1753//174 1747//174
f 3550//174 3553//174 1747//174
f 1705//185 2762//185 1711//185
f 3660//262 2762//262 3661//262
f 3110//54 2232//54 3135//54
f 1753//175 3553//175 1755//175
f 3279//175 1755//175 3553//175
f 1715//185 1713//185 2762//185
f 1713//185 1711//185 2762//185
f 3662//262 3663//262 2762//262
f 3663//262 3661//262 2762//262
f 3316//157 3556//157 3293//157
f 3136//221 3135//221 2234//221
f 2235//221 2234//221 3135//221
f 783//210 3664//210 3665//210
f 1761//208 1755//208 3279//208
f 3666//262 3662//262 2762//262
f 2863//185 1715//185 2762//185
f 3115//53 1337//53 1336//53
f 783//216 3665//216 3646//216
f 3285//18 1764//18 1761//18
f 3340//185 1801//185 1800//185
f 3654//262 3645//262 2762//262
f 3642//262 3667//262 2762//262
f 3667//262 3668//262 2762//262
f 3668//262 3666//262 2762//262
f 3115//56 3117//56 1337//56
f 3318//177 3323//177 3669//177
f 2009//185 1801//185 3340//185
f 1766//189 1764//189 3285//189
f 3669//128 3323//128 3324//128
f 3616//262 3583//262 3670//262
f 1775//161 3350//161 1774//161
f 1808//185 3340//185 1807//185
f 3670//262 3583//262 3671//262
f 3328//254 3329//254 3672//254
f 1774//165 3350//165 1717//165
f 3671//262 3583//262 3614//262
f 3672//255 3329//255 3592//255
f 1807//185 3340//185 2012//185
f 3592//220 3335//220 3673//220
f 3615//262 3583//262 3674//262
f 3673//54 3335//54 3084//54
f 2030//185 2890//185 3340//185
f 2031//185 2030//185 3340//185
f 1800//185 2031//185 3340//185
f 2247//121 3675//121 2994//121
f 1358//51 3008//51 3676//51
f 2249//114 3677//114 2247//114
f 1365//52 3676//52 3014//52
f 3678//115 3677//115 2252//115
f 2130//185 2124//185 3340//185
f 3678//124 2252//124 3123//124
f 2131//185 2130//185 3340//185
f 2134//185 2131//185 3340//185
f 2801//17 861//17 833//17
f 2137//185 2134//185 3340//185
f 2804//182 848//182 2801//182
f 2142//185 2138//185 3340//185
f 2138//185 2137//185 3340//185
f 2256//248 3679//248 3138//248
f 3680//262 1302//262 3681//262
f 3682//262 1302//262 3680//262
f 2890//185 2144//185 3340//185
f 2144//185 2142//185 3340//185
f 3004//249 3679//249 2256//249
f 3681//262 1297//262 3683//262
f 3651//144 1100//144 1099//144
f 1332//41 3112//41 1331//41
f 3683//262 1427//262 3684//262
f 2259//176 2260//176 3125//176
f 3685//176 3125//176 2260//176
f 1331//42 3112//42 1333//42
f 3684//262 1373//262 3686//262
f 2877//252 2809//252 2903//252
f 1333//48 2996//48 1334//48
f 3687//185 3688//185 2236//185
f 2813//178 996//178 2809//178
f 3686//262 1373//262 3689//262
f 1334//50 2996//50 1335//50
f 2237//185 2236//185 3688//185
f 3688//185 3690//185 2237//185
f 1371//262 2818//262 3691//262
f 2239//185 2237//185 3692//185
f 3690//185 3692//185 2237//185
f 2168//185 2156//185 3349//185
f 3692//185 3364//185 2239//185
f 3693//262 3694//262 2818//262
f 1888//185 2188//185 3340//185
f 2188//185 2184//185 3340//185
f 2817//257 1019//257 989//257
f 2974//254 2229//254 3695//254
f 3696//262 3693//262 2768//262
f 3695//255 2229//255 3107//255
f 2871//2 3159//2 2887//2
f 1889//185 3340//185 2123//185
f 1888//185 3340//185 1889//185
f 2124//185 2123//185 3340//185
f 2872//2 3159//2 2871//2
f 812//211 3697//211 817//211
f 2874//2 3159//2 2872//2
f 791//212 817//212 3698//212
f 3697//212 3698//212 817//212
f 2873//2 3159//2 2874//2
f 3006//46 1369//46 3122//46
f 2093//46 3122//46 1369//46
f 2875//2 3159//2 2873//2
f 3699//206 790//206 3698//206
f 791//206 3698//206 790//206
f 3136//256 2145//256 3700//256
f 1369//47 3006//47 1359//47
f 3701//262 3702//262 2768//262
f 790//207 3699//207 788//207
f 3703//207 788//207 3699//207
f 3542//2 2887//2 3159//2
f 3588//20 1804//20 3587//20
f 3700//250 2145//250 2699//250
f 3704//262 3701//262 2768//262
f 2216//185 2215//185 3705//185
f 2768//262 2767//262 3706//262
f 3706//262 3704//262 2768//262
f 1358//51 3676//51 1363//51
f 3703//199 3557//199 788//199
f 3707//262 3706//262 2767//262
f 3708//185 3687//185 2271//185
f 3370//185 3708//185 2271//185
f 3578//2 3299//2 3037//2
f 3037//2 3299//2 2875//2
f 1363//52 3676//52 1365//52
f 2767//262 2815//262 3707//262
f 3709//262 3707//262 2815//262
f 818//214 3557//214 3710//214
f 3579//2 3299//2 3578//2
f 3014//55 1366//55 1365//55
f 2236//185 2984//185 3687//185
f 2984//185 2271//185 3687//185
f 797//215 798//215 3711//215
f 2243//119 3712//119 2988//119
f 1366//38 3017//38 1367//38
f 2908//2 3299//2 3579//2
f 802//200 797//200 3713//200
f 3711//200 3713//200 797//200
f 2243//120 2994//120 3712//120
f 3071//2 3299//2 2908//2
f 1367//39 3017//39 1368//39
f 1817//237 3593//237 3596//237
f 2933//2 3299//2 3073//2
f 3714//85 808//85 3713//85
f 3159//2 2875//2 3299//2
f 3126//40 1332//40 1368//40
f 3596//25 3597//25 1817//25
f 3715//185 3716//185 2732//185
f 2810//262 2870//262 3717//262
f 3080//2 3299//2 2933//2
f 3716//185 3718//185 2732//185
f 3675//114 2247//114 3677//114
f 232//77 106//77 3130//77
f 3054//2 3299//2 3080//2
f 2870//262 2867//262 3719//262
f 2733//185 2732//185 3718//185
f 2249//115 2252//115 3677//115
f 1290//71 232//71 3130//71
f 3073//2 3299//2 3071//2
f 3718//185 3720//185 2733//185
f 811//99 3096//99 2816//99
f 3054//2 3053//2 3299//2
f 3132//72 1374//72 1290//72
f 3056//2 3299//2 3053//2
f 2734//185 2733//185 3720//185
f 3720//185 3721//185 2734//185
f 1378//79 1374//79 3132//79
f 3600//2 3299//2 3056//2
f 3697//211 812//211 3567//211
f 1832//31 3608//31 3610//31
f 3156//81 1377//81 1378//81
f 2863//185 2762//185 2319//185
f 3722//262 2756//262 3723//262
f 3724//262 3723//262 2762//262
f 1377//118 3156//118 1379//118
f 3067//2 3299//2 3621//2
f 3168//84 1393//84 1383//84
f 2419//185 2324//185 2762//185
f 2324//185 2319//185 2762//185
f 3725//262 3726//262 2762//262
f 2426//185 2419//185 2762//185
f 2260//177 3128//177 3685//177
f 2431//185 2425//185 2762//185
f 2425//185 2426//185 2762//185
f 3727//262 2762//262 3728//262
f 3728//262 2762//262 3657//262
f 3729//234 3215//234 860//234
f 3063//185 2762//185 2439//185
f 2431//185 2762//185 3063//185
f 2971//2 3299//2 3128//2
f 3142//117 2266//117 3143//117
f 2974//2 3359//2 2971//2
f 2265//240 2268//240 3143//240
f 2439//185 2762//185 2438//185
f 3695//2 3359//2 2974//2
f 3144//166 2268//166 3137//166
f 3107//2 3359//2 3695//2
f 3730//262 3406//262 3731//262
f 3110//2 3359//2 3107//2
f 3184//89 1402//89 1400//89
f 3732//262 3406//262 3733//262
f 3731//262 3406//262 3732//262
f 3199//203 3629//203 832//203
f 3588//21 3589//21 1804//21
f 3685//2 3128//2 3299//2
f 2438//185 2762//185 2444//185
f 2452//185 2444//185 2762//185
f 3734//262 3406//262 3735//262
f 3736//262 2756//262 3737//262
f 2699//2 3359//2 3700//2
f 2455//185 2452//185 2762//185
f 2460//185 2455//185 2762//185
f 3722//262 3737//262 2756//262
f 2464//185 2460//185 2762//185
f 2370//185 2464//185 2762//185
f 2932//262 2931//262 3738//262
f 2371//185 2370//185 2762//185
f 2371//185 2762//185 2469//185
f 2469//185 2762//185 3049//185
f 3739//262 3738//262 2931//262
f 861//182 2801//182 848//182
f 3049//185 2762//185 2653//185
f 2804//183 1004//183 848//183
f 3740//262 3739//262 2931//262
f 1824//27 3599//27 3601//27
f 2806//184 1000//184 1004//184
f 3677//2 3299//2 3675//2
f 3741//262 3378//262 2866//262
f 3601//29 3607//29 1824//29
f 2654//185 2653//185 2762//185
f 2654//185 2762//185 2620//185
f 2877//186 1000//186 2806//186
f 3678//2 3299//2 3677//2
f 3712//2 3299//2 2988//2
f 3742//262 3410//262 3406//262
f 3738//262 3741//262 2932//262
f 2620//185 2762//185 2621//185
f 2621//185 2762//185 2625//185
f 3123//2 3299//2 3678//2
f 2662//185 2762//185 2664//185
f 3138//2 3299//2 3123//2
f 3743//262 3744//262 3406//262
f 3679//2 3299//2 3138//2
f 3745//262 3406//262 3746//262
f 2664//185 2762//185 2668//185
f 3004//2 3299//2 3679//2
f 3125//2 3299//2 3004//2
f 3736//262 3735//262 2756//262
f 3733//262 3406//262 3734//262
f 3747//262 3406//262 3730//262
f 3746//262 3406//262 3747//262
f 2756//262 3735//262 3406//262
f 3685//2 3299//2 3125//2
f 2668//185 2762//185 3127//185
f 2672//185 3127//185 2762//185
f 1014//190 1019//190 2817//190
f 2671//185 2672//185 2762//185
f 2583//185 2671//185 2762//185
f 3135//2 3359//2 3110//2
f 1795//9 3582//9 3581//9
f 1079//230 3748//230 3749//230
f 2583//185 2762//185 2584//185
f 1796//10 1793//10 3586//10
f 3143//2 3299//2 3142//2
f 3365//262 3372//262 2931//262
f 2928//262 3406//262 2931//262
f 2928//262 2927//262 3406//262
f 2943//262 3406//262 3403//262
f 2943//262 2941//262 3406//262
f 2926//262 3403//262 3406//262
f 3745//262 3750//262 3406//262
f 3750//262 3743//262 3406//262
f 3744//262 3742//262 3406//262
f 3376//262 3740//262 2931//262
f 2866//262 2932//262 3741//262
f 3378//262 3719//262 2867//262
f 3719//262 3717//262 2870//262
f 3717//262 3751//262 2810//262
f 2811//262 2810//262 3751//262
f 3751//262 3709//262 2811//262
f 2815//262 2811//262 3709//262
f 2584//185 2762//185 2586//185
f 3144//2 3299//2 3143//2
f 3067//2 3142//2 3299//2
f 2711//185 2586//185 2762//185
f 3729//232 859//232 3749//232
f 859//234 3729//234 860//234
f 3725//262 2762//262 3727//262
f 3726//262 3752//262 2762//262
f 3752//262 3753//262 2762//262
f 3753//262 3754//262 2762//262
f 3754//262 3724//262 2762//262
f 2762//262 3723//262 2756//262
f 221//91 1402//91 3184//91
f 2711//185 2762//185 3116//185
f 3116//185 2762//185 2591//185
f 3299//2 3144//2 3137//2
f 3299//2 3137//2 2988//2
f 3299//2 3712//2 2994//2
f 3675//2 3299//2 2994//2
f 2717//185 2591//185 2762//185
f 3190//93 218//93 221//93
f 3624//262 2762//262 3625//262
f 3628//262 3626//262 2762//262
f 3620//262 2762//262 3623//262
f 3619//262 3639//262 2762//262
f 3583//262 3628//262 2762//262
f 1433//95 218//95 3190//95
f 3196//97 256//97 1433//97
f 2720//185 2717//185 2762//185
f 299//262 291//262 2283//262
f 3609//2 3299//2 3600//2
f 3095//2 3299//2 3609//2
f 3617//2 3299//2 3095//2
f 3617//2 3621//2 3299//2
f 3299//2 1353//2 3159//2
f 3159//2 3333//2 3755//2
f 3755//2 3267//2 3159//2
f 3159//2 1236//2 1235//2
f 3159//2 1235//2 3756//2
f 3159//2 3756//2 3757//2
f 3159//2 3757//2 3758//2
f 3759//2 3159//2 3760//2
f 3758//2 3760//2 3159//2
f 3159//2 3759//2 3761//2
f 3761//2 3250//2 3159//2
f 3177//2 3167//2 3170//2
f 305//262 300//262 2283//262
f 300//262 299//262 2283//262
f 2889//156 3762//156 2895//156
f 835//222 3629//222 3097//222
f 2722//185 2720//185 909//185
f 305//262 2283//262 307//262
f 2724//185 2723//185 909//185
f 811//253 3097//253 3096//253
f 3136//2 3359//2 3135//2
f 3700//2 3359//2 3136//2
f 2698//2 3359//2 2699//2
f 2700//2 3359//2 2698//2
f 2700//2 2472//2 3359//2
f 2683//2 3397//2 3359//2
f 3347//2 3360//2 3359//2
f 3213//104 295//104 297//104
f 2729//185 2724//185 904//185
f 904//185 3763//185 2729//185
f 3032//158 2893//158 3764//158
f 341//262 343//262 2283//262
f 307//262 2283//262 343//262
f 3359//2 2693//2 3443//2
f 2617//2 2222//2 3443//2
f 238//106 295//106 3213//106
f 1080//160 3764//160 2893//160
f 990//223 3765//223 3766//223
f 345//262 341//262 2283//262
f 2730//185 2729//185 3715//185
f 2732//185 2730//185 3715//185
f 3254//107 1613//107 238//107
f 2896//198 2954//198 3767//198
f 3768//224 1025//224 3766//224
f 3769//2 251//2 327//2
f 353//262 349//262 2283//262
f 349//262 345//262 2283//262
f 1738//109 1613//109 3254//109
f 3770//2 251//2 3769//2
f 3763//185 3715//185 2729//185
f 909//185 904//185 2724//185
f 2723//185 2722//185 909//185
f 2762//185 909//185 2720//185
f 2627//185 2762//185 2662//185
f 2625//185 2762//185 2627//185
f 3771//217 3640//217 3768//217
f 1025//217 3768//217 3640//217
f 3772//2 251//2 3770//2
f 3589//21 1805//21 1804//21
f 363//262 359//262 2283//262
f 359//262 353//262 2283//262
f 3773//2 251//2 3772//2
f 1805//22 3589//22 1809//22
f 3591//22 1809//22 3589//22
f 3771//202 3641//202 3640//202
f 862//262 857//262 2758//262
f 366//262 2283//262 1632//262
f 1809//23 3591//23 3593//23
f 3264//127 1457//127 1722//127
f 998//227 3641//227 3231//227
f 1458//129 1457//129 3264//129
f 3364//185 3362//185 2245//185
f 3362//185 3358//185 2248//185
f 3358//185 3349//185 2942//185
f 3507//185 3370//185 1995//185
f 3705//185 3517//185 2216//185
f 3774//185 3705//185 2215//185
f 2215//185 2214//185 3775//185
f 3775//185 3774//185 2215//185
f 3721//185 3775//185 2214//185
f 2214//185 2995//185 3721//185
f 2995//185 2734//185 3721//185
f 2902//167 3776//167 3048//167
f 847//229 846//229 3777//229
f 3778//2 326//2 3779//2
f 568//262 2283//262 566//262
f 3776//168 2902//168 3050//168
f 3780//2 326//2 3778//2
f 3274//131 1784//131 1464//131
f 566//262 2283//262 570//262
f 3781//205 1077//205 3777//205
f 2906//151 3782//151 3050//151
f 570//262 2283//262 579//262
f 3783//2 326//2 3780//2
f 3274//131 3412//131 1784//131
f 2283//185 3270//185 3269//185
f 3022//153 3782//153 2905//153
f 2906//153 2905//153 3782//153
f 3784//2 326//2 3783//2
f 580//262 2283//262 582//262
f 579//262 2283//262 580//262
f 582//262 2283//262 586//262
f 3785//2 326//2 3784//2
f 3283//185 3278//185 2283//185
f 3278//185 3270//185 2283//185
f 3607//29 1827//29 1824//29
f 3418//134 1465//134 1783//134
f 2923//216 2896//216 3767//216
f 2283//185 3288//185 3283//185
f 291//262 386//262 2283//262
f 386//262 589//262 2283//262
f 3786//2 326//2 3785//2
f 1466//135 1465//135 3418//135
f 3319//185 3289//185 2283//185
f 3288//185 2283//185 3289//185
f 618//262 2283//262 620//262
f 3327//185 3325//185 2283//185
f 3325//185 3319//185 2283//185
f 3023//116 2895//116 3787//116
f 1832//32 3610//32 3611//32
f 3788//2 326//2 3789//2
f 394//262 2283//262 568//262
f 391//262 2283//262 392//262
f 3787//156 2895//156 3762//156
f 327//2 326//2 3790//2
f 3791//2 326//2 3786//2
f 3327//185 2283//185 3334//185
f 2889//235 3031//235 3762//235
f 3788//2 3790//2 326//2
f 3791//2 3789//2 326//2
f 3583//262 2762//262 607//262
f 614//262 608//262 2762//262
f 2762//262 2283//262 614//262
f 3792//2 326//2 3793//2
f 614//262 2283//262 615//262
f 3794//185 3334//185 2283//185
f 3795//185 3794//185 2283//185
f 3447//185 3795//185 2283//185
f 3790//193 2285//193 2303//193
f 3449//185 3447//185 2283//185
f 3796//2 3797//2 326//2
f 480//262 479//262 3583//262
f 3453//185 3449//185 2283//185
f 3779//2 326//2 3797//2
f 3461//185 3454//185 2283//185
f 3454//185 3453//185 2283//185
f 3354//185 3460//185 2283//185
f 3460//185 3461//185 2283//185
f 3421//136 1475//136 1466//136
f 630//262 629//262 3583//262
f 629//262 713//262 3583//262
f 1746//262 634//262 3583//262
f 634//262 630//262 3583//262
f 3356//185 3354//185 2283//185
f 1483//195 1475//195 3421//195
f 514//262 513//262 3583//262
f 513//262 1746//262 3583//262
f 3428//137 1499//137 1483//137
f 514//262 3583//262 607//262
f 608//262 607//262 2762//262
f 3798//2 251//2 3799//2
f 1500//138 1499//138 3428//138
f 3800//2 251//2 3798//2
f 3799//2 251//2 329//2
f 1500//139 3434//139 1508//139
f 3801//2 251//2 3800//2
f 3482//185 3483//185 2283//185
f 3483//185 3470//185 2283//185
f 3802//2 251//2 3801//2
f 3368//185 3803//185 2283//185
f 3803//185 3482//185 2283//185
f 3367//185 3368//185 2283//185
f 3804//2 251//2 3802//2
f 3392//185 2283//185 3499//185
f 1508//196 3434//196 2017//196
f 3434//196 3805//196 2017//196
f 986//262 1286//262 3806//262
f 328//2 251//2 3773//2
f 330//2 251//2 3804//2
f 736//262 986//262 3806//262
f 2017//197 3805//197 2018//197
f 3807//197 2018//197 3805//197
f 2892//192 841//192 1080//192
f 3636//34 3637//34 1867//34
f 3441//140 2019//140 2018//140
f 3441//140 2018//140 3807//140
f 827//193 841//193 2892//193
f 738//262 736//262 3806//262
f 3638//35 1870//35 3637//35
f 2020//141 2019//141 3441//141
f 744//262 741//262 3806//262
f 741//262 738//262 3806//262
f 3442//170 1528//170 2020//170
f 676//262 744//262 3806//262
f 828//181 2802//181 833//181
f 3655//185 3651//185 2283//185
f 3650//185 2283//185 3651//185
f 546//262 545//262 3583//262
f 545//262 683//262 3583//262
f 1527//171 1528//171 3442//171
f 550//262 549//262 3583//262
f 549//262 546//262 3583//262
f 3808//2 251//2 335//2
f 3655//185 2283//185 3656//185
f 3448//172 1532//172 1527//172
f 3809//214 2912//214 3124//214
f 479//262 767//262 3583//262
f 713//262 480//262 3583//262
f 550//262 3583//262 767//262
f 3810//2 251//2 3808//2
f 3811//155 1537//155 1532//155
f 3811//155 1532//155 3448//155
f 2313//162 3792//162 2793//162
f 2283//262 774//262 1632//262
f 1537//173 3811//173 1594//173
f 3810//2 3812//2 251//2
f 2313//144 2314//144 3792//144
f 3664//185 3813//185 2283//185
f 3665//185 3664//185 2283//185
f 774//262 2283//262 772//262
f 772//262 2283//262 777//262
f 777//262 2283//262 840//262
f 3814//2 326//2 3815//2
f 840//262 2283//262 843//262
f 3464//63 1544//63 1545//63
f 3796//167 3816//167 2321//167
f 1544//64 3464//64 3352//64
f 1544//64 3352//64 1546//64
f 844//262 2283//262 850//262
f 3815//2 326//2 3817//2
f 1546//65 3352//65 2092//65
f 3818//2 326//2 3814//2
f 2092//67 3468//67 1560//67
f 3819//2 326//2 3820//2
f 3699//185 2283//185 3703//185
f 3710//185 3557//185 2283//185
f 3557//185 3703//185 2283//185
f 1560//152 3468//152 1559//152
f 3713//185 3711//185 2283//185
f 3711//185 3710//185 2283//185
f 3821//2 326//2 3822//2
f 1559//43 3480//43 1558//43
f 3813//185 3714//185 2283//185
f 3713//185 2283//185 3714//185
f 1558//44 3480//44 3121//44
f 1558//44 3121//44 1557//44
f 3122//45 2093//45 1557//45
f 3215//185 3729//185 3214//185
f 801//262 2758//262 876//262
f 873//262 2758//262 801//262
f 1608//163 3489//163 1609//163
f 876//262 2758//262 881//262
f 3497//164 1610//164 3489//164
f 1609//164 3489//164 1610//164
f 3823//2 3167//2 3824//2
f 3567//185 2283//185 3697//185
f 3697//185 2283//185 3698//185
f 2816//185 2283//185 3567//185
f 3729//185 3749//185 3825//185
f 3826//2 3167//2 3823//2
f 1610//145 3497//145 1576//145
f 3827//2 3167//2 3826//2
f 3824//2 3167//2 3828//2
f 1576//147 3379//147 1577//147
f 3829//2 3167//2 3827//2
f 885//262 2758//262 888//262
f 896//262 888//262 2758//262
f 1577//148 3379//148 1581//148
f 3830//2 326//2 3829//2
f 898//262 896//262 2758//262
f 1581//149 3505//149 1574//149
f 907//262 902//262 2758//262
f 902//262 898//262 2758//262
f 3777//185 3229//185 3228//185
f 3831//2 3828//2 3167//2
f 3832//2 3817//2 326//2
f 3820//2 326//2 3818//2
f 3833//2 326//2 3819//2
f 826//262 2758//262 915//262
f 907//262 2758//262 826//262
f 1574//150 3505//150 1575//150
f 3834//2 3835//2 3836//2
f 3781//185 3777//185 3469//185
f 3228//185 3469//185 3777//185
f 3835//2 3837//2 3836//2
f 3469//185 3465//185 3781//185
f 915//262 2758//262 918//262
f 1583//60 3514//60 1584//60
f 3838//206 3839//206 3027//206
f 3465//185 3466//185 3748//185
f 3748//185 3781//185 3465//185
f 3466//185 3825//185 3749//185
f 3749//185 3748//185 3466//185
f 1584//61 3514//61 1587//61
f 3027//207 2913//207 3838//207
f 3005//207 3838//207 2913//207
f 3840//2 3834//2 3836//2
f 3167//2 3836//2 3837//2
f 3841//2 3167//2 3837//2
f 3842//2 3167//2 3841//2
f 3831//2 3167//2 3842//2
f 1880//48 3644//48 3645//48
f 3825//185 3214//185 3729//185
f 3811//173 3519//173 1594//173
f 2912//199 3809//199 3005//199
f 1593//204 1594//204 3519//204
f 3843//2 3844//2 3845//2
f 3846//185 3847//185 3230//185
f 1165//262 2758//262 1166//262
f 1162//262 2758//262 1165//262
f 3845//2 3848//2 3843//2
f 3520//174 1596//174 1593//174
f 1166//262 2758//262 1172//262
f 1597//175 1596//175 3520//175
f 3124//215 2916//215 3849//215
f 3850//2 3851//2 3836//2
f 3852//2 3843//2 3848//2
f 2758//262 2538//262 940//262
f 940//262 1172//262 2758//262
f 3526//208 1598//208 1597//208
f 3849//200 2916//200 2991//200
f 2538//262 2487//262 940//262
f 3765//185 3853//185 3230//185
f 1600//18 1598//18 3526//18
f 3766//185 3765//185 3230//185
f 2486//262 2484//262 940//262
f 3851//2 3854//2 3836//2
f 3768//185 3766//185 3230//185
f 2991//85 2919//85 3855//85
f 3529//189 1605//189 1600//189
f 3856//2 3840//2 3836//2
f 3854//2 3856//2 3836//2
f 2919//258 3129//258 3855//258
f 3530//159 1604//159 1605//159
f 3530//159 1605//159 3529//159
f 2484//262 2480//262 940//262
f 3641//185 3771//185 3230//185
f 3771//185 3768//185 3230//185
f 3129//259 2922//259 3857//259
f 1179//262 940//262 2480//262
f 2480//262 2479//262 1179//262
f 1604//161 3530//161 1607//161
f 3858//2 3859//2 3860//2
f 3622//185 3861//185 3862//185
f 2923//210 3863//210 2922//210
f 3857//210 2922//210 3863//210
f 1607//165 3531//165 1606//165
f 2479//262 2869//262 1183//262
f 2869//262 2865//262 1188//262
f 3863//216 2923//216 3767//216
f 1606//125 3488//125 1608//125
f 3862//246 871//246 3499//246
f 1190//262 1188//262 2865//262
f 3864//185 3861//185 3622//185
f 870//239 871//239 3861//239
f 2865//262 2530//262 1190//262
f 3865//185 3864//185 3622//185
f 3134//99 2356//99 3866//99
f 3867//2 3868//2 3869//2
f 3869//2 3870//2 3867//2
f 3866//218 2356//218 3002//218
f 3871//185 3865//185 3622//185
f 3872//2 3869//2 3868//2
f 3873//185 3871//185 3622//185
f 3868//2 3874//2 3872//2
f 3875//262 3876//262 1262//262
f 3002//211 2346//211 3877//211
f 3878//185 3879//185 3622//185
f 3879//185 3873//185 3622//185
f 1260//262 1262//262 3876//262
f 3844//2 3872//2 3874//2
f 2345//212 3839//212 2346//212
f 3877//212 2346//212 3839//212
f 1264//262 1260//262 3806//262
f 3880//185 3878//185 3622//185
f 2345//206 3027//206 3839//206
f 1271//262 1264//262 3806//262
f 3881//2 251//2 3882//2
f 3812//2 3882//2 251//2
f 1272//262 1271//262 3806//262
f 1276//262 1272//262 3806//262
f 1620//20 3883//20 3884//20
f 1910//51 3661//51 3663//51
f 1282//262 1276//262 3806//262
f 1286//262 1282//262 3806//262
f 3880//185 3622//185 3885//185
f 1910//52 3663//52 3662//52
f 1297//262 3681//262 1296//262
f 3886//185 3885//185 3622//185
f 1302//262 3682//262 1303//262
f 1296//262 3681//262 1302//262
f 3887//185 3886//185 3622//185
f 1303//262 3888//262 1306//262
f 3889//185 3887//185 3622//185
f 3890//2 3891//2 251//2
f 1317//262 1313//262 3875//262
f 1306//262 3888//262 1313//262
f 3892//185 3893//185 3622//185
f 3893//185 3889//185 3622//185
f 3891//2 3894//2 251//2
f 1318//262 1317//262 3875//262
f 3620//28 2185//28 3619//28
f 3895//185 3896//185 3622//185
f 3896//185 3892//185 3622//185
f 3894//2 3897//2 251//2
f 3898//213 2448//213 338//213
f 1262//262 1252//262 3875//262
f 1318//262 3875//262 1252//262
f 3623//4 2186//4 3620//4
f 914//14 3889//14 3893//14
f 3899//185 3895//185 3622//185
f 3900//230 338//230 3034//230
f 2447//230 3034//230 338//230
f 1194//262 1190//262 2530//262
f 3901//185 3899//185 3622//185
f 2186//5 3623//5 3624//5
f 3900//232 3034//232 3361//232
f 3892//132 917//132 3893//132
f 3902//185 3903//185 3622//185
f 3903//185 3901//185 3622//185
f 3361//234 3033//234 3363//234
f 3897//2 3904//2 251//2
f 917//75 3892//75 3896//75
f 3019//219 3018//219 3363//219
f 3904//2 575//2 251//2
f 2187//73 1854//73 3626//73
f 3905//185 3906//185 3622//185
f 3906//185 3902//185 3622//185
f 2187//74 3626//74 3628//74
f 574//2 3907//2 251//2
f 3908//185 3909//185 3622//185
f 3909//185 3905//185 3622//185
f 3910//250 3911//250 3089//250
f 3899//16 930//16 3895//16
f 2528//262 2525//262 1199//262
f 1199//262 1194//262 2528//262
f 3907//2 3912//2 251//2
f 3798//178 3799//178 2341//178
f 3089//223 3092//223 3910//223
f 3912//2 3913//2 251//2
f 575//2 574//2 251//2
f 3901//231 467//231 3899//231
f 2525//262 2290//262 1206//262
f 1206//262 1199//262 2525//262
f 3913//2 3914//2 251//2
f 3582//8 1795//8 3630//8
f 3914//2 3915//2 251//2
f 467//66 3901//66 3903//66
f 1340//262 1385//262 2630//262
f 3915//2 3916//2 251//2
f 3881//2 3890//2 251//2
f 2630//262 2629//262 1340//262
f 3369//2 251//2 3916//2
f 460//68 3903//68 3902//68
f 3917//185 3622//185 3918//185
f 1343//262 1340//262 2629//262
f 3632//58 1896//58 1890//58
f 3906//69 460//69 3902//69
f 3919//2 3369//2 3916//2
f 3920//2 3369//2 3921//2
f 3922//2 3369//2 3923//2
f 2629//262 2624//262 1343//262
f 1372//262 3689//262 1373//262
f 1371//262 3689//262 1372//262
f 3633//36 1864//36 3631//36
f 3924//185 3925//185 3622//185
f 3926//185 3622//185 3925//185
f 2448//205 3898//205 3411//205
f 3411//205 2457//205 2448//205
f 871//246 872//246 3499//246
f 1864//37 3633//37 3635//37
f 3927//2 3369//2 3928//2
f 1427//262 3683//262 1297//262
f 1373//262 3684//262 1427//262
f 3862//239 3861//239 871//239
f 3929//185 3924//185 3622//185
f 3930//185 3929//185 3622//185
f 3921//2 3369//2 3927//2
f 3928//2 3369//2 3931//2
f 3931//2 3369//2 3919//2
f 3861//241 3864//241 870//241
f 874//241 870//241 3864//241
f 2853//262 2848//262 2758//262
f 3923//2 3369//2 3920//2
f 3864//180 3865//180 874//180
f 1867//35 3637//35 1870//35
f 2852//262 2853//262 2758//262
f 3871//242 877//242 3865//242
f 1870//78 3638//78 3639//78
f 2856//262 2852//262 2758//262
f 2858//262 2856//262 2758//262
f 877//243 3871//243 3873//243
f 2859//262 2758//262 2860//262
f 3932//185 3622//185 3933//185
f 3934//185 3622//185 3935//185
f 3910//223 3092//223 3936//223
f 1876//41 3642//41 3643//41
f 3937//185 3938//185 3622//185
f 3939//185 3622//185 3938//185
f 3935//185 3622//185 3939//185
f 890//11 886//11 3880//11
f 3936//224 3092//224 3377//224
f 3226//27 3940//27 3941//27
f 3377//217 3078//217 3942//217
f 901//12 890//12 3885//12
f 3880//12 3885//12 890//12
f 3942//202 3078//202 3438//202
f 3769//181 2282//181 2280//181
f 1880//50 3645//50 3654//50
f 2497//262 2496//262 1216//262
f 3943//185 3340//185 3944//185
f 1216//262 1214//262 2497//262
f 2279//17 3770//17 2280//17
f 1885//113 3654//113 3649//113
f 901//225 3885//225 3886//225
f 2287//182 3770//182 2279//182
f 3233//185 3944//185 3236//185
f 1214//262 1209//262 2505//262
f 2505//262 2497//262 1214//262
f 1650//32 1645//32 3945//32
f 3236//185 3235//185 3233//185
f 2509//262 2505//262 1209//262
f 3235//185 3494//185 3233//185
f 3494//185 3491//185 3233//185
f 3653//57 3652//57 1890//57
f 2539//262 2758//262 2544//262
f 1188//262 1183//262 2869//262
f 2516//262 2509//262 1209//262
f 3946//246 2911//246 3198//246
f 1890//58 3652//58 3632//58
f 3485//185 3230//185 3233//185
f 3779//151 3797//151 2291//151
f 3946//239 3198//239 3947//239
f 3204//239 3947//239 3198//239
f 914//132 3893//132 917//132
f 1081//241 3947//241 3204//241
f 3214//180 1082//180 1081//180
f 3948//185 3340//185 3949//185
f 3660//47 1903//47 3658//47
f 3825//242 1086//242 1082//242
f 3825//242 1082//242 3214//242
f 3950//185 3949//185 3340//185
f 2608//262 2607//262 1382//262
f 1086//243 3825//243 1087//243
f 3466//243 1087//243 3825//243
f 2572//262 2608//262 1242//262
f 1382//262 1242//262 2608//262
f 1089//244 1087//244 3466//244
f 3951//185 3950//185 3340//185
f 930//231 3899//231 467//231
f 1242//262 1232//262 2572//262
f 2290//262 2516//262 1209//262
f 3952//185 3953//185 3340//185
f 3954//185 3340//185 3953//185
f 1910//52 3662//52 1912//52
f 1232//262 1227//262 2611//262
f 2611//262 2572//262 1232//262
f 3955//185 3952//185 3340//185
f 1912//55 3662//55 3666//55
f 1227//262 1216//262 2496//262
f 2496//262 2611//262 1227//262
f 3227//12 1093//12 1091//12
f 3491//185 3485//185 3233//185
f 3956//185 3340//185 3943//185
f 3236//185 3944//185 3340//185
f 3955//185 3340//185 3956//185
f 3481//225 1093//225 3227//225
f 3954//185 3951//185 3340//185
f 3918//185 3340//185 3948//185
f 1876//40 3667//40 3642//40
f 458//70 461//70 3906//70
f 2538//262 2758//262 2539//262
f 458//70 3906//70 3905//70
f 2544//262 2758//262 2550//262
f 3909//88 458//88 3905//88
f 3622//185 2770//185 3340//185
f 2800//185 2012//185 3340//185
f 2009//185 3340//185 1808//185
f 3340//185 3918//185 3622//185
f 3917//185 3937//185 3622//185
f 3934//185 3933//185 3622//185
f 3622//185 3932//185 3957//185
f 3622//185 3957//185 3958//185
f 3622//185 3958//185 3959//185
f 3622//185 3959//185 3960//185
f 3960//185 3930//185 3622//185
f 3926//185 3908//185 3622//185
f 3961//2 3369//2 3962//2
f 2554//262 2550//262 2758//262
f 3908//90 455//90 3909//90
f 2555//262 2554//262 2758//262
f 3963//2 3964//2 3369//2
f 3908//92 447//92 455//92
f 2562//262 2555//262 2758//262
f 2848//262 2562//262 2758//262
f 1612//10 3965//10 3966//10
f 3967//2 3963//2 3369//2
f 3229//185 3231//185 3227//185
f 3231//185 3641//185 3230//185
f 3853//185 3968//185 3230//185
f 3968//185 3969//185 3230//185
f 3969//185 3846//185 3230//185
f 3847//185 3232//185 3230//185
f 3205//185 3208//185 3204//185
f 3199//185 3205//185 3198//185
f 3629//185 3199//185 2885//185
f 2885//185 2882//185 3629//185
f 3097//185 3629//185 2882//185
f 2882//185 2881//185 3097//185
f 2881//185 2817//185 3096//185
f 2816//185 3096//185 2817//185
f 1612//24 3966//24 3970//24
f 1612//24 3970//24 1615//24
f 3971//2 3369//2 3964//2
f 1885//53 3649//53 3648//53
f 1615//19 3970//19 3883//19
f 3269//185 3656//185 2283//185
f 3650//185 3647//185 2283//185
f 2283//185 3647//185 3646//185
f 3646//185 3665//185 2283//185
f 3698//185 2283//185 3699//185
f 3972//2 3369//2 3973//2
f 3790//194 2303//194 2282//194
f 1349//262 1350//262 2618//262
f 3239//16 3974//16 103//16
f 3975//2 3369//2 3976//2
f 3926//92 447//92 3908//92
f 3977//2 3369//2 3975//2
f 275//231 3974//231 3239//231
f 3925//94 442//94 447//94
f 3925//94 447//94 3926//94
f 2283//185 2762//185 1689//185
f 3499//185 2283//185 3862//185
f 3622//185 3862//185 2283//185
f 3392//185 3367//185 2283//185
f 3470//185 3356//185 2283//185
f 1694//185 1690//185 2762//185
f 3978//2 3369//2 3977//2
f 442//96 3925//96 3924//96
f 152//260 3979//260 2//260
f 3980//2 3369//2 3978//2
f 3981//146 2314//146 2792//146
f 2924//262 2921//262 1349//262
f 2925//262 2924//262 1349//262
f 3982//2 3369//2 3980//2
f 2659//262 2925//262 1349//262
f 2658//262 2659//262 1349//262
f 3981//251 2792//251 3816//251
f 1620//21 3884//21 3983//21
f 3984//2 3369//2 3982//2
f 3985//2 3369//2 3972//2
f 3986//261 1310//261 3987//261
f 3988//2 3369//2 3984//2
f 3983//22 3989//22 1630//22
f 1903//49 3660//49 3661//49
f 454//2 3990//2 3191//2
f 3985//2 3976//2 3369//2
f 2325//168 3797//168 2321//168
f 3796//168 2321//168 3797//168
f 1630//23 3989//23 3991//23
f 3992//237 2015//237 3991//237
f 3987//261 1310//261 2762//261
f 2762//261 3993//261 3987//261
f 3994//2 3191//2 3990//2
f 3988//2 3995//2 3369//2
f 3957//108 937//108 3958//108
f 3990//2 3858//2 3994//2
f 2015//25 3992//25 3996//25
f 3993//261 2762//261 2181//261
f 1364//262 1360//262 2918//262
f 2918//262 2915//262 1364//262
f 1360//262 1356//262 2917//262
f 2917//262 2918//262 1360//262
f 3860//2 3994//2 3858//2
f 3859//2 3867//2 3860//2
f 3870//2 3860//2 3867//2
f 3779//153 2291//153 2292//153
f 3940//26 1639//26 3996//26
f 2921//262 2917//262 1356//262
f 3997//2 3369//2 3922//2
f 3962//2 3369//2 3997//2
f 3998//2 3369//2 3999//2
f 3961//2 3999//2 3369//2
f 3998//2 3967//2 3369//2
f 3971//2 3973//2 3369//2
f 4000//2 251//2 3369//2
f 2898//262 2566//262 2758//262
f 2566//262 2565//262 2758//262
f 2862//262 2758//262 2565//262
f 2294//116 3783//116 2293//116
f 3226//29 3941//29 4001//29
f 1843//77 3616//77 3670//77
f 3939//240 955//240 3935//240
f 3783//156 2294//156 2295//156
f 3671//71 1843//71 3670//71
f 4002//30 1638//30 4001//30
f 3939//166 3938//166 955//166
f 1638//31 4002//31 1645//31
f 4003//31 1645//31 4002//31
f 4003//32 3945//32 1645//32
f 2748//262 2758//262 2749//262
f 1650//238 3945//238 4004//238
f 2898//262 2758//262 2748//262
f 2749//262 2758//262 2752//262
f 2752//262 2758//262 2959//262
f 4005//77 1641//77 4004//77
f 4006//82 1935//82 4007//82
f 2959//262 2758//262 2759//262
f 2759//262 2758//262 2760//262
f 1641//71 4005//71 4008//71
f 4006//83 4009//83 1935//83
f 1934//83 1935//83 4009//83
f 1934//84 4009//84 1941//84
f 4010//84 1941//84 4009//84
f 2760//262 2758//262 2761//262
f 3874//2 3845//2 3844//2
f 3167//2 3186//2 3836//2
f 3848//2 3850//2 3852//2
f 3836//2 3852//2 3850//2
f 3202//2 4011//2 3210//2
f 4012//2 3210//2 4011//2
f 4011//2 3224//2 4012//2
f 3225//2 4012//2 3224//2
f 1533//2 1540//2 3995//2
f 3369//2 3995//2 1540//2
f 1543//2 190//2 3369//2
f 3995//2 3222//2 1533//2
f 2735//262 2758//262 2736//262
f 1941//122 4010//122 4013//122
f 2761//262 2758//262 2735//262
f 253//2 1073//2 309//2
f 1056//2 252//2 310//2
f 1656//79 4014//79 4015//79
f 2736//262 2758//262 2745//262
f 3256//94 3613//94 3535//94
f 2745//262 2758//262 2764//262
f 1657//81 4015//81 4016//81
f 3256//96 3259//96 3613//96
f 4017//118 1658//118 4016//118
f 1657//118 4016//118 1658//118
f 806//2 87//2 1006//2
f 2314//144 4018//144 3792//144
f 805//2 87//2 806//2
f 2764//262 2758//262 2766//262
f 2790//262 2788//262 2757//262
f 2949//262 2766//262 2757//262
f 4019//82 1658//82 4017//82
f 3262//101 272//101 3618//101
f 2320//251 3816//251 2792//251
f 2533//2 87//2 805//2
f 272//103 3262//103 3561//103
f 272//103 3561//103 271//103
f 2949//262 2757//262 2771//262
f 2772//262 2771//262 2757//262
f 2320//167 2321//167 3816//167
f 1073//2 225//2 224//2
f 3560//105 271//105 3561//105
f 224//2 309//2 1073//2
f 4020//122 1666//122 4021//122
f 3272//166 4022//166 3569//166
f 3683//97 1983//97 3681//97
f 2773//262 2772//262 2757//262
f 1666//123 4020//123 4023//123
f 3543//169 4022//169 3272//169
f 2342//252 3799//252 2338//252
f 1768//4 1767//4 4024//4
f 1035//2 87//2 2428//2
f 2342//178 2341//178 3799//178
f 1003//2 87//2 1001//2
f 3287//115 4025//115 3634//115
f 3798//187 2341//187 2347//187
f 3693//109 1975//109 3694//109
f 1035//2 1001//2 87//2
f 1006//2 87//2 1003//2
f 4025//124 3287//124 4026//124
f 3290//124 4026//124 3287//124
f 2350//188 3801//188 2347//188
f 3696//111 1975//111 3693//111
f 3291//247 4027//247 3290//247
f 4026//247 3290//247 4027//247
f 3801//257 2350//257 3802//257
f 2352//257 3802//257 2350//257
f 1720//74 1723//74 4028//74
f 2632//2 2635//2 1012//2
f 4027//248 3291//248 3554//248
f 2363//190 3802//190 2352//190
f 1013//2 1012//2 2635//2
f 2635//2 1069//2 1013//2
f 4029//2 1013//2 1069//2
f 310//2 2632//2 1056//2
f 3704//130 1479//130 3701//130
f 2365//191 330//191 2363//191
f 1069//2 2637//2 4029//2
f 3704//131 1480//131 1479//131
f 313//2 4029//2 2637//2
f 4030//179 3944//179 3233//179
f 2637//2 1131//2 313//2
f 3564//108 274//108 3563//108
f 3671//71 1844//71 1843//71
f 3028//239 333//239 2436//239
f 3195//184 1134//184 1141//184
f 3564//110 3305//110 274//110
f 1131//2 2595//2 313//2
f 3026//241 333//241 3028//241
f 2595//2 1139//2 313//2
f 1170//252 3836//252 1160//252
f 3308//143 4031//143 3565//143
f 3674//81 1927//81 3615//81
f 1751//33 4032//33 4033//33
f 4031//117 3308//117 4034//117
f 3309//117 4034//117 3308//117
f 314//2 313//2 312//2
f 1139//2 311//2 313//2
f 4007//118 1931//118 3674//118
f 1927//118 3674//118 1931//118
f 312//2 315//2 314//2
f 3309//240 3569//240 4034//240
f 1935//82 1931//82 4007//82
f 315//2 316//2 250//2
f 3316//157 4035//157 3556//157
f 3318//176 4036//176 3316//176
f 4035//176 3316//176 4036//176
f 328//184 3773//184 2337//184
f 1012//2 1056//2 2632//2
f 4036//177 3318//177 3669//177
f 328//186 2337//186 329//186
f 2338//186 329//186 2337//186
f 3324//128 4037//128 3669//128
f 3799//252 329//252 2338//252
f 3806//123 1950//123 4013//123
f 4037//179 3324//179 3328//179
f 4037//179 3328//179 4038//179
f 1177//246 3994//246 1175//246
f 46//124 3950//124 3951//124
f 1422//2 87//2 1238//2
f 4038//254 3328//254 3672//254
f 1176//239 3191//239 1177//239
f 3876//86 1946//86 1950//86
f 3876//86 1950//86 3806//86
f 2347//187 3800//187 3798//187
f 1238//2 87//2 2678//2
f 46//247 3951//247 3954//247
f 3592//255 4039//255 3672//255
f 1095//241 3191//241 1176//241
f 1946//87 3876//87 1945//87
f 3875//87 1945//87 3876//87
f 1256//2 87//2 1424//2
f 3800//188 2347//188 3801//188
f 4039//220 3592//220 3673//220
f 2666//2 87//2 1256//2
f 3888//89 1947//89 1945//89
f 3888//89 1945//89 3875//89
f 3084//54 4040//54 3673//54
f 1947//91 3888//91 1949//91
f 3682//91 1949//91 3888//91
f 2363//190 3804//190 3802//190
f 2669//2 87//2 2665//2
f 1424//2 87//2 1422//2
f 3083//221 4041//221 3084//221
f 4040//221 3084//221 4041//221
f 1389//2 87//2 2669//2
f 3680//93 1951//93 1949//93
f 3680//93 1949//93 3682//93
f 4041//256 3083//256 3090//256
f 4041//256 3090//256 3911//256
f 3804//191 2363//191 330//191
f 3224//244 4011//244 1622//244
f 2441//2 87//2 1389//2
f 3681//95 1956//95 1951//95
f 3681//95 1951//95 3680//95
f 3090//250 3089//250 3911//250
f 182//236 1530//236 1622//236
f 3681//97 1983//97 1956//97
f 2689//2 87//2 2687//2
f 330//245 2365//245 331//245
f 2368//245 331//245 2365//245
f 3684//100 1966//100 3683//100
f 1469//2 87//2 2689//2
f 3257//156 2799//156 3160//156
f 2647//156 3160//156 2799//156
f 2436//246 332//246 331//246
f 2436//246 331//246 2368//246
f 1408//2 87//2 1469//2
f 1983//100 3683//100 1966//100
f 2646//235 3158//235 2647//235
f 3160//235 2647//235 3158//235
f 1476//2 87//2 1408//2
f 2436//239 333//239 332//239
f 3341//183 537//183 3343//183
f 2674//2 87//2 1476//2
f 3161//142 3158//142 2787//142
f 2646//142 2787//142 3158//142
f 3686//102 1965//102 1966//102
f 3686//102 1966//102 3684//102
f 3026//241 334//241 333//241
f 3161//158 2787//158 2785//158
f 3161//158 2785//158 3163//158
f 1965//104 3686//104 1967//104
f 3689//104 1967//104 3686//104
f 3026//180 3020//180 334//180
f 335//180 334//180 3020//180
f 2678//2 87//2 2674//2
f 2784//160 3165//160 2785//160
f 3163//160 2785//160 3165//160
f 3691//106 1971//106 1967//106
f 3691//106 1967//106 3689//106
f 335//242 3020//242 3808//242
f 3021//242 3808//242 3020//242
f 3165//192 2784//192 3166//192
f 2783//192 3166//192 2784//192
f 2774//262 2773//262 2757//262
f 3021//243 3035//243 3808//243
f 3810//243 3808//243 3035//243
f 1971//107 3691//107 1973//107
f 3694//107 1973//107 3691//107
f 2782//193 3169//193 3166//193
f 2782//193 3166//193 2783//193
f 2777//262 2774//262 2757//262
f 1503//2 3443//2 1493//2
f 2561//244 3812//244 3810//244
f 2561//244 3810//244 3035//244
f 1975//109 1973//109 3694//109
f 2781//262 2777//262 2757//262
f 2786//262 2781//262 2757//262
f 3169//194 2782//194 3170//194
f 2779//194 3170//194 2782//194
f 2686//2 87//2 1506//2
f 2561//236 2449//236 3812//236
f 3696//111 1977//111 1975//111
f 2788//262 2786//262 2757//262
f 3170//181 2779//181 3177//181
f 2778//181 3177//181 2779//181
f 4042//126 1430//126 1977//126
f 4042//126 1977//126 3696//126
f 2687//2 87//2 2686//2
f 1506//2 87//2 1503//2
f 3177//17 2778//17 3176//17
f 1135//17 3176//17 2778//17
f 1430//127 4042//127 1488//127
f 3702//127 1488//127 4042//127
f 505//101 511//101 3930//101
f 1132//182 3175//182 3176//182
f 1132//182 3176//182 1135//182
f 2790//262 2757//262 2977//262
f 2120//2 2126//2 1346//2
f 3701//129 1487//129 1488//129
f 3701//129 1488//129 3702//129
f 2980//262 2977//262 2757//262
f 2981//262 2980//262 2757//262
f 1132//183 1134//183 3175//183
f 3195//183 3175//183 1134//183
f 3960//103 504//103 3930//103
f 1487//130 3701//130 1479//130
f 2823//262 2757//262 2825//262
f 2985//262 2757//262 2986//262
f 3706//131 1480//131 3704//131
f 2986//262 2757//262 2987//262
f 3707//133 1477//133 3706//133
f 3709//134 1477//134 3707//134
f 3836//178 1170//178 1169//178
f 937//110 3957//110 3932//110
f 3843//187 3852//187 2396//187
f 2013//2 3151//2 2714//2
f 3843//188 2396//188 2404//188
f 2990//262 2757//262 2993//262
f 1566//2 3443//2 2714//2
f 492//143 509//143 3934//143
f 2403//257 3872//257 2404//257
f 2837//262 2993//262 2757//262
f 1486//2 3443//2 1484//2
f 1570//2 1484//2 3443//2
f 1493//2 3443//2 1486//2
f 2837//262 2757//262 2836//262
f 2838//262 2836//262 2757//262
f 3872//190 2403//190 2409//190
f 3935//117 967//117 3934//117
f 3000//262 2998//262 2757//262
f 2757//262 2755//262 3000//262
f 3870//191 2409//191 2408//191
f 317//2 251//2 316//2
f 3938//166 956//166 955//166
f 3740//197 1988//197 3739//197
f 4043//28 4044//28 1767//28
f 4043//28 1767//28 1760//28
f 3376//140 1988//140 3740//140
f 1177//239 3191//239 3994//239
f 2998//262 2838//262 2757//262
f 2757//262 2990//262 2987//262
f 2757//262 2985//262 2825//262
f 2823//262 2981//262 2757//262
f 1095//241 1097//241 3191//241
f 4044//4 4024//4 1767//4
f 4030//254 3233//254 3232//254
f 324//2 251//2 323//2
f 320//2 251//2 319//2
f 1768//5 4024//5 4045//5
f 325//2 1693//2 251//2
f 322//2 251//2 321//2
f 1693//2 1697//2 251//2
f 1385//262 1382//262 2607//262
f 1350//262 1343//262 2624//262
f 2624//262 2618//262 1350//262
f 2618//262 2619//262 1349//262
f 2619//262 2615//262 1349//262
f 2615//262 2658//262 1349//262
f 1356//262 1349//262 2921//262
f 2607//262 2630//262 1385//262
f 1209//262 1206//262 2290//262
f 2530//262 2528//262 1194//262
f 1183//262 1179//262 2479//262
f 2487//262 2486//262 940//262
f 4045//7 4046//7 1803//7
f 4047//73 1723//73 4046//73
f 1803//73 4046//73 1723//73
f 1697//2 1702//2 251//2
f 1648//2 3167//2 1742//2
f 1647//2 3167//2 1648//2
f 4047//74 4028//74 1723//74
f 3224//236 1622//236 1530//236
f 326//2 251//2 1702//2
f 1720//76 4028//76 4048//76
f 1141//184 3187//184 3195//184
f 1710//2 326//2 1702//2
f 1728//3 1721//3 4049//3
f 3187//186 1141//186 3186//186
f 1160//186 3186//186 1141//186
f 3186//252 1160//252 3836//252
f 2754//2 326//2 1627//2
f 1169//178 3852//178 3836//178
f 1726//2 326//2 2754//2
f 4050//80 4043//80 1760//80
f 3949//114 962//114 3948//114
f 1635//2 326//2 1726//2
f 1169//187 2396//187 3852//187
f 1634//2 326//2 1635//2
f 326//2 1710//2 2750//2
f 2404//188 3844//188 3843//188
f 1462//58 4051//58 1459//58
f 3844//257 2404//257 3872//257
f 1459//233 4052//233 4053//233
f 3822//210 3833//210 2388//210
f 1742//2 3167//2 1634//2
f 2750//2 1627//2 326//2
f 3727//44 3728//44 2048//44
f 2409//190 3869//190 3872//190
f 4053//36 4054//36 1765//36
f 3869//191 2409//191 3870//191
f 1765//37 4054//37 4032//37
f 2763//2 3167//2 1647//2
f 1758//2 3167//2 2763//2
f 3841//209 3837//209 1147//209
f 3870//245 2408//245 3860//245
f 1175//245 3860//245 2408//245
f 1088//157 3952//157 3955//157
f 1751//34 4033//34 4055//34
f 2769//2 3167//2 2765//2
f 3860//246 1175//246 3994//246
f 3956//176 1088//176 3955//176
f 1771//2 3167//2 2769//2
f 4055//35 4056//35 2016//35
f 1777//2 3167//2 1771//2
f 2765//2 3167//2 1758//2
f 2016//78 4056//78 4050//78
f 537//184 3341//184 532//184
f 3349//184 532//184 3341//184
f 1776//2 3167//2 1777//2
f 3197//180 1097//180 1096//180
f 2861//262 2758//262 2862//262
f 2861//262 2860//262 2758//262
f 2859//262 2858//262 2758//262
f 2757//262 2766//262 2758//262
f 1619//242 3202//242 1096//242
f 3197//242 1096//242 3202//242
f 2775//2 3167//2 2261//2
f 3944//128 1083//128 3943//128
f 1623//243 4011//243 1619//243
f 3202//243 1619//243 4011//243
f 1505//38 4057//38 1501//38
f 2298//2 3167//2 2775//2
f 3737//60 3722//60 2081//60
f 1623//244 1622//244 4011//244
f 2301//2 3167//2 2298//2
f 1501//39 4058//39 4059//39
f 4030//254 3232//254 4060//254
f 2307//2 3167//2 2301//2
f 4059//40 4061//40 1496//40
f 2789//2 3167//2 2307//2
f 4062//41 1482//41 4061//41
f 1496//41 4061//41 1482//41
f 2317//2 3167//2 2312//2
f 1482//42 4062//42 4063//42
f 1482//42 4063//42 1481//42
f 2331//2 2336//2 2857//2
f 2087//2 3219//2 2391//2
f 4064//48 1472//48 4063//48
f 1481//48 4063//48 1472//48
f 1017//221 1016//221 3968//221
f 2391//2 2393//2 2087//2
f 1472//50 4064//50 4065//50
f 1472//50 4065//50 1467//50
f 2086//2 2087//2 2393//2
f 994//256 1017//256 3853//256
f 3968//256 3853//256 1017//256
f 2153//262 1364//262 2915//262
f 4066//113 1781//113 4065//113
f 1467//113 4065//113 1781//113
f 3265//2 2147//2 2257//2
f 3088//262 3087//262 3532//262
f 1781//53 4066//53 4067//53
f 1781//53 4067//53 1782//53
f 3024//262 3016//262 3065//262
f 4068//56 1785//56 4067//56
f 1782//56 4067//56 1785//56
f 3358//186 532//186 3349//186
f 3745//165 3746//165 2114//165
f 963//115 962//115 3950//115
f 1785//57 4068//57 4051//57
f 1785//57 4051//57 1462//57
f 2114//125 3746//125 3747//125
f 2360//2 3167//2 2357//2
f 46//124 963//124 3950//124
f 4052//58 1459//58 4051//58
f 2808//2 2367//2 3167//2
f 1877//43 4069//43 1878//43
f 4070//44 2091//44 4071//44
f 1878//44 4071//44 2091//44
f 2367//2 2261//2 3167//2
f 2360//2 2808//2 3167//2
f 2312//2 3167//2 2789//2
f 1477//133 1480//133 3706//133
f 2393//2 2824//2 2086//2
f 4072//45 1823//45 4070//45
f 2091//45 4070//45 1823//45
f 3709//134 1474//134 1477//134
f 2147//2 2086//2 2824//2
f 1822//46 1823//46 4073//46
f 4072//46 4073//46 1823//46
f 3751//135 1471//135 1474//135
f 3751//135 1474//135 3709//135
f 3956//176 1084//176 1088//176
f 1822//47 4073//47 4074//47
f 1822//47 4074//47 1813//47
f 1471//136 3751//136 1468//136
f 3717//136 1468//136 3751//136
f 4075//49 1812//49 4074//49
f 1813//49 4074//49 1812//49
f 2824//2 2257//2 2147//2
f 3719//195 1463//195 1468//195
f 3719//195 1468//195 3717//195
f 2709//2 1548//2 2043//2
f 1328//2 2709//2 2051//2
f 4076//51 1815//51 4075//51
f 1812//51 4075//51 1815//51
f 775//167 3656//167 712//167
f 1463//137 3719//137 1456//137
f 3378//137 1456//137 3719//137
f 1818//52 1815//52 4077//52
f 4076//52 4077//52 1815//52
f 2043//2 2051//2 2709//2
f 3741//138 1450//138 1456//138
f 3741//138 1456//138 3378//138
f 711//168 712//168 3269//168
f 2125//2 2043//2 1548//2
f 1818//55 4077//55 4057//55
f 1818//55 4057//55 1505//55
f 12//239 11//239 3506//239
f 3741//139 3738//139 1450//139
f 1982//139 1450//139 3738//139
f 3283//153 1102//153 1101//153
f 3513//241 18//241 3506//241
f 4058//38 1501//38 4057//38
f 3739//196 1982//196 3738//196
f 3250//151 3761//151 2798//151
f 3288//154 715//154 1102//154
f 3288//154 1102//154 3283//154
f 3250//153 2798//153 2656//153
f 1982//196 3739//196 1986//196
f 1979//59 4078//59 1837//59
f 714//116 715//116 3288//116
f 1988//197 1986//197 3739//197
f 1836//60 1837//60 4079//60
f 4078//60 4079//60 1837//60
f 326//2 1634//2 3167//2
f 2344//2 3167//2 1776//2
f 2349//2 3167//2 2344//2
f 2803//2 3167//2 2349//2
f 2355//2 3167//2 2803//2
f 2355//2 2357//2 3167//2
f 2126//2 2125//2 1347//2
f 3167//2 3829//2 326//2
f 3830//2 3832//2 326//2
f 3833//2 3822//2 326//2
f 326//2 3821//2 3793//2
f 326//2 3792//2 4018//2
f 326//2 4018//2 3981//2
f 326//2 3981//2 3816//2
f 3816//2 3796//2 326//2
f 3376//140 1989//140 1988//140
f 4080//61 1848//61 4079//61
f 1836//61 4079//61 1848//61
f 1989//141 3376//141 1524//141
f 3375//141 1524//141 3376//141
f 1848//62 4080//62 4081//62
f 1848//62 4081//62 1841//62
f 3373//170 1525//170 1524//170
f 3373//170 1524//170 3375//170
f 3334//158 722//158 718//158
f 4082//63 1842//63 4081//63
f 1841//63 4081//63 1842//63
f 1525//171 3373//171 2005//171
f 3372//171 2005//171 3373//171
f 1548//2 1347//2 2125//2
f 1347//2 1346//2 2126//2
f 1346//2 2714//2 2120//2
f 1959//2 2120//2 2714//2
f 3240//2 1959//2 2714//2
f 2029//2 3240//2 2714//2
f 1902//2 2029//2 2714//2
f 3151//2 1902//2 2714//2
f 3443//2 2013//2 2714//2
f 1566//2 1570//2 3443//2
f 2051//2 2055//2 1328//2
f 2257//2 1523//2 3265//2
f 2340//2 2373//2 2855//2
f 2855//2 2854//2 2340//2
f 2336//2 2340//2 2854//2
f 2854//2 2857//2 2336//2
f 2322//2 2797//2 2857//2
f 3167//2 2880//2 3159//2
f 3159//2 3165//2 3167//2
f 1842//64 4082//64 4083//64
f 1842//64 4083//64 1847//64
f 3372//172 3365//172 2005//172
f 2008//172 2005//172 3365//172
f 3339//17 258//17 260//17
f 3794//160 722//160 3334//160
f 4084//65 1850//65 4083//65
f 1847//65 4083//65 1850//65
f 2008//155 3365//155 2160//155
f 3331//155 2160//155 3365//155
f 3343//182 543//182 258//182
f 3343//182 258//182 3339//182
f 2665//2 87//2 2666//2
f 2416//2 87//2 2441//2
f 1026//2 87//2 2416//2
f 2429//2 87//2 979//2
f 979//2 87//2 1026//2
f 2429//2 2428//2 87//2
f 129//2 87//2 2533//2
f 3443//2 1503//2 87//2
f 3343//183 537//183 543//183
f 4085//67 2090//67 4084//67
f 1850//67 4084//67 2090//67
f 2025//173 2160//173 3331//173
f 733//192 3794//192 732//192
f 2903//2 996//2 1025//2
f 2090//152 4085//152 4069//152
f 2090//152 4069//152 1877//152
f 3723//61 2080//61 2081//61
f 3795//193 3447//193 732//193
f 4086//2 1016//2 1015//2
f 3724//62 2034//62 3723//62
f 2080//62 3723//62 2034//62
f 4071//43 1878//43 4069//43
f 1267//210 1269//210 3281//210
f 3358//186 529//186 532//186
f 3210//254 4012//254 1624//254
f 1015//2 2911//2 4086//2
f 3754//63 2033//63 3724//63
f 2034//63 3724//63 2033//63
f 3453//181 728//181 725//181
f 4087//2 4086//2 2911//2
f 3281//216 1269//216 1234//216
f 3362//252 281//252 3358//252
f 1618//255 3200//255 1624//255
f 2911//2 3946//2 4087//2
f 2033//64 3754//64 3753//64
f 2033//64 3753//64 2036//64
f 727//17 728//17 3454//17
f 4060//2 4087//2 3946//2
f 3752//65 2174//65 3753//65
f 2036//65 3753//65 2174//65
f 3461//182 730//182 3454//182
f 4088//187 282//187 3692//187
f 2174//67 3752//67 3726//67
f 2174//67 3726//67 2175//67
f 4088//188 3692//188 3690//188
f 3946//2 3947//2 4060//2
f 4030//2 4060//2 3947//2
f 3725//152 2176//152 3726//152
f 2175//152 3726//152 2176//152
f 3688//257 665//257 3690//257
f 2176//43 3725//43 3727//43
f 2176//43 3727//43 2047//43
f 665//190 3688//190 3687//190
f 3727//44 2048//44 2047//44
f 3947//2 1081//2 4030//2
f 3859//250 1178//250 1174//250
f 1083//2 4030//2 1081//2
f 3859//223 1174//223 1173//223
f 2048//45 3728//45 3657//45
f 3708//191 658//191 3687//191
f 1085//2 1083//2 1082//2
f 1082//2 1086//2 1085//2
f 3731//164 2059//164 3730//164
f 2069//164 3730//164 2059//164
f 1391//215 1397//215 3755//215
f 3832//199 2376//199 2375//199
f 3732//145 2058//145 3731//145
f 2059//145 3731//145 2058//145
f 3755//200 1397//200 1257//200
f 760//188 3482//188 3803//188
f 2058//147 3732//147 3733//147
f 2058//147 3733//147 2062//147
f 3023//2 789//2 3022//2
f 12//241 3506//241 18//241
f 3734//148 2074//148 3733//148
f 2062//148 3733//148 2074//148
f 3787//2 789//2 3023//2
f 2374//215 2379//215 3814//215
f 3762//2 789//2 3787//2
f 2074//149 3734//149 3735//149
f 2074//149 3735//149 2072//149
f 2380//200 3818//200 2379//200
f 3814//200 2379//200 3818//200
f 3031//2 789//2 3762//2
f 1109//191 766//191 3392//191
f 3818//85 2380//85 2383//85
f 3736//150 2071//150 3735//150
f 2072//150 3735//150 2071//150
f 3032//2 789//2 3031//2
f 1080//2 789//2 3764//2
f 872//245 1109//245 3392//245
f 2071//59 3736//59 3737//59
f 2071//59 3737//59 2077//59
f 2077//60 3737//60 2081//60
f 3764//2 789//2 3032//2
f 861//2 848//2 847//2
f 733//160 722//160 3794//160
f 2081//61 3722//61 3723//61
f 2953//2 1103//2 2954//2
f 3767//2 2954//2 1103//2
f 2388//216 2794//216 3821//216
f 3795//192 732//192 3794//192
f 3330//173 2025//173 3331//173
f 3113//2 1103//2 2953//2
f 3332//253 3326//253 1419//253
f 3016//262 3015//262 3064//262
f 3064//262 3065//262 3016//262
f 529//252 3358//252 281//252
f 1103//2 3113//2 1104//2
f 3300//99 3332//99 1278//99
f 1281//99 1278//99 3332//99
f 1150//209 1147//209 3837//209
f 3050//2 789//2 3776//2
f 281//178 3362//178 282//178
f 3364//178 282//178 3362//178
f 1280//218 3298//218 1278//218
f 3300//218 1278//218 3298//218
f 3070//262 1371//262 2915//262
f 1371//262 2153//262 2915//262
f 3069//262 1371//262 3070//262
f 3841//201 1147//201 1146//201
f 3364//187 3692//187 282//187
f 3298//211 1280//211 1287//211
f 3298//211 1287//211 3303//211
f 3022//2 789//2 3782//2
f 3831//203 1146//203 1145//203
f 3690//188 664//188 4088//188
f 3303//212 1287//212 1353//212
f 1288//212 1353//212 1287//212
f 727//182 3454//182 730//182
f 3782//2 789//2 3050//2
f 3776//2 789//2 3048//2
f 3048//2 789//2 1104//2
f 1353//206 1288//206 1351//206
f 664//257 3690//257 665//257
f 729//183 730//183 3461//183
f 3077//262 3076//262 2755//262
f 1357//207 1351//207 1386//207
f 3687//190 667//190 665//190
f 1390//199 3297//199 1386//199
f 1357//199 1386//199 3297//199
f 2398//99 3823//99 2397//99
f 3640//2 998//2 2877//2
f 667//191 3687//191 658//191
f 3082//262 2755//262 3086//262
f 3081//262 2755//262 3082//262
f 3297//214 1390//214 3333//214
f 1391//214 3333//214 1390//214
f 1025//2 3640//2 2903//2
f 2399//218 3823//218 2398//218
f 3087//262 3086//262 3109//262
f 2755//262 3109//262 3086//262
f 3333//215 1391//215 3755//215
f 2877//2 2903//2 3640//2
f 1000//2 2877//2 998//2
f 3470//252 758//252 751//252
f 3109//262 3532//262 3087//262
f 658//245 3708//245 659//245
f 3370//245 659//245 3708//245
f 758//178 3470//178 757//178
f 3483//178 757//178 3470//178
f 3829//212 2400//212 2401//212
f 11//246 659//246 3507//246
f 3370//246 3507//246 659//246
f 3124//2 1103//2 3809//2
f 760//187 757//187 3483//187
f 1415//230 1432//230 3311//230
f 3849//2 1103//2 3124//2
f 3419//204 2089//204 2025//204
f 3419//204 2025//204 3330//204
f 2402//206 3830//206 3829//206
f 2402//206 3829//206 2401//206
f 3507//239 3506//239 11//239
f 3803//188 753//188 760//188
f 3310//232 3311//232 1404//232
f 1403//232 1404//232 3311//232
f 2991//2 1103//2 3849//2
f 2089//174 3419//174 2118//174
f 3414//174 2118//174 3419//174
f 2376//207 3832//207 2402//207
f 3855//2 1103//2 2991//2
f 1405//234 3314//234 1404//234
f 3310//234 1404//234 3314//234
f 753//257 3803//257 752//257
f 3368//257 752//257 3803//257
f 3129//2 1103//2 3855//2
f 3414//175 3410//175 2118//175
f 2101//175 2118//175 3410//175
f 3314//219 1405//219 1406//219
f 3314//219 1406//219 1375//219
f 3517//180 706//180 18//180
f 3517//180 18//180 3513//180
f 766//190 752//190 3368//190
f 3857//2 1103//2 3129//2
f 2101//208 3410//208 2100//208
f 3742//208 2100//208 3410//208
f 1375//209 1406//209 1376//209
f 3863//2 1103//2 3857//2
f 2375//199 3817//199 3832//199
f 706//242 3517//242 707//242
f 3705//242 707//242 3517//242
f 2100//18 3742//18 2103//18
f 3744//18 2103//18 3742//18
f 3767//2 1103//2 3863//2
f 3815//214 3817//214 2374//214
f 2375//214 2374//214 3817//214
f 3774//243 32//243 707//243
f 3774//243 707//243 3705//243
f 1330//203 1326//203 1414//203
f 3743//189 2106//189 2103//189
f 3743//189 2103//189 3744//189
f 3815//215 2374//215 3814//215
f 3002//2 339//2 3866//2
f 3326//222 1330//222 1419//222
f 1414//222 1419//222 1330//222
f 3774//244 3775//244 32//244
f 33//244 32//244 3775//244
f 2106//159 3743//159 2109//159
f 3750//159 2109//159 3743//159
f 3002//2 3877//2 339//2
f 1281//253 3332//253 1419//253
f 3877//2 3839//2 339//2
f 3745//161 2112//161 3750//161
f 2109//161 3750//161 2112//161
f 2383//85 3820//85 3818//85
f 3839//2 3838//2 339//2
f 3745//165 2114//165 2112//165
f 3819//258 3820//258 2384//258
f 2383//258 2384//258 3820//258
f 3747//125 2115//125 2114//125
f 3809//2 1103//2 3005//2
f 1103//2 339//2 3838//2
f 3651//146 3655//146 1100//146
f 2387//259 3833//259 2384//259
f 3819//259 2384//259 3833//259
f 2115//163 3747//163 3730//163
f 2069//163 2115//163 3730//163
f 2387//210 2388//210 3833//210
f 3838//2 3005//2 1103//2
f 3822//216 2388//216 3821//216
f 3269//167 712//167 3656//167
f 3133//2 339//2 3148//2
f 809//258 808//258 3813//258
f 3009//2 339//2 3010//2
f 1796//24 3586//24 3590//24
f 809//259 3813//259 3664//259
f 3841//201 1146//201 3842//201
f 3134//2 339//2 3133//2
f 3866//2 339//2 3134//2
f 3348//179 1839//179 894//179
f 1440//179 3348//179 894//179
f 3842//203 1146//203 3831//203
f 1439//254 3348//254 1440//254
f 338//2 87//2 3898//2
f 3831//222 1145//222 1142//222
f 3831//222 1142//222 3828//222
f 3646//216 785//216 783//216
f 3100//262 3099//262 2755//262
f 3098//262 2755//262 3099//262
f 3900//2 339//2 338//2
f 3101//262 3100//262 2755//262
f 3102//262 3101//262 2755//262
f 2397//253 3824//253 1142//253
f 3828//253 1142//253 3824//253
f 3361//2 339//2 3900//2
f 3363//2 339//2 3361//2
f 3824//99 2397//99 3823//99
f 3411//2 3898//2 87//2
f 3106//262 3105//262 2755//262
f 2399//218 3826//218 3823//218
f 3106//262 2755//262 3108//262
f 3145//2 339//2 3363//2
f 3010//2 339//2 3145//2
f 3148//2 339//2 3009//2
f 3826//211 2399//211 2400//211
f 3826//211 2400//211 3827//211
f 3827//212 2400//212 3829//212
f 3936//2 87//2 3910//2
f 3936//2 3377//2 87//2
f 1907//106 4089//106 4090//106
f 3942//2 87//2 3377//2
f 3438//2 87//2 3942//2
f 1451//224 3360//224 1861//224
f 3830//207 2402//207 3832//207
f 3381//2 87//2 3438//2
f 1451//217 1861//217 1452//217
f 3384//2 87//2 3381//2
f 1461//202 1452//202 1860//202
f 3840//232 1154//232 1153//232
f 3840//232 1153//232 3834//232
f 802//85 3713//85 808//85
f 1151//234 3835//234 1153//234
f 3834//234 1153//234 3835//234
f 1425//227 3336//227 1860//227
f 1461//227 1860//227 3336//227
f 87//2 3384//2 3411//2
f 3714//258 3813//258 808//258
f 3337//228 3336//228 1426//228
f 1425//228 1426//228 3336//228
f 1150//219 3837//219 1151//219
f 3835//219 1151//219 3837//219
f 3646//198 1098//198 785//198
f 1429//229 1410//229 1426//229
f 3337//229 1426//229 1410//229
f 3599//26 1816//26 3597//26
f 1410//205 1429//205 1411//205
f 1415//213 1411//213 1432//213
f 1089//2 1090//2 4091//2
f 1100//146 3655//146 776//146
f 1403//230 3311//230 1432//230
f 1830//30 1827//30 3608//30
f 3655//251 775//251 776//251
f 3848//228 2395//228 3850//228
f 1832//31 1830//31 3608//31
f 4092//87 4093//87 1882//87
f 1881//87 1882//87 4093//87
f 4091//2 1088//2 1089//2
f 1439//254 3346//254 3348//254
f 1171//229 3851//229 2394//229
f 3850//229 2394//229 3851//229
f 1092//2 4091//2 1090//2
f 1881//89 4093//89 1884//89
f 4094//89 1884//89 4093//89
f 3346//255 1439//255 1441//255
f 3346//255 1441//255 1498//255
f 1171//205 2563//205 3851//205
f 46//2 1094//2 1093//2
f 1094//2 1092//2 1091//2
f 3383//235 3385//235 50//235
f 809//259 3664//259 784//259
f 4095//91 1886//91 4094//91
f 1884//91 4094//91 1886//91
f 1498//220 1441//220 1443//220
f 1093//2 3481//2 46//2
f 50//142 3385//142 3386//142
f 784//210 3664//210 783//210
f 4095//93 4096//93 1886//93
f 1895//93 1886//93 4096//93
f 1509//221 1446//221 1455//221
f 3503//2 46//2 3574//2
f 3486//2 46//2 3481//2
f 1795//9 3581//9 1793//9
f 4096//95 4097//95 1895//95
f 1894//95 1895//95 4097//95
f 3355//256 1509//256 1454//256
f 1455//256 1454//256 1509//256
f 3581//10 3586//10 1793//10
f 1625//254 1624//254 4012//254
f 1894//97 4097//97 1899//97
f 4098//97 1899//97 4097//97
f 3355//250 1454//250 3357//250
f 1460//250 3357//250 1454//250
f 1796//24 3590//24 1797//24
f 3210//255 1624//255 3200//255
f 526//192 3388//192 3391//192
f 3571//2 46//2 3490//2
f 4099//100 1898//100 4098//100
f 1899//100 4098//100 1898//100
f 3344//193 56//193 3391//193
f 3357//223 1460//223 3360//223
f 1862//223 3360//223 1460//223
f 3587//19 1802//19 3590//19
f 1797//19 3590//19 1802//19
f 453//220 3200//220 1618//220
f 4100//102 1900//102 1898//102
f 4100//102 1898//102 4099//102
f 3587//20 1804//20 1802//20
f 3360//224 1862//224 1861//224
f 4100//104 4089//104 1900//104
f 3974//2 104//2 103//2
f 818//214 3710//214 798//214
f 1203//144 3757//144 1246//144
f 3990//221 454//221 1473//221
f 275//2 104//2 3974//2
f 3486//2 3490//2 46//2
f 1908//104 1900//104 4089//104
f 3710//215 3711//215 798//215
f 3757//146 1203//146 1205//146
f 1178//256 3858//256 1473//256
f 86//2 100//2 276//2
f 3574//2 46//2 3571//2
f 3593//23 1811//23 1809//23
f 1908//106 4089//106 1907//106
f 3510//2 86//2 276//2
f 1811//237 3593//237 1817//237
f 3396//162 3399//162 278//162
f 4101//107 1909//107 1907//107
f 4101//107 1907//107 4090//107
f 3400//144 279//144 3399//144
f 3528//2 86//2 3510//2
f 3503//2 103//2 46//2
f 1909//109 4101//109 1911//109
f 4102//109 1911//109 4101//109
f 1124//168 2270//168 3761//168
f 3597//25 1816//25 1817//25
f 2270//151 2798//151 3761//151
f 1911//111 4102//111 1913//111
f 4103//111 1913//111 4102//111
f 3599//26 1821//26 1816//26
f 3598//2 86//2 3595//2
f 3868//224 1173//224 2413//224
f 3536//2 86//2 3598//2
f 2816//99 810//99 811//99
f 1824//27 1821//27 3599//27
f 4103//126 4104//126 1913//126
f 1916//126 1913//126 4104//126
f 3868//217 2413//217 2412//217
f 3868//217 2412//217 3874//217
f 3535//2 86//2 3536//2
f 810//218 2816//218 812//218
f 3613//2 86//2 3535//2
f 2405//202 3845//202 2412//202
f 3874//202 2412//202 3845//202
f 1916//127 4104//127 1918//127
f 4105//127 1918//127 4104//127
f 3607//30 3608//30 1827//30
f 3612//2 86//2 3613//2
f 4105//129 4106//129 1918//129
f 1921//129 1918//129 4106//129
f 2395//227 3848//227 2405//227
f 3845//227 2405//227 3848//227
f 3618//2 86//2 3612//2
f 4106//130 4107//130 1921//130
f 1923//130 1921//130 4107//130
f 272//2 86//2 3618//2
f 3595//2 86//2 3528//2
f 2394//228 3850//228 2395//228
f 3611//32 1835//32 1832//32
f 1078//213 1077//213 3748//213
f 1835//238 3611//238 1838//238
f 3616//238 1838//238 3611//238
f 1923//131 4107//131 1924//131
f 4108//131 1924//131 4107//131
f 3756//162 1235//162 1246//162
f 2563//205 3854//205 3851//205
f 3616//77 1843//77 1838//77
f 3856//213 3854//213 1161//213
f 2563//213 1161//213 3854//213
f 3619//28 2185//28 1874//28
f 2185//4 3620//4 2186//4
f 3856//230 1161//230 1154//230
f 3856//230 1154//230 3840//230
f 1257//200 3267//200 3755//200
f 3624//5 1855//5 2186//5
f 3267//85 1257//85 3266//85
f 1259//85 3266//85 1257//85
f 3548//2 3634//2 86//2
f 860//219 3215//219 3208//219
f 3625//7 1854//7 3624//7
f 1855//7 3624//7 1854//7
f 1259//258 1394//258 3266//258
f 3271//258 3266//258 1394//258
f 3625//73 3626//73 1854//73
f 3271//259 1394//259 3282//259
f 1267//259 3282//259 1394//259
f 1267//210 3281//210 3282//210
f 3001//262 3000//262 2755//262
f 4026//2 4027//2 86//2
f 453//220 452//220 3200//220
f 1234//216 1236//216 3281//216
f 4027//2 3554//2 86//2
f 3634//2 4025//2 86//2
f 453//54 1614//54 454//54
f 3003//262 3001//262 2755//262
f 87//2 86//2 3554//2
f 1246//144 3757//144 3756//144
f 4025//2 4026//2 86//2
f 1614//221 1473//221 454//221
f 3139//262 3003//262 2755//262
f 1205//146 3758//146 3757//146
f 3140//262 3139//262 2755//262
f 3760//251 3758//251 1122//251
f 1205//251 1122//251 3758//251
f 3990//256 1473//256 3858//256
f 994//250 3853//250 990//250
f 3141//262 3140//262 2755//262
f 3118//262 3141//262 2755//262
f 1124//167 3759//167 1122//167
f 3760//167 1122//167 3759//167
f 1178//250 3859//250 3858//250
f 3119//262 3118//262 2755//262
f 271//2 3560//2 86//2
f 1124//168 3761//168 3759//168
f 3120//262 3119//262 2755//262
f 3867//223 3859//223 1173//223
f 274//2 86//2 3563//2
f 86//2 3560//2 3563//2
f 3146//262 3120//262 2755//262
f 3867//224 1173//224 3868//224
f 3149//262 3147//262 2755//262
f 86//2 273//2 3565//2
f 3150//262 3149//262 2755//262
f 3152//262 3150//262 2755//262
f 2656//153 3249//153 3250//153
f 4031//2 86//2 3565//2
f 4034//2 86//2 4031//2
f 3249//154 2656//154 2655//154
f 3249//154 2655//154 3251//154
f 3153//262 3152//262 2755//262
f 3154//262 3153//262 2755//262
f 3147//262 3146//262 2755//262
f 3257//116 3251//116 2799//116
f 2655//116 2799//116 3251//116
f 2463//225 3891//225 2458//225
f 846//228 999//228 3229//228
f 4022//2 86//2 3569//2
f 4034//2 3569//2 86//2
f 86//2 4022//2 3543//2
f 3546//2 3548//2 86//2
f 3544//2 3546//2 86//2
f 3543//2 3544//2 86//2
f 3891//226 2463//226 2466//226
f 1234//198 1247//198 1235//198
f 3229//229 3777//229 846//229
f 4036//2 87//2 4035//2
f 1247//162 1246//162 1235//162
f 3079//13 3897//13 2466//13
f 3532//262 3103//262 3088//262
f 3398//262 1371//262 3401//262
f 3398//262 2849//262 1371//262
f 2845//262 1371//262 2847//262
f 2845//262 2846//262 1371//262
f 3394//262 1371//262 2846//262
f 3394//262 2842//262 1371//262
f 2840//262 3390//262 1371//262
f 3094//262 3088//262 3103//262
f 3077//262 2755//262 3081//262
f 3076//262 3072//262 2755//262
f 3072//262 3108//262 2755//262
f 2755//262 3105//262 3104//262
f 3104//262 3102//262 2755//262
f 3098//262 3154//262 2755//262
f 2187//74 3628//74 1853//74
f 3904//14 3897//14 3074//14
f 3627//76 1852//76 3628//76
f 1853//76 3628//76 1852//76
f 573//132 3904//132 3074//132
f 3627//3 3630//3 1852//3
f 1852//3 3630//3 1857//3
f 3781//213 3748//213 1077//213
f 3669//2 87//2 4036//2
f 4035//2 87//2 3556//2
f 3450//207 104//207 3451//207
f 1078//230 3748//230 1079//230
f 4037//2 87//2 3669//2
f 3630//8 1795//8 1857//8
f 3749//232 859//232 1079//232
f 1874//80 1869//80 3619//80
f 3672//2 87//2 4038//2
f 4039//2 87//2 3672//2
f 3673//2 87//2 4039//2
f 4038//2 87//2 4037//2
f 3554//2 3556//2 87//2
f 4040//2 87//2 3673//2
f 3631//233 1897//233 3632//233
f 1896//233 3632//233 1897//233
f 860//219 3208//219 830//219
f 4041//2 87//2 4040//2
f 1897//36 3631//36 1864//36
f 830//209 3208//209 3205//209
f 830//209 3205//209 829//209
f 3635//37 1863//37 1864//37
f 829//201 3205//201 832//201
f 1863//33 3635//33 3636//33
f 1863//33 3636//33 1868//33
f 3997//103 2485//103 2491//103
f 2819//262 2818//262 1371//262
f 3702//262 4042//262 2768//262
f 4042//262 3696//262 2768//262
f 2818//262 2768//262 3693//262
f 3694//262 3691//262 2818//262
f 3691//262 3689//262 1371//262
f 3888//262 1303//262 3682//262
f 3875//262 1313//262 3888//262
f 683//262 677//262 3806//262
f 3583//262 683//262 3806//262
f 4013//262 4010//262 3583//262
f 4009//262 3583//262 4010//262
f 4006//262 3583//262 4009//262
f 4007//262 3583//262 4006//262
f 3674//262 3583//262 4007//262
f 3806//262 4013//262 3583//262
f 677//262 676//262 3806//262
f 3876//262 3806//262 1260//262
f 1868//34 3636//34 1867//34
f 3079//14 3074//14 3897//14
f 835//222 3097//222 839//222
f 620//262 2283//262 391//262
f 392//262 2283//262 394//262
f 615//262 2283//262 618//262
f 589//262 586//262 2283//262
f 1870//78 3639//78 1869//78
f 839//253 3097//253 811//253
f 918//262 2758//262 1162//262
f 885//262 881//262 2758//262
f 2758//262 873//262 866//262
f 862//262 2758//262 865//262
f 866//262 865//262 2758//262
f 2283//262 2758//262 857//262
f 855//262 2283//262 857//262
f 850//262 2283//262 855//262
f 843//262 2283//262 844//262
f 366//262 363//262 2283//262
f 3639//80 3619//80 1869//80
f 4109//260 2283//260 4110//260
f 4110//260 2283//260 2//260
f 990//223 3766//223 992//223
f 2283//260 4109//260 2753//260
f 4111//260 2753//260 4109//260
f 114//209 3462//209 3437//209
f 3643//41 1875//41 1876//41
f 992//224 3766//224 1025//224
f 3979//260 4112//260 4110//260
f 1875//42 3643//42 3644//42
f 132//260 4113//260 1904//260
f 145//260 4113//260 132//260
f 2475//88 3931//88 2470//88
f 4114//260 4115//260 3369//260
f 4114//260 3369//260 3347//260
f 2477//90 3931//90 2475//90
f 998//227 3231//227 999//227
f 3911//2 87//2 4041//2
f 3231//228 3229//228 999//228
f 3910//2 87//2 3911//2
f 847//205 3777//205 1077//205
f 2976//2 1994//2 4088//2
f 3882//236 3812//236 2449//236
f 3882//11 2449//11 3881//11
f 2451//11 3881//11 2449//11
f 2181//261 4116//261 3993//261
f 3881//12 2451//12 3890//12
f 2458//12 3890//12 2451//12
f 4117//261 3986//261 3987//261
f 3891//225 3890//225 2458//225
f 4118//2 4119//2 3987//2
f 4118//2 3987//2 3993//2
f 2466//226 3894//226 3891//226
f 4000//260 4119//260 251//260
f 4118//260 251//260 4119//260
f 2466//13 3897//13 3894//13
f 1917//45 2048//45 3657//45
f 4116//1 4113//1 4118//1
f 4116//1 4118//1 3993//1
f 4113//1 145//1 4118//1
f 251//1 4118//1 145//1
f 4116//2 2181//2 1904//2
f 4116//2 1904//2 4113//2
f 4115//262 4117//262 4119//262
f 3987//262 4119//262 4117//262
f 4119//262 4000//262 3369//262
f 4119//262 3369//262 4115//262
f 3093//75 574//75 573//75
f 4114//2 3986//2 4117//2
f 4114//2 4117//2 4115//2
f 3091//15 574//15 3093//15
f 789//261 377//261 4120//261
f 2203//261 4120//261 377//261
f 3602//16 3912//16 3091//16
f 4121//261 4122//261 3443//261
f 4121//261 3443//261 87//261
f 3912//231 3602//231 3085//231
f 4110//2 4123//2 4124//2
f 4110//2 4124//2 4109//2
f 3914//66 3085//66 2468//66
f 4124//261 4123//261 1103//261
f 339//261 1103//261 4123//261
f 3914//68 2468//68 2446//68
f 4125//1 4111//1 4109//1
f 4125//1 4109//1 4124//1
f 4120//1 4124//1 1103//1
f 4120//1 1103//1 789//1
f 3916//69 3915//69 2445//69
f 3416//154 45//154 3415//154
f 2316//261 4125//261 4124//261
f 2316//261 4124//261 2751//261
f 2470//70 3916//70 2445//70
f 3666//55 1914//55 1912//55
f 4125//2 2316//2 2753//2
f 4125//2 2753//2 4111//2
f 48//116 45//116 3382//116
f 4120//2 2203//2 2751//2
f 4120//2 2751//2 4124//2
f 3666//38 3668//38 1914//38
f 1919//38 1914//38 3668//38
f 4112//262 4126//262 4123//262
f 4112//262 4123//262 4110//262
f 87//262 339//262 4123//262
f 87//262 4123//262 4121//262
f 48//156 3382//156 3383//156
f 3667//39 1919//39 3668//39
f 4126//261 4127//261 4128//261
f 4126//261 4128//261 4123//261
f 3979//2 4127//2 4126//2
f 3979//2 4126//2 4112//2
f 4123//2 4128//2 4122//2
f 4123//2 4122//2 4121//2
f 3886//225 900//225 901//225
f 50//142 3386//142 53//142
f 3887//226 906//226 3886//226
f 3387//158 54//158 3386//158
f 1327//262 3443//262 4129//262
f 3644//42 1879//42 1875//42
f 1879//48 3644//48 1880//48
f 573//132 575//132 3904//132
f 4088//2 664//2 2976//2
f 1880//50 3654//50 1883//50
f 2220//2 2976//2 664//2
f 282//2 4088//2 1994//2
f 3091//15 3907//15 574//15
f 3907//16 3091//16 3912//16
f 526//193 3391//193 56//193
f 1883//113 3654//113 1885//113
f 3085//231 3913//231 3912//231
f 1885//53 3648//53 1887//53
f 3913//66 3085//66 3914//66
f 1994//2 283//2 282//2
f 704//2 2220//2 664//2
f 659//2 11//2 705//2
f 13//2 705//2 11//2
f 18//2 706//2 16//2
f 708//2 16//2 706//2
f 56//194 3344//194 57//194
f 3338//194 57//194 3344//194
f 3895//15 927//15 3896//15
f 2446//68 3915//68 3914//68
f 3653//56 1891//56 3648//56
f 1887//56 3648//56 1891//56
f 2446//69 2445//69 3915//69
f 259//181 57//181 260//181
f 3895//16 930//16 927//16
f 2470//70 3919//70 3916//70
f 3653//57 1890//57 1891//57
f 4130//262 4131//262 3443//262
f 4132//262 3443//262 4133//262
f 4134//262 4129//262 3443//262
f 4135//262 4133//262 3443//262
f 2470//88 3931//88 3919//88
f 2477//90 3928//90 3931//90
f 2478//92 3927//92 3928//92
f 2478//92 3928//92 2477//92
f 3927//94 2478//94 3921//94
f 2481//94 3921//94 2478//94
f 3658//46 1905//46 3657//46
f 1917//46 3657//46 1905//46
f 1924//133 4108//133 1926//133
f 4136//133 1926//133 4108//133
f 2482//96 3920//96 3921//96
f 2482//96 3921//96 2481//96
f 2483//98 3923//98 2482//98
f 3920//98 2482//98 3923//98
f 4137//262 4135//262 3443//262
f 1905//47 3658//47 1903//47
f 4138//134 1930//134 1926//134
f 4138//134 1926//134 4136//134
f 3923//101 2483//101 3922//101
f 2485//101 3922//101 2483//101
f 4139//262 4137//262 3443//262
f 3906//69 461//69 460//69
f 2485//103 3997//103 3922//103
f 1903//49 3661//49 1906//49
f 1930//135 4138//135 1929//135
f 4140//135 1929//135 4138//135
f 3997//105 2492//105 3962//105
f 1906//51 3661//51 1910//51
f 4131//262 4139//262 3443//262
f 70//167 71//167 3407//167
f 4141//136 1937//136 1929//136
f 4141//136 1929//136 4140//136
f 4142//262 4130//262 3443//262
f 1937//195 4141//195 1932//195
f 4143//195 1932//195 4141//195
f 3408//168 72//168 3407//168
f 4144//262 1291//262 4122//262
f 4142//262 3443//262 1291//262
f 4145//137 1933//137 1932//137
f 4145//137 1932//137 4143//137
f 1919//39 3667//39 1920//39
f 3865//180 875//180 874//180
f 1933//138 4145//138 1936//138
f 4146//138 1936//138 4145//138
f 1920//40 3667//40 1876//40
f 47//153 3417//153 3415//153
f 877//242 875//242 3865//242
f 4146//139 4147//139 1936//139
f 1939//139 1936//139 4147//139
f 3873//243 880//243 877//243
f 4148//196 1944//196 4147//196
f 3879//244 883//244 880//244
f 3879//244 880//244 3873//244
f 51//262 1308//262 3443//262
f 1305//262 3443//262 1308//262
f 1944//196 1939//196 4147//196
f 52//262 51//262 3443//262
f 883//236 3879//236 886//236
f 3878//236 886//236 3879//236
f 3614//72 1925//72 1844//72
f 3671//72 3614//72 1844//72
f 174//262 52//262 3443//262
f 47//154 3415//154 45//154
f 1944//197 4148//197 1943//197
f 4149//197 1943//197 4148//197
f 3878//11 3880//11 886//11
f 1925//79 3614//79 1928//79
f 3615//79 1928//79 3614//79
f 179//262 178//262 3443//262
f 178//262 174//262 3443//262
f 4149//140 4150//140 1943//140
f 1948//140 1943//140 4150//140
f 3416//116 3382//116 45//116
f 1927//81 1928//81 3615//81
f 340//262 3443//262 1327//262
f 4132//262 4134//262 3443//262
f 340//262 179//262 3443//262
f 4151//141 1955//141 1948//141
f 4151//141 1948//141 4150//141
f 3383//156 49//156 48//156
f 1955//170 4151//170 1954//170
f 4152//170 1954//170 4151//170
f 49//235 3383//235 50//235
f 66//262 3359//262 65//262
f 2559//108 3999//108 2560//108
f 4153//171 2010//171 1954//171
f 4153//171 1954//171 4152//171
f 3999//110 2559//110 2498//110
f 900//226 3886//226 906//226
f 2010//172 4153//172 1953//172
f 4154//172 1953//172 4153//172
f 3889//13 908//13 906//13
f 3889//13 906//13 3887//13
f 53//158 3386//158 54//158
f 4155//155 1952//155 1953//155
f 4155//155 1953//155 4154//155
f 398//262 3359//262 368//262
f 914//14 908//14 3889//14
f 4013//122 1940//122 1941//122
f 368//262 3359//262 370//262
f 55//160 54//160 3388//160
f 3387//160 3388//160 54//160
f 1952//173 4155//173 1985//173
f 4156//173 1985//173 4155//173
f 1950//123 1940//123 4013//123
f 370//262 3359//262 371//262
f 371//262 3359//262 1362//262
f 55//192 3388//192 526//192
f 3896//75 924//75 917//75
f 3976//120 2524//120 2532//120
f 927//15 924//15 3896//15
f 2531//121 3975//121 2532//121
f 2007//125 4157//125 4158//125
f 440//262 3359//262 441//262
f 441//262 3359//262 451//262
f 3903//66 466//66 467//66
f 460//68 466//68 3903//68
f 3338//181 260//181 57//181
f 451//262 3359//262 450//262
f 84//198 3395//198 277//198
f 3396//198 277//198 3395//198
f 456//262 3359//262 459//262
f 450//262 3359//262 456//262
f 3909//88 457//88 458//88
f 462//262 3359//262 395//262
f 459//262 3359//262 462//262
f 455//90 457//90 3909//90
f 3396//162 278//162 277//162
f 395//262 3359//262 396//262
f 2549//177 2417//177 3223//177
f 278//144 3399//144 279//144
f 3223//128 2417//128 2564//128
f 3937//169 1058//169 956//169
f 3937//169 956//169 3938//169
f 1058//119 3937//119 1060//119
f 3917//119 1060//119 3937//119
f 3918//120 974//120 1060//120
f 3918//120 1060//120 3917//120
f 3997//105 2491//105 2492//105
f 280//146 279//146 3402//146
f 3400//146 3402//146 279//146
f 3948//121 974//121 3918//121
f 3404//251 71//251 3402//251
f 280//251 3402//251 71//251
f 3404//167 3407//167 71//167
f 3924//96 443//96 442//96
f 2502//143 3963//143 2499//143
f 2503//117 3963//117 2502//117
f 3929//98 511//98 443//98
f 3929//98 443//98 3924//98
f 70//168 3407//168 72//168
f 3929//101 3930//101 511//101
f 3132//262 3131//262 970//262
f 3155//262 3132//262 970//262
f 505//103 3930//103 504//103
f 74//151 72//151 3417//151
f 3408//151 3417//151 72//151
f 3959//105 498//105 504//105
f 3959//105 504//105 3960//105
f 1985//204 4156//204 4159//204
f 3958//6 499//6 498//6
f 3958//6 498//6 3959//6
f 74//153 3417//153 47//153
f 481//262 971//262 3131//262
f 971//262 970//262 3131//262
f 937//108 499//108 3958//108
f 3131//262 3130//262 481//262
f 3932//110 948//110 937//110
f 4160//175 1991//175 4161//175
f 3433//216 3395//216 85//216
f 948//112 3932//112 509//112
f 3933//112 509//112 3932//112
f 3130//262 2938//262 481//262
f 3933//143 3934//143 509//143
f 487//262 486//262 2938//262
f 486//262 481//262 2938//262
f 268//208 1991//208 4160//208
f 3976//121 2532//121 3975//121
f 104//199 3450//199 3423//199
f 492//117 3934//117 967//117
f 1538//262 517//262 3359//262
f 517//262 515//262 3359//262
f 3935//240 955//240 967//240
f 2558//114 3975//114 2531//114
f 3443//262 157//262 3359//262
f 436//262 3359//262 440//262
f 1538//262 3359//262 436//262
f 2536//115 3978//115 2558//115
f 3422//215 3425//215 79//215
f 79//200 3425//200 637//200
f 2535//124 3978//124 2536//124
f 4060//255 3232//255 3847//255
f 3429//85 81//85 637//85
f 3432//258 83//258 3429//258
f 81//258 3429//258 83//258
f 2007//165 4162//165 4157//165
f 611//262 612//262 4122//262
f 611//262 4122//262 535//262
f 539//262 535//262 4122//262
f 619//262 539//262 4122//262
f 83//259 3432//259 3431//259
f 3988//249 3984//249 2543//249
f 3765//250 990//250 3853//250
f 2003//165 4162//165 2007//165
f 3948//121 975//121 974//121
f 3988//157 2543//157 2542//157
f 2007//125 4158//125 1978//125
f 975//114 3948//114 962//114
f 625//262 624//262 4122//262
f 3949//115 3950//115 962//115
f 3222//176 3995//176 2549//176
f 4163//163 1970//163 4158//163
f 1978//163 4158//163 1970//163
f 3954//247 1094//247 46//247
f 1970//164 4163//164 4164//164
f 1970//164 4164//164 1969//164
f 3954//248 3953//248 1094//248
f 1092//248 1094//248 3953//248
f 2560//6 3961//6 2492//6
f 3962//6 2492//6 3961//6
f 3952//249 4091//249 3953//249
f 4165//145 1972//145 4164//145
f 1969//145 4164//145 1972//145
f 628//262 4122//262 1643//262
f 114//201 3437//201 3435//201
f 3961//108 2560//108 3999//108
f 1972//147 4165//147 4166//147
f 1972//147 4166//147 1974//147
f 642//262 1643//262 4122//262
f 1085//177 1084//177 3943//177
f 88//203 3435//203 3436//203
f 3998//110 3999//110 2498//110
f 4122//262 641//262 642//262
f 1974//148 4166//148 1976//148
f 4167//148 1976//148 4166//148
f 1085//128 3943//128 1083//128
f 3998//112 2498//112 3967//112
f 2499//112 3967//112 2498//112
f 3439//222 89//222 3436//222
f 1083//179 3944//179 4030//179
f 644//262 4122//262 647//262
f 1980//149 1976//149 4168//149
f 4167//149 4168//149 1976//149
f 2499//143 3963//143 3967//143
f 4060//255 3847//255 4087//255
f 3439//253 669//253 89//253
f 652//262 4122//262 655//262
f 649//262 4122//262 652//262
f 4169//150 1979//150 4168//150
f 1980//150 4168//150 1979//150
f 4087//220 3847//220 3846//220
f 4087//220 3846//220 4086//220
f 2503//117 3964//117 3963//117
f 3969//54 1016//54 3846//54
f 4086//54 3846//54 1016//54
f 2503//240 2514//240 3964//240
f 3971//240 3964//240 2514//240
f 1979//59 4169//59 4078//59
f 655//262 4127//262 657//262
f 3969//221 3968//221 1016//221
f 2514//166 2515//166 3971//166
f 3973//166 3971//166 2515//166
f 3972//169 3973//169 2515//169
f 4159//204 1984//204 1985//204
f 657//262 4127//262 671//262
f 1984//174 4159//174 2004//174
f 4161//174 2004//174 4159//174
f 671//262 4127//262 675//262
f 97//212 96//212 3452//212
f 2517//169 3972//169 2515//169
f 681//262 4127//262 684//262
f 675//262 4127//262 681//262
f 1991//175 2004//175 4161//175
f 2517//119 2524//119 3972//119
f 3985//119 3972//119 2524//119
f 687//262 4127//262 698//262
f 684//262 4127//262 687//262
f 97//206 3452//206 3451//206
f 1092//249 3953//249 4091//249
f 4091//157 3952//157 1088//157
f 3985//120 2524//120 3976//120
f 268//208 270//208 1991//208
f 701//262 4127//262 887//262
f 698//262 4127//262 701//262
f 3956//177 3943//177 1084//177
f 1993//18 270//18 269//18
f 2558//114 3977//114 3975//114
f 4170//189 1997//189 269//189
f 1993//189 269//189 1997//189
f 78//199 104//199 3423//199
f 2558//115 3978//115 3977//115
f 4171//159 1999//159 4170//159
f 1997//159 4170//159 1999//159
f 887//262 4127//262 891//262
f 3422//214 77//214 3423//214
f 78//214 3423//214 77//214
f 2535//124 3980//124 3978//124
f 2003//161 1999//161 4162//161
f 4171//161 4162//161 1999//161
f 77//215 3422//215 79//215
f 3982//247 3980//247 2541//247
f 2535//247 2541//247 3980//247
f 895//262 4127//262 899//262
f 891//262 4127//262 895//262
f 637//200 80//200 79//200
f 2540//248 3984//248 2541//248
f 3982//248 2541//248 3984//248
f 2082//262 2032//262 899//262
f 4127//262 2082//262 899//262
f 1728//8 4049//8 1737//8
f 2032//262 2028//262 905//262
f 905//262 899//262 2032//262
f 2540//249 2543//249 3984//249
f 3965//9 1611//9 1737//9
f 3965//9 1737//9 4172//9
f 910//262 905//262 2028//262
f 3988//157 2542//157 3995//157
f 1612//10 1611//10 3965//10
f 83//259 3431//259 82//259
f 2028//262 2027//262 910//262
f 2542//176 2549//176 3995//176
f 85//210 82//210 3433//210
f 3431//210 3433//210 82//210
f 3883//19 1617//19 1615//19
f 916//262 910//262 2027//262
f 2027//262 2022//262 916//262
f 3222//177 2549//177 3223//177
f 84//216 85//216 3395//216
f 2564//128 3225//128 3223//128
f 1620//20 1617//20 3883//20
f 2022//262 2021//262 923//262
f 2021//262 2590//262 928//262
f 1625//179 4012//179 2564//179
f 3225//179 2564//179 4012//179
f 3983//21 1621//21 1620//21
f 936//262 928//262 2590//262
f 2282//194 327//194 3790//194
f 1630//22 1621//22 3983//22
f 3435//201 117//201 114//201
f 2590//262 2589//262 936//262
f 934//262 936//262 2589//262
f 327//181 2282//181 3769//181
f 3991//23 3237//23 1630//23
f 117//203 3435//203 88//203
f 3770//17 3769//17 2280//17
f 2015//237 3237//237 3991//237
f 2287//182 3772//182 3770//182
f 88//222 3436//222 89//222
f 1740//262 997//262 3162//262
f 3996//25 1631//25 2015//25
f 2334//183 3773//183 3772//183
f 2287//183 2334//183 3772//183
f 1744//262 1740//262 3162//262
f 1745//262 1744//262 3162//262
f 669//253 93//253 89//253
f 2334//184 2337//184 3773//184
f 94//99 93//99 670//99
f 3162//262 3157//262 1749//262
f 1631//26 3996//26 1639//26
f 3157//262 3156//262 1749//262
f 95//218 94//218 3444//218
f 670//218 3444//218 94//218
f 1756//262 1749//262 3156//262
f 3226//27 1639//27 3940//27
f 1762//262 1756//262 3156//262
f 4001//29 1637//29 3226//29
f 3445//211 96//211 3444//211
f 95//211 3444//211 96//211
f 3156//262 3155//262 1762//262
f 970//262 1762//262 3155//262
f 1638//30 1637//30 4001//30
f 3445//212 3452//212 96//212
f 2295//156 3784//156 3783//156
f 3451//206 100//206 97//206
f 3784//235 2295//235 2296//235
f 100//207 3451//207 104//207
f 4004//238 1651//238 1650//238
f 4173//262 3162//262 1117//262
f 3786//142 3785//142 2297//142
f 1641//77 1651//77 4004//77
f 981//262 980//262 3162//262
f 980//262 1117//262 3162//262
f 2300//158 3791//158 2297//158
f 3786//158 2297//158 3791//158
f 4008//71 1640//71 1641//71
f 985//262 981//262 3162//262
f 2286//160 3789//160 2300//160
f 3791//160 2300//160 3789//160
f 991//262 987//262 3162//262
f 987//262 985//262 3162//262
f 4014//72 1656//72 1640//72
f 4014//72 1640//72 4008//72
f 116//232 3455//232 3456//232
f 993//262 991//262 3162//262
f 2286//192 2285//192 3789//192
f 3788//192 3789//192 2285//192
f 3788//193 2285//193 3790//193
f 997//262 995//262 3162//262
f 995//262 993//262 3162//262
f 4015//79 1655//79 1656//79
f 1657//81 1655//81 4015//81
f 3821//198 2794//198 3793//198
f 2793//198 3793//198 2794//198
f 2793//162 3792//162 3793//162
f 4019//82 3294//82 1658//82
f 4174//83 3295//83 3294//83
f 4174//83 3294//83 4019//83
f 4018//146 2314//146 3981//146
f 3295//84 4174//84 1667//84
f 4021//84 1667//84 4174//84
f 2073//262 2068//262 941//262
f 1666//122 1667//122 4021//122
f 1047//262 1044//262 2044//262
f 1053//262 1051//262 2044//262
f 1050//262 1047//262 2044//262
f 4023//123 3296//123 1666//123
f 1054//262 4173//262 1846//262
f 1052//262 1053//262 2044//262
f 4023//86 4092//86 3296//86
f 1882//86 3296//86 4092//86
f 2325//151 2291//151 3797//151
f 116//230 3484//230 3455//230
f 1075//262 1845//262 4173//262
f 1074//262 1075//262 4173//262
f 1768//5 4045//5 1769//5
f 3779//153 2292//153 3778//153
f 878//262 1032//262 4173//262
f 1032//262 1074//262 4173//262
f 1769//7 4045//7 1803//7
f 2293//154 3780//154 2292//154
f 3778//154 2292//154 3780//154
f 3780//116 2293//116 3783//116
f 879//262 4173//262 1117//262
f 878//262 4173//262 879//262
f 1720//76 4048//76 1721//76
f 2296//235 3785//235 3784//235
f 4048//3 4049//3 1721//3
f 2296//142 2297//142 3785//142
f 2567//262 4127//262 2568//262
f 4049//8 4172//8 1737//8
f 2568//262 4127//262 2569//262
f 2574//262 4175//262 2577//262
f 2577//262 4175//262 2578//262
f 1459//233 4053//233 1792//233
f 2578//262 4175//262 2585//262
f 1792//36 4053//36 1765//36
f 1765//37 4032//37 1750//37
f 1750//33 4032//33 1751//33
f 1719//262 945//262 2054//262
f 1751//34 4055//34 1754//34
f 1962//262 2054//262 945//262
f 1754//35 4055//35 2016//35
f 2063//262 1963//262 945//262
f 1963//262 1962//262 945//262
f 2016//78 4050//78 1759//78
f 2068//262 2063//262 945//262
f 1759//80 4050//80 1760//80
f 2088//262 4127//262 2096//262
f 928//262 923//262 2021//262
f 945//262 941//262 2068//262
f 1073//179 1072//179 3580//179
f 1501//39 4059//39 1495//39
f 1495//40 4059//40 1496//40
f 235//54 3495//54 3496//54
f 1054//262 1052//262 2044//262
f 4173//262 1054//262 2044//262
f 235//221 3496//221 3501//221
f 1044//262 960//262 2044//262
f 952//262 953//262 2044//262
f 960//262 952//262 2044//262
f 2054//262 2044//262 1719//262
f 953//262 1719//262 2044//262
f 2082//262 4127//262 2088//262
f 2096//262 4127//262 2099//262
f 2099//262 4127//262 2105//262
f 2105//262 4127//262 2108//262
f 2108//262 4127//262 2000//262
f 2000//262 4127//262 2001//262
f 2001//262 4127//262 2567//262
f 116//232 3456//232 109//232
f 3463//234 110//234 3456//234
f 109//234 3456//234 110//234
f 2194//262 4173//262 2196//262
f 110//219 3463//219 3462//219
f 110//219 3462//219 111//219
f 2201//262 4173//262 2200//262
f 111//209 3462//209 114//209
f 2202//262 2200//262 4173//262
f 2204//262 2202//262 4173//262
f 2205//262 2204//262 4173//262
f 2210//262 4173//262 2663//262
f 2670//262 2667//262 4173//262
f 2667//262 2663//262 4173//262
f 2219//262 2670//262 4173//262
f 2225//262 2218//262 4173//262
f 2218//262 2219//262 4173//262
f 3475//228 122//228 3474//228
f 2225//262 4173//262 2198//262
f 3475//229 3478//229 122//229
f 2585//262 4175//262 2587//262
f 2587//262 4175//262 2327//262
f 2327//262 4175//262 2386//262
f 2386//262 4175//262 2390//262
f 2390//262 4175//262 2392//262
f 2392//262 4175//262 2677//262
f 2677//262 4175//262 2275//262
f 2275//262 4175//262 2276//262
f 2277//262 4175//262 2278//262
f 2278//262 4175//262 2284//262
f 1073//254 3580//254 3493//254
f 2276//262 4175//262 2277//262
f 2284//262 4175//262 2369//262
f 2369//262 4175//262 2406//262
f 2406//262 4175//262 2407//262
f 2407//262 4175//262 2410//262
f 2430//262 2424//262 4176//262
f 2414//262 4175//262 2415//262
f 230//220 3492//220 3495//220
f 2410//262 4175//262 2411//262
f 2411//262 4175//262 2414//262
f 2415//262 4176//262 2304//262
f 2305//262 2304//262 4176//262
f 2418//262 2305//262 4176//262
f 2420//262 2418//262 4176//262
f 2424//262 2420//262 4176//262
f 2430//262 4176//262 2501//262
f 2501//262 4176//262 2500//262
f 2500//262 4176//262 2506//262
f 2522//262 4176//262 2527//262
f 2527//262 4176//262 2529//262
f 3606//224 3605//224 130//224
f 2529//262 4176//262 2776//262
f 3604//217 118//217 3605//217
f 119//217 3605//217 118//217
f 2780//262 2776//262 4176//262
f 2548//262 2780//262 4176//262
f 2547//262 2548//262 4176//262
f 120//202 118//202 3603//202
f 3604//202 3603//202 118//202
f 2553//262 2547//262 4176//262
f 2791//262 2553//262 4176//262
f 121//227 120//227 3474//227
f 3603//227 3474//227 120//227
f 2796//262 4176//262 1128//262
f 121//228 3474//228 122//228
f 2796//262 2795//262 4176//262
f 2795//262 2791//262 4176//262
f 4176//262 2522//262 2520//262
f 4176//262 2520//262 2512//262
f 2506//262 4176//262 2512//262
f 3478//229 123//229 122//229
f 124//205 123//205 3479//205
f 3478//205 3479//205 123//205
f 2045//262 4173//262 2044//262
f 1009//262 1050//262 2044//262
f 4173//262 2045//262 2602//262
f 2602//262 2196//262 4173//262
f 2194//262 2190//262 4173//262
f 2191//262 4173//262 2190//262
f 2191//262 2205//262 4173//262
f 2201//262 2198//262 4173//262
f 1845//262 1846//262 4173//262
f 941//262 934//262 2073//262
f 2589//262 2073//262 934//262
f 1051//262 1009//262 2044//262
f 923//262 916//262 2022//262
f 3484//213 125//213 3479//213
f 124//213 3479//213 125//213
f 2573//262 4175//262 2574//262
f 2573//262 2570//262 4175//262
f 2570//262 2569//262 4175//262
f 4176//262 2415//262 4175//262
f 3484//230 116//230 125//230
f 3046//262 3359//262 3552//262
f 3558//262 3359//262 2884//262
f 3555//262 3359//262 3558//262
f 2883//262 3359//262 2886//262
f 2884//262 3359//262 2883//262
f 3493//254 225//254 1073//254
f 2929//262 3359//262 2930//262
f 2886//262 3359//262 2929//262
f 230//255 225//255 3492//255
f 3493//255 3492//255 225//255
f 2930//262 3359//262 3594//262
f 230//220 3495//220 233//220
f 2843//262 3359//262 2844//262
f 233//54 3495//54 235//54
f 2844//262 3359//262 2934//262
f 2851//262 2876//262 3359//262
f 2876//262 2934//262 3359//262
f 2850//262 2851//262 3359//262
f 235//221 3501//221 242//221
f 2878//262 3359//262 2879//262
f 2850//262 3359//262 2878//262
f 2879//262 3359//262 2938//262
f 243//256 242//256 3500//256
f 3501//256 3500//256 242//256
f 3502//250 128//250 3500//250
f 243//250 3500//250 128//250
f 130//223 128//223 3606//223
f 3502//223 3606//223 128//223
f 3042//262 3043//262 3359//262
f 3041//262 3038//262 3359//262
f 119//224 130//224 3605//224
f 3046//262 3042//262 3359//262
f 43//236 33//236 3775//236
f 3721//236 43//236 3775//236
f 3055//262 3052//262 3347//262
f 3347//262 3059//262 3055//262
f 3720//11 131//11 43//11
f 3720//11 43//11 3721//11
f 3060//262 3057//262 3347//262
f 3059//262 3347//262 3057//262
f 131//12 3720//12 133//12
f 3718//12 133//12 3720//12
f 3062//262 3061//262 3347//262
f 3061//262 3060//262 3347//262
f 3062//262 3347//262 3066//262
f 133//225 3718//225 134//225
f 3716//225 134//225 3718//225
f 3716//226 141//226 134//226
f 3112//262 3111//262 3347//262
f 3659//262 3112//262 3347//262
f 2996//262 3659//262 3347//262
f 3715//226 141//226 3716//226
f 2999//262 2997//262 3347//262
f 2997//262 2996//262 3347//262
f 3051//262 3117//262 3347//262
f 3052//262 3051//262 3347//262
f 4114//262 3006//262 3122//262
f 3006//262 4114//262 3007//262
f 4114//262 3347//262 3007//262
f 3014//262 3676//262 3347//262
f 3676//262 3008//262 3347//262
f 3013//262 3014//262 3347//262
f 3111//262 3126//262 3347//262
f 3126//262 3017//262 3347//262
f 3017//262 3013//262 3347//262
f 3359//262 515//262 2938//262
f 515//262 516//262 2938//262
f 516//262 1599//262 2938//262
f 1599//262 510//262 2938//262
f 510//262 506//262 2938//262
f 167//70 155//70 3534//70
f 3188//262 3184//262 4173//262
f 3181//262 4173//262 3184//262
f 3193//262 3190//262 4173//262
f 3190//262 3188//262 4173//262
f 3193//262 4173//262 3196//262
f 4173//262 3206//262 3196//262
f 3211//262 3206//262 4173//262
f 3217//262 3213//262 4173//262
f 3989//262 3983//262 3254//262
f 3254//262 3217//262 3989//262
f 3258//262 3254//262 3983//262
f 3883//262 3970//262 3263//262
f 3263//262 3260//262 3883//262
f 3970//262 3966//262 3263//262
f 3268//262 3264//262 3966//262
f 3264//262 3263//262 3966//262
f 3966//262 3965//262 3268//262
f 3274//262 3268//262 3965//262
f 3965//262 4172//262 3274//262
f 3763//13 141//13 3715//13
f 4049//262 4048//262 3413//262
f 3418//262 3413//262 4028//262
f 3420//262 3418//262 4028//262
f 4028//262 4047//262 3420//262
f 3459//262 4114//262 3458//262
f 3464//262 3458//262 4114//262
f 3468//262 4114//262 3471//262
f 3471//262 4114//262 3480//262
f 4114//262 3122//262 3121//262
f 3505//262 3380//262 4114//262
f 3379//262 4114//262 3380//262
f 3509//262 3508//262 4114//262
f 3508//262 3505//262 4114//262
f 3509//262 4114//262 3514//262
f 4046//262 4045//262 3424//262
f 3533//70 3534//70 155//70
f 3428//262 3424//262 4045//262
f 167//88 3534//88 949//88
f 4033//262 4032//262 3442//262
f 3523//262 3520//262 4032//262
f 3446//262 3442//262 4032//262
f 168//90 949//90 3537//90
f 3549//262 3531//262 4114//262
f 3531//262 3530//262 4114//262
f 3497//262 3489//262 4114//262
f 3489//262 3488//262 4114//262
f 3549//262 4114//262 3488//262
f 3498//262 3497//262 4114//262
f 3538//92 169//92 3537//92
f 168//92 3537//92 169//92
f 3539//94 160//94 169//94
f 3539//94 169//94 3538//94
f 4050//262 4056//262 3807//262
f 3807//262 3805//262 4050//262
f 160//96 3539//96 965//96
f 3805//262 3434//262 4050//262
f 162//98 965//98 3540//98
f 4044//262 4043//262 3434//262
f 3424//262 3421//262 4046//262
f 3430//262 3428//262 4044//262
f 162//101 3540//101 163//101
f 3541//101 163//101 3540//101
f 3992//262 3991//262 4173//262
f 3991//262 3989//262 4173//262
f 4173//262 3940//262 3996//262
f 3992//262 4173//262 3996//262
f 3941//262 3940//262 4173//262
f 3585//103 164//103 3541//103
f 163//103 3541//103 164//103
f 164//105 3585//105 92//105
f 4003//262 4002//262 4173//262
f 4001//262 4173//262 4002//262
f 3945//262 4003//262 4173//262
f 421//262 417//262 3945//262
f 4173//262 421//262 3945//262
f 417//262 414//262 3945//262
f 4004//262 3945//262 416//262
f 416//262 412//262 4004//262
f 412//262 449//262 4005//262
f 449//262 445//262 4008//262
f 4014//262 4008//262 445//262
f 3520//262 3518//262 4032//262
f 3448//262 3446//262 4032//262
f 1041//166 206//166 1033//166
f 3440//262 3441//262 4033//262
f 3441//262 3807//262 4056//262
f 4056//262 4055//262 3441//262
f 4053//262 4052//262 4114//262
f 4051//262 4114//262 4052//262
f 4054//262 4053//262 4114//262
f 4114//262 3530//262 4032//262
f 4032//262 4054//262 4114//262
f 3530//262 3529//262 4032//262
f 3529//262 3527//262 4032//262
f 3527//262 3526//262 4032//262
f 4057//262 4114//262 4058//262
f 4059//262 4058//262 4114//262
f 4062//262 4061//262 4114//262
f 4061//262 4059//262 4114//262
f 4064//262 4063//262 4114//262
f 4063//262 4062//262 4114//262
f 4066//262 4065//262 4114//262
f 4065//262 4064//262 4114//262
f 4066//262 4114//262 4067//262
f 1013//249 4029//249 3577//249
f 4114//262 4051//262 4068//262
f 4068//262 4067//262 4114//262
f 1011//157 1013//157 3577//157
f 4075//262 4074//262 4114//262
f 4073//262 4177//262 4074//262
f 4077//262 4076//262 4114//262
f 4076//262 4075//262 4114//262
f 4057//262 4077//262 4114//262
f 248//110 969//110 3545//110
f 248//112 3545//112 973//112
f 4078//262 4177//262 4079//262
f 4080//262 4079//262 4177//262
f 4080//262 4177//262 4081//262
f 4081//262 4177//262 4082//262
f 3547//143 207//143 973//143
f 3547//117 3566//117 207//117
f 202//117 207//117 3566//117
f 3566//240 1033//240 202//240
f 203//240 202//240 1033//240
f 424//262 496//262 4020//262
f 4020//262 4021//262 424//262
f 496//262 488//262 4023//262
f 4023//262 4020//262 496//262
f 483//262 475//262 4023//262
f 488//262 483//262 4023//262
f 210//169 206//169 1042//169
f 475//262 471//262 4023//262
f 3570//119 211//119 1042//119
f 210//119 1042//119 211//119
f 471//262 470//262 4023//262
f 4090//262 4089//262 4178//262
f 4101//262 4090//262 4178//262
f 211//120 3570//120 1046//120
f 4102//262 4101//262 4178//262
f 4103//262 4102//262 4178//262
f 4104//262 4103//262 4178//262
f 4105//262 4104//262 4178//262
f 222//114 1048//114 3573//114
f 4107//262 4106//262 4178//262
f 4106//262 4105//262 4178//262
f 3572//115 250//115 3573//115
f 222//115 3573//115 250//115
f 4107//262 4178//262 4108//262
f 4108//262 4178//262 4136//262
f 3572//124 3584//124 250//124
f 314//124 250//124 3584//124
f 4136//262 4178//262 4138//262
f 4138//262 4178//262 4140//262
f 4140//262 4178//262 4141//262
f 4141//262 4178//262 4143//262
f 4143//262 4178//262 4145//262
f 3576//247 313//247 3584//247
f 314//247 3584//247 313//247
f 4145//262 4178//262 4146//262
f 3575//248 4029//248 3576//248
f 313//248 3576//248 4029//248
f 3575//249 3577//249 4029//249
f 4152//262 4178//262 4153//262
f 4153//262 4178//262 4154//262
f 4154//262 4178//262 4155//262
f 3763//13 140//13 141//13
f 4157//262 4177//262 4158//262
f 4158//262 4177//262 4163//262
f 4163//262 4177//262 4164//262
f 140//14 3763//14 904//14
f 4165//262 4164//262 4177//262
f 4166//262 4165//262 4177//262
f 4167//262 4177//262 4168//262
f 4169//262 4168//262 4177//262
f 4177//262 4078//262 4169//262
f 4155//262 4178//262 4156//262
f 3521//75 144//75 909//75
f 4156//262 4178//262 4159//262
f 3521//15 3522//15 144//15
f 146//15 144//15 3522//15
f 4161//262 4159//262 4177//262
f 4161//262 4177//262 4160//262
f 146//16 3522//16 147//16
f 3524//16 147//16 3522//16
f 269//262 268//262 4177//262
f 4160//262 4177//262 268//262
f 4171//262 4170//262 4177//262
f 4170//262 269//262 4177//262
f 148//231 147//231 3525//231
f 3524//231 3525//231 147//231
f 4167//262 4166//262 4177//262
f 4157//262 4162//262 4177//262
f 4171//262 4177//262 4162//262
f 3512//66 149//66 3525//66
f 148//66 3525//66 149//66
f 4151//262 4178//262 4152//262
f 4150//262 4178//262 4151//262
f 4149//262 4178//262 4150//262
f 4148//262 4178//262 4149//262
f 4147//262 4178//262 4148//262
f 4146//262 4178//262 4147//262
f 4177//262 4159//262 4178//262
f 150//68 149//68 3511//68
f 3512//68 3511//68 149//68
f 3434//262 3430//262 4044//262
f 4043//262 4050//262 3434//262
f 4024//262 4044//262 3428//262
f 4055//262 4033//262 3441//262
f 3811//262 3448//262 4032//262
f 3519//262 3811//262 4032//262
f 3518//262 3519//262 4032//262
f 3526//262 3523//262 4032//262
f 3442//262 3440//262 4033//262
f 4045//262 4024//262 3428//262
f 4047//262 4046//262 3421//262
f 3421//262 3420//262 4047//262
f 4048//262 4028//262 3413//262
f 3413//262 3412//262 4049//262
f 3412//262 3274//262 4049//262
f 4172//262 4049//262 3274//262
f 3533//69 155//69 3511//69
f 150//69 3511//69 155//69
f 3115//262 2999//262 3347//262
f 3008//262 3007//262 3347//262
f 3121//262 3480//262 4114//262
f 4114//262 3468//262 3353//262
f 4114//262 3353//262 3352//262
f 3352//262 3464//262 4114//262
f 3459//262 3514//262 4114//262
f 3379//262 3498//262 4114//262
f 4072//262 4177//262 4073//262
f 4070//262 4177//262 4072//262
f 4071//262 4177//262 4070//262
f 4069//262 4177//262 4071//262
f 4114//262 4074//262 4177//262
f 4085//262 4177//262 4069//262
f 4084//262 4177//262 4085//262
f 4083//262 4177//262 4084//262
f 4082//262 4177//262 4083//262
f 4177//262 3986//262 4114//262
f 1049//262 422//262 4173//262
f 4017//262 4016//262 432//262
f 435//262 432//262 4016//262
f 432//262 429//262 4017//262
f 438//262 435//262 4015//262
f 4016//262 4015//262 435//262
f 4173//262 2210//262 1049//262
f 421//262 4173//262 422//262
f 3983//262 3884//262 3258//262
f 4094//262 4093//262 470//262
f 426//262 428//262 4174//262
f 4092//262 4023//262 470//262
f 429//262 426//262 4019//262
f 4174//262 4019//262 426//262
f 4019//262 4017//262 429//262
f 470//262 468//262 4178//262
f 464//262 4178//262 468//262
f 4178//262 4089//262 470//262
f 4089//262 4100//262 470//262
f 4098//262 4097//262 470//262
f 4097//262 4096//262 470//262
f 1128//262 4176//262 1136//262
f 4176//262 4178//262 1136//262
f 1022//262 1136//262 4178//262
f 1020//262 1022//262 4178//262
f 1024//262 1020//262 4178//262
f 1028//262 1148//262 4178//262
f 1038//262 1157//262 4178//262
f 1039//262 1038//262 4178//262
f 1043//262 1039//262 4178//262
f 1045//262 1043//262 4178//262
f 1157//262 1031//262 4178//262
f 1031//262 1029//262 4178//262
f 1148//262 1024//262 4178//262
f 4015//262 4014//262 438//262
f 445//262 438//262 4014//262
f 4008//262 4005//262 449//262
f 4005//262 4004//262 412//262
f 414//262 416//262 3945//262
f 4001//262 3941//262 4173//262
f 428//262 424//262 4021//262
f 4021//262 4174//262 428//262
f 4093//262 4092//262 470//262
f 4095//262 4094//262 470//262
f 4096//262 4095//262 470//262
f 4099//262 4098//262 470//262
f 4100//262 4099//262 470//262
f 464//262 1045//262 4178//262
f 1029//262 1028//262 4178//262
f 3260//262 3258//262 3883//262
f 3884//262 3883//262 3258//262
f 4173//262 3989//262 3217//262
f 3213//262 3211//262 4173//262
f 3179//262 4173//262 3181//262
f 3171//262 4173//262 3174//262
f 3179//262 3174//262 4173//262
f 3168//262 4173//262 3171//262
f 3164//262 4173//262 3168//262
f 1491//262 487//262 2938//262
f 507//262 1491//262 2938//262
f 506//262 507//262 2938//262
f 3164//262 3162//262 4173//262
f 1749//262 1745//262 3162//262
f 157//262 3443//262 1305//262
f 68//262 3359//262 157//262
f 65//262 3359//262 68//262
f 352//262 3359//262 66//262
f 1362//262 3359//262 352//262
f 396//262 3359//262 398//262
f 2843//262 3594//262 3359//262
f 3555//262 3552//262 3359//262
f 3347//262 3359//262 3038//262
f 3036//262 3347//262 3038//262
f 3043//262 3041//262 3359//262
f 2946//262 3347//262 3036//262
f 3030//262 3347//262 2946//262
f 3029//262 3347//262 3030//262
f 3066//262 3347//262 3029//262
f 3117//262 3115//262 3347//262
f 647//262 4122//262 649//262
f 641//262 4122//262 644//262
f 628//262 627//262 4122//262
f 627//262 625//262 4122//262
f 624//262 622//262 4122//262
f 622//262 619//262 4122//262
f 3443//262 4122//262 1291//262
f 612//262 4144//262 4122//262
f 4122//262 4127//262 655//262
f 4175//262 2569//262 4127//262
f 4128//262 4127//262 4122//262
f 3979//262 4175//262 4127//262
f 764//2 4176//2 152//2
f 4175//2 152//2 4176//2
f 1511//2 4177//2 4178//2
f 1511//2 4178//2 764//2
f 764//2 4178//2 4176//2
f 4110//260 2//260 3979//260
f 4175//260 3979//260 152//260
f 1511//261 1310//261 3986//261
f 1511//261 3986//261 4177//261
f 7//25 8//25 4137//25
f 4139//26 9//26 4137//26
f 4135//237 8//237 4133//237
f 7//26 4137//26 9//26
f 4139//27 4131//27 9//27
f 10//27 9//27 4131//27
f 10//29 4131//29 14//29
f 4130//29 14//29 4131//29
f 15//30 14//30 4142//30
f 4130//30 4142//30 14//30
f 15//31 4142//31 1291//31
f 20//32 1291//32 4144//32
f 4144//238 612//238 20//238
f 21//238 20//238 612//238
f 21//77 612//77 22//77
f 3//19 37//19 1327//19
f 3//20 1327//20 1//20
f 4129//20 1//20 1327//20
f 1//21 4129//21 4//21
f 4134//21 4//21 4129//21
f 5//22 4//22 4132//22
f 4134//22 4132//22 4//22
f 4132//23 4133//23 5//23
f 6//23 5//23 4133//23
f 6//237 4133//237 8//237
f 4135//25 4137//25 8//25
# Vertices: 4178, normals: 262, texture coordinates: 0, faces: 8416

